frame_id,filename,recording,elapsed_seconds,video_frame_index_approx,mae
frame_033,ZED-X_SN45626933_٢٠٢٦-٠٩-٢١_١٥-٠١-١١_٢٠٢٦-٠٩-٢١_١٥-١٩-٤٠.png,recording_04,0.00,0,5.268
frame_034,ZED-X_SN45626933_٢٠٢٦-٠٩-٢١_١٥-٠١-١١_٢٠٢٦-٠٩-٢١_١٥-١٩-٤٢.png,recording_04,0.00,0,25.132
frame_035,ZED-X_SN45626933_٢٠٢٦-٠٩-٢١_١٥-٠١-١١_٢٠٢٦-٠٩-٢١_١٥-١٩-٤٣.png,recording_04,0.00,0,37.671
frame_036,ZED-X_SN45626933_٢٠٢٦-٠٩-٢١_١٥-٠١-١١_٢٠٢٦-٠٩-٢١_١٥-١٩-٤٤.png,recording_04,0.00,0,40.155
frame_037,ZED-X_SN45626933_٢٠٢٦-٠٩-٢١_١٥-٠١-١١_٢٠٢٦-٠٩-٢١_١٥-١٩-٤٥.png,recording_04,0.00,0,39.665
frame_038,ZED-X_SN45626933_٢٠٢٦-٠٩-٢١_١٥-٠١-١١_٢٠٢٦-٠٩-٢١_١٥-١٩-٤٨.png,recording_04,0.00,0,35.148
frame_039,ZED-X_SN45626933_٢٠٢٦-٠٩-٢١_١٥-٠١-١١_٢٠٢٦-٠٩-٢١_١٥-١٩-٥١.png,recording_04,0.00,0,43.446
frame_040,ZED-X_SN45626933_٢٠٢٦-٠٩-٢١_١٥-٠١-١١_٢٠٢٦-٠٩-٢١_١٥-١٩-٥٣.png,recording_04,0.00,0,45.593
frame_041,ZED-X_SN45626933_٢٠٢٦-٠٩-٢١_١٥-٠١-١١_٢٠٢٦-٠٩-٢١_١٥-١٩-٥٤.png,recording_04,0.00,0,44.319
frame_042,ZED-X_SN45626933_٢٠٢٦-٠٩-٢١_١٥-٠١-١١_٢٠٢٦-٠٩-٢١_١٥-١٩-٥٥.png,recording_04,0.00,0,42.816
frame_043,ZED-X_SN45626933_٢٠٢٦-٠٩-٢١_١٥-٠١-١١_٢٠٢٦-٠٩-٢١_١٥-١٩-٥٦.png,recording_04,0.00,0,44.449
frame_044,ZED-X_SN45626933_٢٠٢٦-٠٩-٢١_١٥-٠١-١١_٢٠٢٦-٠٩-٢١_١٥-١٩-٥٧.png,recording_04,0.00,0,43.980
frame_045,ZED-X_SN45626933_٢٠٢٦-٠٩-٢١_١٥-٠١-١١_٢٠٢٦-٠٩-٢١_١٥-١٩-٥٨.png,recording_04,0.00,0,39.691
frame_046,ZED-X_SN45626933_٢٠٢٦-٠٩-٢١_١٥-٠١-١١_٢٠٢٦-٠٩-٢١_١٥-١٩-٥٩.png,recording_04,0.00,0,41.677
frame_047,ZED-X_SN45626933_٢٠٢٦-٠٩-٢١_١٥-٠١-١١_٢٠٢٦-٠٩-٢١_١٥-٢٠-٠١.png,recording_04,0.00,0,48.477
frame_048,ZED-X_SN45626933_٢٠٢٦-٠٩-٢١_١٥-٠١-١١_٢٠٢٦-٠٩-٢١_١٥-٢٠-٠٢.png,recording_04,0.00,0,50.952
frame_049,ZED-X_SN45626933_٢٠٢٦-٠٩-٢١_١٥-٠١-١١_٢٠٢٦-٠٩-٢١_١٥-٢٠-٠٤.png,recording_04,0.00,0,53.624
frame_050,ZED-X_SN45626933_٢٠٢٦-٠٩-٢١_١٥-٠١-١١_٢٠٢٦-٠٩-٢١_١٥-٢٠-٠٥.png,recording_04,0.00,0,46.302
frame_051,ZED-X_SN45626933_٢٠٢٦-٠٩-٢١_١٥-٠١-١١_٢٠٢٦-٠٩-٢١_١٥-٢٠-٠٦.png,recording_04,0.00,0,51.203
frame_052,ZED-X_SN45626933_٢٠٢٦-٠٩-٢١_١٥-٠١-١١_٢٠٢٦-٠٩-٢١_١٥-٢٠-٠٧.png,recording_04,0.00,0,47.865
frame_053,ZED-X_SN45626933_٢٠٢٦-٠٩-٢١_١٥-٠١-١١_٢٠٢٦-٠٩-٢١_١٥-٢٠-٠٨.png,recording_04,0.00,0,49.945
frame_054,ZED-X_SN45626933_٢٠٢٦-٠٩-٢١_١٥-٠١-١١_٢٠٢٦-٠٩-٢١_١٥-٢٠-٠٩.png,recording_04,0.00,0,46.047
frame_033,ZED-X_SN45626933_٢٠٢٦-٠٩-٢١_١٥-٠١-١١_٢٠٢٦-٠٩-٢١_١٥-١٩-٤٠.png,recording_04,0.50,30,15.873
frame_034,ZED-X_SN45626933_٢٠٢٦-٠٩-٢١_١٥-٠١-١١_٢٠٢٦-٠٩-٢١_١٥-١٩-٤٢.png,recording_04,0.50,30,22.426
frame_035,ZED-X_SN45626933_٢٠٢٦-٠٩-٢١_١٥-٠١-١١_٢٠٢٦-٠٩-٢١_١٥-١٩-٤٣.png,recording_04,0.50,30,31.661
frame_036,ZED-X_SN45626933_٢٠٢٦-٠٩-٢١_١٥-٠١-١١_٢٠٢٦-٠٩-٢١_١٥-١٩-٤٤.png,recording_04,0.50,30,33.603
frame_037,ZED-X_SN45626933_٢٠٢٦-٠٩-٢١_١٥-٠١-١١_٢٠٢٦-٠٩-٢١_١٥-١٩-٤٥.png,recording_04,0.50,30,33.594
frame_038,ZED-X_SN45626933_٢٠٢٦-٠٩-٢١_١٥-٠١-١١_٢٠٢٦-٠٩-٢١_١٥-١٩-٤٨.png,recording_04,0.50,30,29.159
frame_039,ZED-X_SN45626933_٢٠٢٦-٠٩-٢١_١٥-٠١-١١_٢٠٢٦-٠٩-٢١_١٥-١٩-٥١.png,recording_04,0.50,30,37.830
frame_040,ZED-X_SN45626933_٢٠٢٦-٠٩-٢١_١٥-٠١-١١_٢٠٢٦-٠٩-٢١_١٥-١٩-٥٣.png,recording_04,0.50,30,41.392
frame_041,ZED-X_SN45626933_٢٠٢٦-٠٩-٢١_١٥-٠١-١١_٢٠٢٦-٠٩-٢١_١٥-١٩-٥٤.png,recording_04,0.50,30,45.342
frame_042,ZED-X_SN45626933_٢٠٢٦-٠٩-٢١_١٥-٠١-١١_٢٠٢٦-٠٩-٢١_١٥-١٩-٥٥.png,recording_04,0.50,30,45.624
frame_043,ZED-X_SN45626933_٢٠٢٦-٠٩-٢١_١٥-٠١-١١_٢٠٢٦-٠٩-٢١_١٥-١٩-٥٦.png,recording_04,0.50,30,51.075
frame_044,ZED-X_SN45626933_٢٠٢٦-٠٩-٢١_١٥-٠١-١١_٢٠٢٦-٠٩-٢١_١٥-١٩-٥٧.png,recording_04,0.50,30,49.947
frame_045,ZED-X_SN45626933_٢٠٢٦-٠٩-٢١_١٥-٠١-١١_٢٠٢٦-٠٩-٢١_١٥-١٩-٥٨.png,recording_04,0.50,30,42.400
frame_046,ZED-X_SN45626933_٢٠٢٦-٠٩-٢١_١٥-٠١-١١_٢٠٢٦-٠٩-٢١_١٥-١٩-٥٩.png,recording_04,0.50,30,41.598
frame_047,ZED-X_SN45626933_٢٠٢٦-٠٩-٢١_١٥-٠١-١١_٢٠٢٦-٠٩-٢١_١٥-٢٠-٠١.png,recording_04,0.50,30,52.683
frame_048,ZED-X_SN45626933_٢٠٢٦-٠٩-٢١_١٥-٠١-١١_٢٠٢٦-٠٩-٢١_١٥-٢٠-٠٢.png,recording_04,0.50,30,54.493
frame_049,ZED-X_SN45626933_٢٠٢٦-٠٩-٢١_١٥-٠١-١١_٢٠٢٦-٠٩-٢١_١٥-٢٠-٠٤.png,recording_04,0.50,30,56.966
frame_050,ZED-X_SN45626933_٢٠٢٦-٠٩-٢١_١٥-٠١-١١_٢٠٢٦-٠٩-٢١_١٥-٢٠-٠٥.png,recording_04,0.50,30,48.958
frame_051,ZED-X_SN45626933_٢٠٢٦-٠٩-٢١_١٥-٠١-١١_٢٠٢٦-٠٩-٢١_١٥-٢٠-٠٦.png,recording_04,0.50,30,53.708
frame_052,ZED-X_SN45626933_٢٠٢٦-٠٩-٢١_١٥-٠١-١١_٢٠٢٦-٠٩-٢١_١٥-٢٠-٠٧.png,recording_04,0.50,30,50.074
frame_053,ZED-X_SN45626933_٢٠٢٦-٠٩-٢١_١٥-٠١-١١_٢٠٢٦-٠٩-٢١_١٥-٢٠-٠٨.png,recording_04,0.50,30,53.483
frame_054,ZED-X_SN45626933_٢٠٢٦-٠٩-٢١_١٥-٠١-١١_٢٠٢٦-٠٩-٢١_١٥-٢٠-٠٩.png,recording_04,0.50,30,46.916
frame_033,ZED-X_SN45626933_٢٠٢٦-٠٩-٢١_١٥-٠١-١١_٢٠٢٦-٠٩-٢١_١٥-١٩-٤٠.png,recording_04,1.00,60,21.900
frame_034,ZED-X_SN45626933_٢٠٢٦-٠٩-٢١_١٥-٠١-١١_٢٠٢٦-٠٩-٢١_١٥-١٩-٤٢.png,recording_04,1.00,60,13.500
frame_035,ZED-X_SN45626933_٢٠٢٦-٠٩-٢١_١٥-٠١-١١_٢٠٢٦-٠٩-٢١_١٥-١٩-٤٣.png,recording_04,1.00,60,32.939
frame_036,ZED-X_SN45626933_٢٠٢٦-٠٩-٢١_١٥-٠١-١١_٢٠٢٦-٠٩-٢١_١٥-١٩-٤٤.png,recording_04,1.00,60,32.978
frame_037,ZED-X_SN45626933_٢٠٢٦-٠٩-٢١_١٥-٠١-١١_٢٠٢٦-٠٩-٢١_١٥-١٩-٤٥.png,recording_04,1.00,60,32.492
frame_038,ZED-X_SN45626933_٢٠٢٦-٠٩-٢١_١٥-٠١-١١_٢٠٢٦-٠٩-٢١_١٥-١٩-٤٨.png,recording_04,1.00,60,27.752
frame_039,ZED-X_SN45626933_٢٠٢٦-٠٩-٢١_١٥-٠١-١١_٢٠٢٦-٠٩-٢١_١٥-١٩-٥١.png,recording_04,1.00,60,39.264
frame_040,ZED-X_SN45626933_٢٠٢٦-٠٩-٢١_١٥-٠١-١١_٢٠٢٦-٠٩-٢١_١٥-١٩-٥٣.png,recording_04,1.00,60,38.427
frame_041,ZED-X_SN45626933_٢٠٢٦-٠٩-٢١_١٥-٠١-١١_٢٠٢٦-٠٩-٢١_١٥-١٩-٥٤.png,recording_04,1.00,60,44.082
frame_042,ZED-X_SN45626933_٢٠٢٦-٠٩-٢١_١٥-٠١-١١_٢٠٢٦-٠٩-٢١_١٥-١٩-٥٥.png,recording_04,1.00,60,43.271
frame_043,ZED-X_SN45626933_٢٠٢٦-٠٩-٢١_١٥-٠١-١١_٢٠٢٦-٠٩-٢١_١٥-١٩-٥٦.png,recording_04,1.00,60,49.837
frame_044,ZED-X_SN45626933_٢٠٢٦-٠٩-٢١_١٥-٠١-١١_٢٠٢٦-٠٩-٢١_١٥-١٩-٥٧.png,recording_04,1.00,60,47.556
frame_045,ZED-X_SN45626933_٢٠٢٦-٠٩-٢١_١٥-٠١-١١_٢٠٢٦-٠٩-٢١_١٥-١٩-٥٨.png,recording_04,1.00,60,40.938
frame_046,ZED-X_SN45626933_٢٠٢٦-٠٩-٢١_١٥-٠١-١١_٢٠٢٦-٠٩-٢١_١٥-١٩-٥٩.png,recording_04,1.00,60,37.533
frame_047,ZED-X_SN45626933_٢٠٢٦-٠٩-٢١_١٥-٠١-١١_٢٠٢٦-٠٩-٢١_١٥-٢٠-٠١.png,recording_04,1.00,60,50.255
frame_048,ZED-X_SN45626933_٢٠٢٦-٠٩-٢١_١٥-٠١-١١_٢٠٢٦-٠٩-٢١_١٥-٢٠-٠٢.png,recording_04,1.00,60,51.258
frame_049,ZED-X_SN45626933_٢٠٢٦-٠٩-٢١_١٥-٠١-١١_٢٠٢٦-٠٩-٢١_١٥-٢٠-٠٤.png,recording_04,1.00,60,53.312
frame_050,ZED-X_SN45626933_٢٠٢٦-٠٩-٢١_١٥-٠١-١١_٢٠٢٦-٠٩-٢١_١٥-٢٠-٠٥.png,recording_04,1.00,60,43.715
frame_051,ZED-X_SN45626933_٢٠٢٦-٠٩-٢١_١٥-٠١-١١_٢٠٢٦-٠٩-٢١_١٥-٢٠-٠٦.png,recording_04,1.00,60,49.579
frame_052,ZED-X_SN45626933_٢٠٢٦-٠٩-٢١_١٥-٠١-١١_٢٠٢٦-٠٩-٢١_١٥-٢٠-٠٧.png,recording_04,1.00,60,47.388
frame_053,ZED-X_SN45626933_٢٠٢٦-٠٩-٢١_١٥-٠١-١١_٢٠٢٦-٠٩-٢١_١٥-٢٠-٠٨.png,recording_04,1.00,60,48.291
frame_054,ZED-X_SN45626933_٢٠٢٦-٠٩-٢١_١٥-٠١-١١_٢٠٢٦-٠٩-٢١_١٥-٢٠-٠٩.png,recording_04,1.00,60,40.569
frame_033,ZED-X_SN45626933_٢٠٢٦-٠٩-٢١_١٥-٠١-١١_٢٠٢٦-٠٩-٢١_١٥-١٩-٤٠.png,recording_04,1.50,90,25.515
frame_034,ZED-X_SN45626933_٢٠٢٦-٠٩-٢١_١٥-٠١-١١_٢٠٢٦-٠٩-٢١_١٥-١٩-٤٢.png,recording_04,1.50,90,7.605
frame_035,ZED-X_SN45626933_٢٠٢٦-٠٩-٢١_١٥-٠١-١١_٢٠٢٦-٠٩-٢١_١٥-١٩-٤٣.png,recording_04,1.50,90,28.712
frame_036,ZED-X_SN45626933_٢٠٢٦-٠٩-٢١_١٥-٠١-١١_٢٠٢٦-٠٩-٢١_١٥-١٩-٤٤.png,recording_04,1.50,90,29.186
frame_037,ZED-X_SN45626933_٢٠٢٦-٠٩-٢١_١٥-٠١-١١_٢٠٢٦-٠٩-٢١_١٥-١٩-٤٥.png,recording_04,1.50,90,28.756
frame_038,ZED-X_SN45626933_٢٠٢٦-٠٩-٢١_١٥-٠١-١١_٢٠٢٦-٠٩-٢١_١٥-١٩-٤٨.png,recording_04,1.50,90,23.517
frame_039,ZED-X_SN45626933_٢٠٢٦-٠٩-٢١_١٥-٠١-١١_٢٠٢٦-٠٩-٢١_١٥-١٩-٥١.png,recording_04,1.50,90,37.403
frame_040,ZED-X_SN45626933_٢٠٢٦-٠٩-٢١_١٥-٠١-١١_٢٠٢٦-٠٩-٢١_١٥-١٩-٥٣.png,recording_04,1.50,90,36.733
frame_041,ZED-X_SN45626933_٢٠٢٦-٠٩-٢١_١٥-٠١-١١_٢٠٢٦-٠٩-٢١_١٥-١٩-٥٤.png,recording_04,1.50,90,43.398
frame_042,ZED-X_SN45626933_٢٠٢٦-٠٩-٢١_١٥-٠١-١١_٢٠٢٦-٠٩-٢١_١٥-١٩-٥٥.png,recording_04,1.50,90,44.496
frame_043,ZED-X_SN45626933_٢٠٢٦-٠٩-٢١_١٥-٠١-١١_٢٠٢٦-٠٩-٢١_١٥-١٩-٥٦.png,recording_04,1.50,90,50.932
frame_044,ZED-X_SN45626933_٢٠٢٦-٠٩-٢١_١٥-٠١-١١_٢٠٢٦-٠٩-٢١_١٥-١٩-٥٧.png,recording_04,1.50,90,48.513
frame_045,ZED-X_SN45626933_٢٠٢٦-٠٩-٢١_١٥-٠١-١١_٢٠٢٦-٠٩-٢١_١٥-١٩-٥٨.png,recording_04,1.50,90,41.320
frame_046,ZED-X_SN45626933_٢٠٢٦-٠٩-٢١_١٥-٠١-١١_٢٠٢٦-٠٩-٢١_١٥-١٩-٥٩.png,recording_04,1.50,90,37.614
frame_047,ZED-X_SN45626933_٢٠٢٦-٠٩-٢١_١٥-٠١-١١_٢٠٢٦-٠٩-٢١_١٥-٢٠-٠١.png,recording_04,1.50,90,51.978
frame_048,ZED-X_SN45626933_٢٠٢٦-٠٩-٢١_١٥-٠١-١١_٢٠٢٦-٠٩-٢١_١٥-٢٠-٠٢.png,recording_04,1.50,90,54.102
frame_049,ZED-X_SN45626933_٢٠٢٦-٠٩-٢١_١٥-٠١-١١_٢٠٢٦-٠٩-٢١_١٥-٢٠-٠٤.png,recording_04,1.50,90,55.909
frame_050,ZED-X_SN45626933_٢٠٢٦-٠٩-٢١_١٥-٠١-١١_٢٠٢٦-٠٩-٢١_١٥-٢٠-٠٥.png,recording_04,1.50,90,43.633
frame_051,ZED-X_SN45626933_٢٠٢٦-٠٩-٢١_١٥-٠١-١١_٢٠٢٦-٠٩-٢١_١٥-٢٠-٠٦.png,recording_04,1.50,90,51.847
frame_052,ZED-X_SN45626933_٢٠٢٦-٠٩-٢١_١٥-٠١-١١_٢٠٢٦-٠٩-٢١_١٥-٢٠-٠٧.png,recording_04,1.50,90,47.806
frame_053,ZED-X_SN45626933_٢٠٢٦-٠٩-٢١_١٥-٠١-١١_٢٠٢٦-٠٩-٢١_١٥-٢٠-٠٨.png,recording_04,1.50,90,49.746
frame_054,ZED-X_SN45626933_٢٠٢٦-٠٩-٢١_١٥-٠١-١١_٢٠٢٦-٠٩-٢١_١٥-٢٠-٠٩.png,recording_04,1.50,90,39.997
frame_033,ZED-X_SN45626933_٢٠٢٦-٠٩-٢١_١٥-٠١-١١_٢٠٢٦-٠٩-٢١_١٥-١٩-٤٠.png,recording_04,2.00,120,29.451
frame_034,ZED-X_SN45626933_٢٠٢٦-٠٩-٢١_١٥-٠١-١١_٢٠٢٦-٠٩-٢١_١٥-١٩-٤٢.png,recording_04,2.00,120,23.923
frame_035,ZED-X_SN45626933_٢٠٢٦-٠٩-٢١_١٥-٠١-١١_٢٠٢٦-٠٩-٢١_١٥-١٩-٤٣.png,recording_04,2.00,120,18.345
frame_036,ZED-X_SN45626933_٢٠٢٦-٠٩-٢١_١٥-٠١-١١_٢٠٢٦-٠٩-٢١_١٥-١٩-٤٤.png,recording_04,2.00,120,25.482
frame_037,ZED-X_SN45626933_٢٠٢٦-٠٩-٢١_١٥-٠١-١١_٢٠٢٦-٠٩-٢١_١٥-١٩-٤٥.png,recording_04,2.00,120,25.002
frame_038,ZED-X_SN45626933_٢٠٢٦-٠٩-٢١_١٥-٠١-١١_٢٠٢٦-٠٩-٢١_١٥-١٩-٤٨.png,recording_04,2.00,120,27.186
frame_039,ZED-X_SN45626933_٢٠٢٦-٠٩-٢١_١٥-٠١-١١_٢٠٢٦-٠٩-٢١_١٥-١٩-٥١.png,recording_04,2.00,120,33.927
frame_040,ZED-X_SN45626933_٢٠٢٦-٠٩-٢١_١٥-٠١-١١_٢٠٢٦-٠٩-٢١_١٥-١٩-٥٣.png,recording_04,2.00,120,36.552
frame_041,ZED-X_SN45626933_٢٠٢٦-٠٩-٢١_١٥-٠١-١١_٢٠٢٦-٠٩-٢١_١٥-١٩-٥٤.png,recording_04,2.00,120,41.842
frame_042,ZED-X_SN45626933_٢٠٢٦-٠٩-٢١_١٥-٠١-١١_٢٠٢٦-٠٩-٢١_١٥-١٩-٥٥.png,recording_04,2.00,120,47.357
frame_043,ZED-X_SN45626933_٢٠٢٦-٠٩-٢١_١٥-٠١-١١_٢٠٢٦-٠٩-٢١_١٥-١٩-٥٦.png,recording_04,2.00,120,57.099
frame_044,ZED-X_SN45626933_٢٠٢٦-٠٩-٢١_١٥-٠١-١١_٢٠٢٦-٠٩-٢١_١٥-١٩-٥٧.png,recording_04,2.00,120,52.132
frame_045,ZED-X_SN45626933_٢٠٢٦-٠٩-٢١_١٥-٠١-١١_٢٠٢٦-٠٩-٢١_١٥-١٩-٥٨.png,recording_04,2.00,120,40.466
frame_046,ZED-X_SN45626933_٢٠٢٦-٠٩-٢١_١٥-٠١-١١_٢٠٢٦-٠٩-٢١_١٥-١٩-٥٩.png,recording_04,2.00,120,43.431
frame_047,ZED-X_SN45626933_٢٠٢٦-٠٩-٢١_١٥-٠١-١١_٢٠٢٦-٠٩-٢١_١٥-٢٠-٠١.png,recording_04,2.00,120,50.036
frame_048,ZED-X_SN45626933_٢٠٢٦-٠٩-٢١_١٥-٠١-١١_٢٠٢٦-٠٩-٢١_١٥-٢٠-٠٢.png,recording_04,2.00,120,53.509
frame_049,ZED-X_SN45626933_٢٠٢٦-٠٩-٢١_١٥-٠١-١١_٢٠٢٦-٠٩-٢١_١٥-٢٠-٠٤.png,recording_04,2.00,120,55.135
frame_050,ZED-X_SN45626933_٢٠٢٦-٠٩-٢١_١٥-٠١-١١_٢٠٢٦-٠٩-٢١_١٥-٢٠-٠٥.png,recording_04,2.00,120,52.379
frame_051,ZED-X_SN45626933_٢٠٢٦-٠٩-٢١_١٥-٠١-١١_٢٠٢٦-٠٩-٢١_١٥-٢٠-٠٦.png,recording_04,2.00,120,52.036
frame_052,ZED-X_SN45626933_٢٠٢٦-٠٩-٢١_١٥-٠١-١١_٢٠٢٦-٠٩-٢١_١٥-٢٠-٠٧.png,recording_04,2.00,120,51.901
frame_053,ZED-X_SN45626933_٢٠٢٦-٠٩-٢١_١٥-٠١-١١_٢٠٢٦-٠٩-٢١_١٥-٢٠-٠٨.png,recording_04,2.00,120,54.397
frame_054,ZED-X_SN45626933_٢٠٢٦-٠٩-٢١_١٥-٠١-١١_٢٠٢٦-٠٩-٢١_١٥-٢٠-٠٩.png,recording_04,2.00,120,44.633
frame_033,ZED-X_SN45626933_٢٠٢٦-٠٩-٢١_١٥-٠١-١١_٢٠٢٦-٠٩-٢١_١٥-١٩-٤٠.png,recording_04,2.50,150,38.563
frame_034,ZED-X_SN45626933_٢٠٢٦-٠٩-٢١_١٥-٠١-١١_٢٠٢٦-٠٩-٢١_١٥-١٩-٤٢.png,recording_04,2.50,150,28.474
frame_035,ZED-X_SN45626933_٢٠٢٦-٠٩-٢١_١٥-٠١-١١_٢٠٢٦-٠٩-٢١_١٥-١٩-٤٣.png,recording_04,2.50,150,14.896
frame_036,ZED-X_SN45626933_٢٠٢٦-٠٩-٢١_١٥-٠١-١١_٢٠٢٦-٠٩-٢١_١٥-١٩-٤٤.png,recording_04,2.50,150,13.404
frame_037,ZED-X_SN45626933_٢٠٢٦-٠٩-٢١_١٥-٠١-١١_٢٠٢٦-٠٩-٢١_١٥-١٩-٤٥.png,recording_04,2.50,150,11.427
frame_038,ZED-X_SN45626933_٢٠٢٦-٠٩-٢١_١٥-٠١-١١_٢٠٢٦-٠٩-٢١_١٥-١٩-٤٨.png,recording_04,2.50,150,29.956
frame_039,ZED-X_SN45626933_٢٠٢٦-٠٩-٢١_١٥-٠١-١١_٢٠٢٦-٠٩-٢١_١٥-١٩-٥١.png,recording_04,2.50,150,36.354
frame_040,ZED-X_SN45626933_٢٠٢٦-٠٩-٢١_١٥-٠١-١١_٢٠٢٦-٠٩-٢١_١٥-١٩-٥٣.png,recording_04,2.50,150,36.019
frame_041,ZED-X_SN45626933_٢٠٢٦-٠٩-٢١_١٥-٠١-١١_٢٠٢٦-٠٩-٢١_١٥-١٩-٥٤.png,recording_04,2.50,150,45.710
frame_042,ZED-X_SN45626933_٢٠٢٦-٠٩-٢١_١٥-٠١-١١_٢٠٢٦-٠٩-٢١_١٥-١٩-٥٥.png,recording_04,2.50,150,49.380
frame_043,ZED-X_SN45626933_٢٠٢٦-٠٩-٢١_١٥-٠١-١١_٢٠٢٦-٠٩-٢١_١٥-١٩-٥٦.png,recording_04,2.50,150,56.644
frame_044,ZED-X_SN45626933_٢٠٢٦-٠٩-٢١_١٥-٠١-١١_٢٠٢٦-٠٩-٢١_١٥-١٩-٥٧.png,recording_04,2.50,150,52.479
frame_045,ZED-X_SN45626933_٢٠٢٦-٠٩-٢١_١٥-٠١-١١_٢٠٢٦-٠٩-٢١_١٥-١٩-٥٨.png,recording_04,2.50,150,45.236
frame_046,ZED-X_SN45626933_٢٠٢٦-٠٩-٢١_١٥-٠١-١١_٢٠٢٦-٠٩-٢١_١٥-١٩-٥٩.png,recording_04,2.50,150,40.761
frame_047,ZED-X_SN45626933_٢٠٢٦-٠٩-٢١_١٥-٠١-١١_٢٠٢٦-٠٩-٢١_١٥-٢٠-٠١.png,recording_04,2.50,150,51.319
frame_048,ZED-X_SN45626933_٢٠٢٦-٠٩-٢١_١٥-٠١-١١_٢٠٢٦-٠٩-٢١_١٥-٢٠-٠٢.png,recording_04,2.50,150,54.820
frame_049,ZED-X_SN45626933_٢٠٢٦-٠٩-٢١_١٥-٠١-١١_٢٠٢٦-٠٩-٢١_١٥-٢٠-٠٤.png,recording_04,2.50,150,55.225
frame_050,ZED-X_SN45626933_٢٠٢٦-٠٩-٢١_١٥-٠١-١١_٢٠٢٦-٠٩-٢١_١٥-٢٠-٠٥.png,recording_04,2.50,150,47.458
frame_051,ZED-X_SN45626933_٢٠٢٦-٠٩-٢١_١٥-٠١-١١_٢٠٢٦-٠٩-٢١_١٥-٢٠-٠٦.png,recording_04,2.50,150,53.309
frame_052,ZED-X_SN45626933_٢٠٢٦-٠٩-٢١_١٥-٠١-١١_٢٠٢٦-٠٩-٢١_١٥-٢٠-٠٧.png,recording_04,2.50,150,51.560
frame_053,ZED-X_SN45626933_٢٠٢٦-٠٩-٢١_١٥-٠١-١١_٢٠٢٦-٠٩-٢١_١٥-٢٠-٠٨.png,recording_04,2.50,150,53.587
frame_054,ZED-X_SN45626933_٢٠٢٦-٠٩-٢١_١٥-٠١-١١_٢٠٢٦-٠٩-٢١_١٥-٢٠-٠٩.png,recording_04,2.50,150,41.712
frame_033,ZED-X_SN45626933_٢٠٢٦-٠٩-٢١_١٥-٠١-١١_٢٠٢٦-٠٩-٢١_١٥-١٩-٤٠.png,recording_04,3.00,180,39.255
frame_034,ZED-X_SN45626933_٢٠٢٦-٠٩-٢١_١٥-٠١-١١_٢٠٢٦-٠٩-٢١_١٥-١٩-٤٢.png,recording_04,3.00,180,29.116
frame_035,ZED-X_SN45626933_٢٠٢٦-٠٩-٢١_١٥-٠١-١١_٢٠٢٦-٠٩-٢١_١٥-١٩-٤٣.png,recording_04,3.00,180,19.962
frame_036,ZED-X_SN45626933_٢٠٢٦-٠٩-٢١_١٥-٠١-١١_٢٠٢٦-٠٩-٢١_١٥-١٩-٤٤.png,recording_04,3.00,180,5.679
frame_037,ZED-X_SN45626933_٢٠٢٦-٠٩-٢١_١٥-٠١-١١_٢٠٢٦-٠٩-٢١_١٥-١٩-٤٥.png,recording_04,3.00,180,7.609
frame_038,ZED-X_SN45626933_٢٠٢٦-٠٩-٢١_١٥-٠١-١١_٢٠٢٦-٠٩-٢١_١٥-١٩-٤٨.png,recording_04,3.00,180,29.757
frame_039,ZED-X_SN45626933_٢٠٢٦-٠٩-٢١_١٥-٠١-١١_٢٠٢٦-٠٩-٢١_١٥-١٩-٥١.png,recording_04,3.00,180,37.975
frame_040,ZED-X_SN45626933_٢٠٢٦-٠٩-٢١_١٥-٠١-١١_٢٠٢٦-٠٩-٢١_١٥-١٩-٥٣.png,recording_04,3.00,180,37.248
frame_041,ZED-X_SN45626933_٢٠٢٦-٠٩-٢١_١٥-٠١-١١_٢٠٢٦-٠٩-٢١_١٥-١٩-٥٤.png,recording_04,3.00,180,46.600
frame_042,ZED-X_SN45626933_٢٠٢٦-٠٩-٢١_١٥-٠١-١١_٢٠٢٦-٠٩-٢١_١٥-١٩-٥٥.png,recording_04,3.00,180,49.418
frame_043,ZED-X_SN45626933_٢٠٢٦-٠٩-٢١_١٥-٠١-١١_٢٠٢٦-٠٩-٢١_١٥-١٩-٥٦.png,recording_04,3.00,180,58.213
frame_044,ZED-X_SN45626933_٢٠٢٦-٠٩-٢١_١٥-٠١-١١_٢٠٢٦-٠٩-٢١_١٥-١٩-٥٧.png,recording_04,3.00,180,54.443
frame_045,ZED-X_SN45626933_٢٠٢٦-٠٩-٢١_١٥-٠١-١١_٢٠٢٦-٠٩-٢١_١٥-١٩-٥٨.png,recording_04,3.00,180,44.393
frame_046,ZED-X_SN45626933_٢٠٢٦-٠٩-٢١_١٥-٠١-١١_٢٠٢٦-٠٩-٢١_١٥-١٩-٥٩.png,recording_04,3.00,180,40.435
frame_047,ZED-X_SN45626933_٢٠٢٦-٠٩-٢١_١٥-٠١-١١_٢٠٢٦-٠٩-٢١_١٥-٢٠-٠١.png,recording_04,3.00,180,53.322
frame_048,ZED-X_SN45626933_٢٠٢٦-٠٩-٢١_١٥-٠١-١١_٢٠٢٦-٠٩-٢١_١٥-٢٠-٠٢.png,recording_04,3.00,180,56.356
frame_049,ZED-X_SN45626933_٢٠٢٦-٠٩-٢١_١٥-٠١-١١_٢٠٢٦-٠٩-٢١_١٥-٢٠-٠٤.png,recording_04,3.00,180,56.231
frame_050,ZED-X_SN45626933_٢٠٢٦-٠٩-٢١_١٥-٠١-١١_٢٠٢٦-٠٩-٢١_١٥-٢٠-٠٥.png,recording_04,3.00,180,47.729
frame_051,ZED-X_SN45626933_٢٠٢٦-٠٩-٢١_١٥-٠١-١١_٢٠٢٦-٠٩-٢١_١٥-٢٠-٠٦.png,recording_04,3.00,180,54.340
frame_052,ZED-X_SN45626933_٢٠٢٦-٠٩-٢١_١٥-٠١-١١_٢٠٢٦-٠٩-٢١_١٥-٢٠-٠٧.png,recording_04,3.00,180,51.675
frame_053,ZED-X_SN45626933_٢٠٢٦-٠٩-٢١_١٥-٠١-١١_٢٠٢٦-٠٩-٢١_١٥-٢٠-٠٨.png,recording_04,3.00,180,54.454
frame_054,ZED-X_SN45626933_٢٠٢٦-٠٩-٢١_١٥-٠١-١١_٢٠٢٦-٠٩-٢١_١٥-٢٠-٠٩.png,recording_04,3.00,180,40.900
frame_033,ZED-X_SN45626933_٢٠٢٦-٠٩-٢١_١٥-٠١-١١_٢٠٢٦-٠٩-٢١_١٥-١٩-٤٠.png,recording_04,3.50,210,39.222
frame_034,ZED-X_SN45626933_٢٠٢٦-٠٩-٢١_١٥-٠١-١١_٢٠٢٦-٠٩-٢١_١٥-١٩-٤٢.png,recording_04,3.50,210,29.088
frame_035,ZED-X_SN45626933_٢٠٢٦-٠٩-٢١_١٥-٠١-١١_٢٠٢٦-٠٩-٢١_١٥-١٩-٤٣.png,recording_04,3.50,210,19.977
frame_036,ZED-X_SN45626933_٢٠٢٦-٠٩-٢١_١٥-٠١-١١_٢٠٢٦-٠٩-٢١_١٥-١٩-٤٤.png,recording_04,3.50,210,5.619
frame_037,ZED-X_SN45626933_٢٠٢٦-٠٩-٢١_١٥-٠١-١١_٢٠٢٦-٠٩-٢١_١٥-١٩-٤٥.png,recording_04,3.50,210,7.509
frame_038,ZED-X_SN45626933_٢٠٢٦-٠٩-٢١_١٥-٠١-١١_٢٠٢٦-٠٩-٢١_١٥-١٩-٤٨.png,recording_04,3.50,210,29.735
frame_039,ZED-X_SN45626933_٢٠٢٦-٠٩-٢١_١٥-٠١-١١_٢٠٢٦-٠٩-٢١_١٥-١٩-٥١.png,recording_04,3.50,210,37.971
frame_040,ZED-X_SN45626933_٢٠٢٦-٠٩-٢١_١٥-٠١-١١_٢٠٢٦-٠٩-٢١_١٥-١٩-٥٣.png,recording_04,3.50,210,37.284
frame_041,ZED-X_SN45626933_٢٠٢٦-٠٩-٢١_١٥-٠١-١١_٢٠٢٦-٠٩-٢١_١٥-١٩-٥٤.png,recording_04,3.50,210,46.586
frame_042,ZED-X_SN45626933_٢٠٢٦-٠٩-٢١_١٥-٠١-١١_٢٠٢٦-٠٩-٢١_١٥-١٩-٥٥.png,recording_04,3.50,210,49.416
frame_043,ZED-X_SN45626933_٢٠٢٦-٠٩-٢١_١٥-٠١-١١_٢٠٢٦-٠٩-٢١_١٥-١٩-٥٦.png,recording_04,3.50,210,58.206
frame_044,ZED-X_SN45626933_٢٠٢٦-٠٩-٢١_١٥-٠١-١١_٢٠٢٦-٠٩-٢١_١٥-١٩-٥٧.png,recording_04,3.50,210,54.407
frame_045,ZED-X_SN45626933_٢٠٢٦-٠٩-٢١_١٥-٠١-١١_٢٠٢٦-٠٩-٢١_١٥-١٩-٥٨.png,recording_04,3.50,210,44.337
frame_046,ZED-X_SN45626933_٢٠٢٦-٠٩-٢١_١٥-٠١-١١_٢٠٢٦-٠٩-٢١_١٥-١٩-٥٩.png,recording_04,3.50,210,40.363
frame_047,ZED-X_SN45626933_٢٠٢٦-٠٩-٢١_١٥-٠١-١١_٢٠٢٦-٠٩-٢١_١٥-٢٠-٠١.png,recording_04,3.50,210,53.257
frame_048,ZED-X_SN45626933_٢٠٢٦-٠٩-٢١_١٥-٠١-١١_٢٠٢٦-٠٩-٢١_١٥-٢٠-٠٢.png,recording_04,3.50,210,56.299
frame_049,ZED-X_SN45626933_٢٠٢٦-٠٩-٢١_١٥-٠١-١١_٢٠٢٦-٠٩-٢١_١٥-٢٠-٠٤.png,recording_04,3.50,210,56.150
frame_050,ZED-X_SN45626933_٢٠٢٦-٠٩-٢١_١٥-٠١-١١_٢٠٢٦-٠٩-٢١_١٥-٢٠-٠٥.png,recording_04,3.50,210,47.725
frame_051,ZED-X_SN45626933_٢٠٢٦-٠٩-٢١_١٥-٠١-١١_٢٠٢٦-٠٩-٢١_١٥-٢٠-٠٦.png,recording_04,3.50,210,54.303
frame_052,ZED-X_SN45626933_٢٠٢٦-٠٩-٢١_١٥-٠١-١١_٢٠٢٦-٠٩-٢١_١٥-٢٠-٠٧.png,recording_04,3.50,210,51.680
frame_053,ZED-X_SN45626933_٢٠٢٦-٠٩-٢١_١٥-٠١-١١_٢٠٢٦-٠٩-٢١_١٥-٢٠-٠٨.png,recording_04,3.50,210,54.368
frame_054,ZED-X_SN45626933_٢٠٢٦-٠٩-٢١_١٥-٠١-١١_٢٠٢٦-٠٩-٢١_١٥-٢٠-٠٩.png,recording_04,3.50,210,40.811
frame_033,ZED-X_SN45626933_٢٠٢٦-٠٩-٢١_١٥-٠١-١١_٢٠٢٦-٠٩-٢١_١٥-١٩-٤٠.png,recording_04,4.00,240,39.160
frame_034,ZED-X_SN45626933_٢٠٢٦-٠٩-٢١_١٥-٠١-١١_٢٠٢٦-٠٩-٢١_١٥-١٩-٤٢.png,recording_04,4.00,240,28.992
frame_035,ZED-X_SN45626933_٢٠٢٦-٠٩-٢١_١٥-٠١-١١_٢٠٢٦-٠٩-٢١_١٥-١٩-٤٣.png,recording_04,4.00,240,20.100
frame_036,ZED-X_SN45626933_٢٠٢٦-٠٩-٢١_١٥-٠١-١١_٢٠٢٦-٠٩-٢١_١٥-١٩-٤٤.png,recording_04,4.00,240,5.747
frame_037,ZED-X_SN45626933_٢٠٢٦-٠٩-٢١_١٥-٠١-١١_٢٠٢٦-٠٩-٢١_١٥-١٩-٤٥.png,recording_04,4.00,240,7.414
frame_038,ZED-X_SN45626933_٢٠٢٦-٠٩-٢١_١٥-٠١-١١_٢٠٢٦-٠٩-٢١_١٥-١٩-٤٨.png,recording_04,4.00,240,29.764
frame_039,ZED-X_SN45626933_٢٠٢٦-٠٩-٢١_١٥-٠١-١١_٢٠٢٦-٠٩-٢١_١٥-١٩-٥١.png,recording_04,4.00,240,37.992
frame_040,ZED-X_SN45626933_٢٠٢٦-٠٩-٢١_١٥-٠١-١١_٢٠٢٦-٠٩-٢١_١٥-١٩-٥٣.png,recording_04,4.00,240,37.280
frame_041,ZED-X_SN45626933_٢٠٢٦-٠٩-٢١_١٥-٠١-١١_٢٠٢٦-٠٩-٢١_١٥-١٩-٥٤.png,recording_04,4.00,240,46.465
frame_042,ZED-X_SN45626933_٢٠٢٦-٠٩-٢١_١٥-٠١-١١_٢٠٢٦-٠٩-٢١_١٥-١٩-٥٥.png,recording_04,4.00,240,49.318
frame_043,ZED-X_SN45626933_٢٠٢٦-٠٩-٢١_١٥-٠١-١١_٢٠٢٦-٠٩-٢١_١٥-١٩-٥٦.png,recording_04,4.00,240,58.130
frame_044,ZED-X_SN45626933_٢٠٢٦-٠٩-٢١_١٥-٠١-١١_٢٠٢٦-٠٩-٢١_١٥-١٩-٥٧.png,recording_04,4.00,240,54.305
frame_045,ZED-X_SN45626933_٢٠٢٦-٠٩-٢١_١٥-٠١-١١_٢٠٢٦-٠٩-٢١_١٥-١٩-٥٨.png,recording_04,4.00,240,44.211
frame_046,ZED-X_SN45626933_٢٠٢٦-٠٩-٢١_١٥-٠١-١١_٢٠٢٦-٠٩-٢١_١٥-١٩-٥٩.png,recording_04,4.00,240,40.289
frame_047,ZED-X_SN45626933_٢٠٢٦-٠٩-٢١_١٥-٠١-١١_٢٠٢٦-٠٩-٢١_١٥-٢٠-٠١.png,recording_04,4.00,240,53.119
frame_048,ZED-X_SN45626933_٢٠٢٦-٠٩-٢١_١٥-٠١-١١_٢٠٢٦-٠٩-٢١_١٥-٢٠-٠٢.png,recording_04,4.00,240,56.172
frame_049,ZED-X_SN45626933_٢٠٢٦-٠٩-٢١_١٥-٠١-١١_٢٠٢٦-٠٩-٢١_١٥-٢٠-٠٤.png,recording_04,4.00,240,56.021
frame_050,ZED-X_SN45626933_٢٠٢٦-٠٩-٢١_١٥-٠١-١١_٢٠٢٦-٠٩-٢١_١٥-٢٠-٠٥.png,recording_04,4.00,240,47.651
frame_051,ZED-X_SN45626933_٢٠٢٦-٠٩-٢١_١٥-٠١-١١_٢٠٢٦-٠٩-٢١_١٥-٢٠-٠٦.png,recording_04,4.00,240,54.152
frame_052,ZED-X_SN45626933_٢٠٢٦-٠٩-٢١_١٥-٠١-١١_٢٠٢٦-٠٩-٢١_١٥-٢٠-٠٧.png,recording_04,4.00,240,51.555
frame_053,ZED-X_SN45626933_٢٠٢٦-٠٩-٢١_١٥-٠١-١١_٢٠٢٦-٠٩-٢١_١٥-٢٠-٠٨.png,recording_04,4.00,240,54.180
frame_054,ZED-X_SN45626933_٢٠٢٦-٠٩-٢١_١٥-٠١-١١_٢٠٢٦-٠٩-٢١_١٥-٢٠-٠٩.png,recording_04,4.00,240,40.611
frame_033,ZED-X_SN45626933_٢٠٢٦-٠٩-٢١_١٥-٠١-١١_٢٠٢٦-٠٩-٢١_١٥-١٩-٤٠.png,recording_04,4.50,270,38.446
frame_034,ZED-X_SN45626933_٢٠٢٦-٠٩-٢١_١٥-٠١-١١_٢٠٢٦-٠٩-٢١_١٥-١٩-٤٢.png,recording_04,4.50,270,28.399
frame_035,ZED-X_SN45626933_٢٠٢٦-٠٩-٢١_١٥-٠١-١١_٢٠٢٦-٠٩-٢١_١٥-١٩-٤٣.png,recording_04,4.50,270,17.599
frame_036,ZED-X_SN45626933_٢٠٢٦-٠٩-٢١_١٥-٠١-١١_٢٠٢٦-٠٩-٢١_١٥-١٩-٤٤.png,recording_04,4.50,270,11.349
frame_037,ZED-X_SN45626933_٢٠٢٦-٠٩-٢١_١٥-٠١-١١_٢٠٢٦-٠٩-٢١_١٥-١٩-٤٥.png,recording_04,4.50,270,8.260
frame_038,ZED-X_SN45626933_٢٠٢٦-٠٩-٢١_١٥-٠١-١١_٢٠٢٦-٠٩-٢١_١٥-١٩-٤٨.png,recording_04,4.50,270,30.278
frame_039,ZED-X_SN45626933_٢٠٢٦-٠٩-٢١_١٥-٠١-١١_٢٠٢٦-٠٩-٢١_١٥-١٩-٥١.png,recording_04,4.50,270,37.662
frame_040,ZED-X_SN45626933_٢٠٢٦-٠٩-٢١_١٥-٠١-١١_٢٠٢٦-٠٩-٢١_١٥-١٩-٥٣.png,recording_04,4.50,270,37.072
frame_041,ZED-X_SN45626933_٢٠٢٦-٠٩-٢١_١٥-٠١-١١_٢٠٢٦-٠٩-٢١_١٥-١٩-٥٤.png,recording_04,4.50,270,46.071
frame_042,ZED-X_SN45626933_٢٠٢٦-٠٩-٢١_١٥-٠١-١١_٢٠٢٦-٠٩-٢١_١٥-١٩-٥٥.png,recording_04,4.50,270,49.093
frame_043,ZED-X_SN45626933_٢٠٢٦-٠٩-٢١_١٥-٠١-١١_٢٠٢٦-٠٩-٢١_١٥-١٩-٥٦.png,recording_04,4.50,270,56.969
frame_044,ZED-X_SN45626933_٢٠٢٦-٠٩-٢١_١٥-٠١-١١_٢٠٢٦-٠٩-٢١_١٥-١٩-٥٧.png,recording_04,4.50,270,53.028
frame_045,ZED-X_SN45626933_٢٠٢٦-٠٩-٢١_١٥-٠١-١١_٢٠٢٦-٠٩-٢١_١٥-١٩-٥٨.png,recording_04,4.50,270,44.445
frame_046,ZED-X_SN45626933_٢٠٢٦-٠٩-٢١_١٥-٠١-١١_٢٠٢٦-٠٩-٢١_١٥-١٩-٥٩.png,recording_04,4.50,270,40.251
frame_047,ZED-X_SN45626933_٢٠٢٦-٠٩-٢١_١٥-٠١-١١_٢٠٢٦-٠٩-٢١_١٥-٢٠-٠١.png,recording_04,4.50,270,51.457
frame_048,ZED-X_SN45626933_٢٠٢٦-٠٩-٢١_١٥-٠١-١١_٢٠٢٦-٠٩-٢١_١٥-٢٠-٠٢.png,recording_04,4.50,270,54.901
frame_049,ZED-X_SN45626933_٢٠٢٦-٠٩-٢١_١٥-٠١-١١_٢٠٢٦-٠٩-٢١_١٥-٢٠-٠٤.png,recording_04,4.50,270,55.076
frame_050,ZED-X_SN45626933_٢٠٢٦-٠٩-٢١_١٥-٠١-١١_٢٠٢٦-٠٩-٢١_١٥-٢٠-٠٥.png,recording_04,4.50,270,47.186
frame_051,ZED-X_SN45626933_٢٠٢٦-٠٩-٢١_١٥-٠١-١١_٢٠٢٦-٠٩-٢١_١٥-٢٠-٠٦.png,recording_04,4.50,270,53.491
frame_052,ZED-X_SN45626933_٢٠٢٦-٠٩-٢١_١٥-٠١-١١_٢٠٢٦-٠٩-٢١_١٥-٢٠-٠٧.png,recording_04,4.50,270,51.366
frame_053,ZED-X_SN45626933_٢٠٢٦-٠٩-٢١_١٥-٠١-١١_٢٠٢٦-٠٩-٢١_١٥-٢٠-٠٨.png,recording_04,4.50,270,53.630
frame_054,ZED-X_SN45626933_٢٠٢٦-٠٩-٢١_١٥-٠١-١١_٢٠٢٦-٠٩-٢١_١٥-٢٠-٠٩.png,recording_04,4.50,270,41.016
frame_033,ZED-X_SN45626933_٢٠٢٦-٠٩-٢١_١٥-٠١-١١_٢٠٢٦-٠٩-٢١_١٥-١٩-٤٠.png,recording_04,5.00,300,34.594
frame_034,ZED-X_SN45626933_٢٠٢٦-٠٩-٢١_١٥-٠١-١١_٢٠٢٦-٠٩-٢١_١٥-١٩-٤٢.png,recording_04,5.00,300,28.296
frame_035,ZED-X_SN45626933_٢٠٢٦-٠٩-٢١_١٥-٠١-١١_٢٠٢٦-٠٩-٢١_١٥-١٩-٤٣.png,recording_04,5.00,300,9.139
frame_036,ZED-X_SN45626933_٢٠٢٦-٠٩-٢١_١٥-٠١-١١_٢٠٢٦-٠٩-٢١_١٥-١٩-٤٤.png,recording_04,5.00,300,21.036
frame_037,ZED-X_SN45626933_٢٠٢٦-٠٩-٢١_١٥-٠١-١١_٢٠٢٦-٠٩-٢١_١٥-١٩-٤٥.png,recording_04,5.00,300,19.722
frame_038,ZED-X_SN45626933_٢٠٢٦-٠٩-٢١_١٥-٠١-١١_٢٠٢٦-٠٩-٢١_١٥-١٩-٤٨.png,recording_04,5.00,300,30.485
frame_039,ZED-X_SN45626933_٢٠٢٦-٠٩-٢١_١٥-٠١-١١_٢٠٢٦-٠٩-٢١_١٥-١٩-٥١.png,recording_04,5.00,300,34.739
frame_040,ZED-X_SN45626933_٢٠٢٦-٠٩-٢١_١٥-٠١-١١_٢٠٢٦-٠٩-٢١_١٥-١٩-٥٣.png,recording_04,5.00,300,37.383
frame_041,ZED-X_SN45626933_٢٠٢٦-٠٩-٢١_١٥-٠١-١١_٢٠٢٦-٠٩-٢١_١٥-١٩-٥٤.png,recording_04,5.00,300,43.302
frame_042,ZED-X_SN45626933_٢٠٢٦-٠٩-٢١_١٥-٠١-١١_٢٠٢٦-٠٩-٢١_١٥-١٩-٥٥.png,recording_04,5.00,300,48.544
frame_043,ZED-X_SN45626933_٢٠٢٦-٠٩-٢١_١٥-٠١-١١_٢٠٢٦-٠٩-٢١_١٥-١٩-٥٦.png,recording_04,5.00,300,58.429
frame_044,ZED-X_SN45626933_٢٠٢٦-٠٩-٢١_١٥-٠١-١١_٢٠٢٦-٠٩-٢١_١٥-١٩-٥٧.png,recording_04,5.00,300,53.124
frame_045,ZED-X_SN45626933_٢٠٢٦-٠٩-٢١_١٥-٠١-١١_٢٠٢٦-٠٩-٢١_١٥-١٩-٥٨.png,recording_04,5.00,300,43.707
frame_046,ZED-X_SN45626933_٢٠٢٦-٠٩-٢١_١٥-٠١-١١_٢٠٢٦-٠٩-٢١_١٥-١٩-٥٩.png,recording_04,5.00,300,43.234
frame_047,ZED-X_SN45626933_٢٠٢٦-٠٩-٢١_١٥-٠١-١١_٢٠٢٦-٠٩-٢١_١٥-٢٠-٠١.png,recording_04,5.00,300,49.470
frame_048,ZED-X_SN45626933_٢٠٢٦-٠٩-٢١_١٥-٠١-١١_٢٠٢٦-٠٩-٢١_١٥-٢٠-٠٢.png,recording_04,5.00,300,53.530
frame_049,ZED-X_SN45626933_٢٠٢٦-٠٩-٢١_١٥-٠١-١١_٢٠٢٦-٠٩-٢١_١٥-٢٠-٠٤.png,recording_04,5.00,300,54.733
frame_050,ZED-X_SN45626933_٢٠٢٦-٠٩-٢١_١٥-٠١-١١_٢٠٢٦-٠٩-٢١_١٥-٢٠-٠٥.png,recording_04,5.00,300,51.519
frame_051,ZED-X_SN45626933_٢٠٢٦-٠٩-٢١_١٥-٠١-١١_٢٠٢٦-٠٩-٢١_١٥-٢٠-٠٦.png,recording_04,5.00,300,52.396
frame_052,ZED-X_SN45626933_٢٠٢٦-٠٩-٢١_١٥-٠١-١١_٢٠٢٦-٠٩-٢١_١٥-٢٠-٠٧.png,recording_04,5.00,300,53.543
frame_053,ZED-X_SN45626933_٢٠٢٦-٠٩-٢١_١٥-٠١-١١_٢٠٢٦-٠٩-٢١_١٥-٢٠-٠٨.png,recording_04,5.00,300,54.684
frame_054,ZED-X_SN45626933_٢٠٢٦-٠٩-٢١_١٥-٠١-١١_٢٠٢٦-٠٩-٢١_١٥-٢٠-٠٩.png,recording_04,5.00,300,45.312
frame_033,ZED-X_SN45626933_٢٠٢٦-٠٩-٢١_١٥-٠١-١١_٢٠٢٦-٠٩-٢١_١٥-١٩-٤٠.png,recording_04,5.50,330,38.292
frame_034,ZED-X_SN45626933_٢٠٢٦-٠٩-٢١_١٥-٠١-١١_٢٠٢٦-٠٩-٢١_١٥-١٩-٤٢.png,recording_04,5.50,330,31.285
frame_035,ZED-X_SN45626933_٢٠٢٦-٠٩-٢١_١٥-٠١-١١_٢٠٢٦-٠٩-٢١_١٥-١٩-٤٣.png,recording_04,5.50,330,14.550
frame_036,ZED-X_SN45626933_٢٠٢٦-٠٩-٢١_١٥-٠١-١١_٢٠٢٦-٠٩-٢١_١٥-١٩-٤٤.png,recording_04,5.50,330,19.415
frame_037,ZED-X_SN45626933_٢٠٢٦-٠٩-٢١_١٥-٠١-١١_٢٠٢٦-٠٩-٢١_١٥-١٩-٤٥.png,recording_04,5.50,330,17.850
frame_038,ZED-X_SN45626933_٢٠٢٦-٠٩-٢١_١٥-٠١-١١_٢٠٢٦-٠٩-٢١_١٥-١٩-٤٨.png,recording_04,5.50,330,31.650
frame_039,ZED-X_SN45626933_٢٠٢٦-٠٩-٢١_١٥-٠١-١١_٢٠٢٦-٠٩-٢١_١٥-١٩-٥١.png,recording_04,5.50,330,37.349
frame_040,ZED-X_SN45626933_٢٠٢٦-٠٩-٢١_١٥-٠١-١١_٢٠٢٦-٠٩-٢١_١٥-١٩-٥٣.png,recording_04,5.50,330,39.056
frame_041,ZED-X_SN45626933_٢٠٢٦-٠٩-٢١_١٥-٠١-١١_٢٠٢٦-٠٩-٢١_١٥-١٩-٥٤.png,recording_04,5.50,330,46.102
frame_042,ZED-X_SN45626933_٢٠٢٦-٠٩-٢١_١٥-٠١-١١_٢٠٢٦-٠٩-٢١_١٥-١٩-٥٥.png,recording_04,5.50,330,50.785
frame_043,ZED-X_SN45626933_٢٠٢٦-٠٩-٢١_١٥-٠١-١١_٢٠٢٦-٠٩-٢١_١٥-١٩-٥٦.png,recording_04,5.50,330,58.864
frame_044,ZED-X_SN45626933_٢٠٢٦-٠٩-٢١_١٥-٠١-١١_٢٠٢٦-٠٩-٢١_١٥-١٩-٥٧.png,recording_04,5.50,330,53.034
frame_045,ZED-X_SN45626933_٢٠٢٦-٠٩-٢١_١٥-٠١-١١_٢٠٢٦-٠٩-٢١_١٥-١٩-٥٨.png,recording_04,5.50,330,45.652
frame_046,ZED-X_SN45626933_٢٠٢٦-٠٩-٢١_١٥-٠١-١١_٢٠٢٦-٠٩-٢١_١٥-١٩-٥٩.png,recording_04,5.50,330,43.355
frame_047,ZED-X_SN45626933_٢٠٢٦-٠٩-٢١_١٥-٠١-١١_٢٠٢٦-٠٩-٢١_١٥-٢٠-٠١.png,recording_04,5.50,330,51.075
frame_048,ZED-X_SN45626933_٢٠٢٦-٠٩-٢١_١٥-٠١-١١_٢٠٢٦-٠٩-٢١_١٥-٢٠-٠٢.png,recording_04,5.50,330,54.824
frame_049,ZED-X_SN45626933_٢٠٢٦-٠٩-٢١_١٥-٠١-١١_٢٠٢٦-٠٩-٢١_١٥-٢٠-٠٤.png,recording_04,5.50,330,56.220
frame_050,ZED-X_SN45626933_٢٠٢٦-٠٩-٢١_١٥-٠١-١١_٢٠٢٦-٠٩-٢١_١٥-٢٠-٠٥.png,recording_04,5.50,330,50.780
frame_051,ZED-X_SN45626933_٢٠٢٦-٠٩-٢١_١٥-٠١-١١_٢٠٢٦-٠٩-٢١_١٥-٢٠-٠٦.png,recording_04,5.50,330,53.539
frame_052,ZED-X_SN45626933_٢٠٢٦-٠٩-٢١_١٥-٠١-١١_٢٠٢٦-٠٩-٢١_١٥-٢٠-٠٧.png,recording_04,5.50,330,55.182
frame_053,ZED-X_SN45626933_٢٠٢٦-٠٩-٢١_١٥-٠١-١١_٢٠٢٦-٠٩-٢١_١٥-٢٠-٠٨.png,recording_04,5.50,330,55.615
frame_054,ZED-X_SN45626933_٢٠٢٦-٠٩-٢١_١٥-٠١-١١_٢٠٢٦-٠٩-٢١_١٥-٢٠-٠٩.png,recording_04,5.50,330,46.120
frame_033,ZED-X_SN45626933_٢٠٢٦-٠٩-٢١_١٥-٠١-١١_٢٠٢٦-٠٩-٢١_١٥-١٩-٤٠.png,recording_04,6.00,360,40.472
frame_034,ZED-X_SN45626933_٢٠٢٦-٠٩-٢١_١٥-٠١-١١_٢٠٢٦-٠٩-٢١_١٥-١٩-٤٢.png,recording_04,6.00,360,34.771
frame_035,ZED-X_SN45626933_٢٠٢٦-٠٩-٢١_١٥-٠١-١١_٢٠٢٦-٠٩-٢١_١٥-١٩-٤٣.png,recording_04,6.00,360,18.578
frame_036,ZED-X_SN45626933_٢٠٢٦-٠٩-٢١_١٥-٠١-١١_٢٠٢٦-٠٩-٢١_١٥-١٩-٤٤.png,recording_04,6.00,360,23.550
frame_037,ZED-X_SN45626933_٢٠٢٦-٠٩-٢١_١٥-٠١-١١_٢٠٢٦-٠٩-٢١_١٥-١٩-٤٥.png,recording_04,6.00,360,22.410
frame_038,ZED-X_SN45626933_٢٠٢٦-٠٩-٢١_١٥-٠١-١١_٢٠٢٦-٠٩-٢١_١٥-١٩-٤٨.png,recording_04,6.00,360,33.065
frame_039,ZED-X_SN45626933_٢٠٢٦-٠٩-٢١_١٥-٠١-١١_٢٠٢٦-٠٩-٢١_١٥-١٩-٥١.png,recording_04,6.00,360,37.121
frame_040,ZED-X_SN45626933_٢٠٢٦-٠٩-٢١_١٥-٠١-١١_٢٠٢٦-٠٩-٢١_١٥-١٩-٥٣.png,recording_04,6.00,360,40.007
frame_041,ZED-X_SN45626933_٢٠٢٦-٠٩-٢١_١٥-٠١-١١_٢٠٢٦-٠٩-٢١_١٥-١٩-٥٤.png,recording_04,6.00,360,47.000
frame_042,ZED-X_SN45626933_٢٠٢٦-٠٩-٢١_١٥-٠١-١١_٢٠٢٦-٠٩-٢١_١٥-١٩-٥٥.png,recording_04,6.00,360,51.635
frame_043,ZED-X_SN45626933_٢٠٢٦-٠٩-٢١_١٥-٠١-١١_٢٠٢٦-٠٩-٢١_١٥-١٩-٥٦.png,recording_04,6.00,360,61.688
frame_044,ZED-X_SN45626933_٢٠٢٦-٠٩-٢١_١٥-٠١-١١_٢٠٢٦-٠٩-٢١_١٥-١٩-٥٧.png,recording_04,6.00,360,56.414
frame_045,ZED-X_SN45626933_٢٠٢٦-٠٩-٢١_١٥-٠١-١١_٢٠٢٦-٠٩-٢١_١٥-١٩-٥٨.png,recording_04,6.00,360,46.831
frame_046,ZED-X_SN45626933_٢٠٢٦-٠٩-٢١_١٥-٠١-١١_٢٠٢٦-٠٩-٢١_١٥-١٩-٥٩.png,recording_04,6.00,360,46.343
frame_047,ZED-X_SN45626933_٢٠٢٦-٠٩-٢١_١٥-٠١-١١_٢٠٢٦-٠٩-٢١_١٥-٢٠-٠١.png,recording_04,6.00,360,51.128
frame_048,ZED-X_SN45626933_٢٠٢٦-٠٩-٢١_١٥-٠١-١١_٢٠٢٦-٠٩-٢١_١٥-٢٠-٠٢.png,recording_04,6.00,360,55.047
frame_049,ZED-X_SN45626933_٢٠٢٦-٠٩-٢١_١٥-٠١-١١_٢٠٢٦-٠٩-٢١_١٥-٢٠-٠٤.png,recording_04,6.00,360,56.885
frame_050,ZED-X_SN45626933_٢٠٢٦-٠٩-٢١_١٥-٠١-١١_٢٠٢٦-٠٩-٢١_١٥-٢٠-٠٥.png,recording_04,6.00,360,53.550
frame_051,ZED-X_SN45626933_٢٠٢٦-٠٩-٢١_١٥-٠١-١١_٢٠٢٦-٠٩-٢١_١٥-٢٠-٠٦.png,recording_04,6.00,360,53.649
frame_052,ZED-X_SN45626933_٢٠٢٦-٠٩-٢١_١٥-٠١-١١_٢٠٢٦-٠٩-٢١_١٥-٢٠-٠٧.png,recording_04,6.00,360,56.528
frame_053,ZED-X_SN45626933_٢٠٢٦-٠٩-٢١_١٥-٠١-١١_٢٠٢٦-٠٩-٢١_١٥-٢٠-٠٨.png,recording_04,6.00,360,57.212
frame_054,ZED-X_SN45626933_٢٠٢٦-٠٩-٢١_١٥-٠١-١١_٢٠٢٦-٠٩-٢١_١٥-٢٠-٠٩.png,recording_04,6.00,360,48.604
frame_033,ZED-X_SN45626933_٢٠٢٦-٠٩-٢١_١٥-٠١-١١_٢٠٢٦-٠٩-٢١_١٥-١٩-٤٠.png,recording_04,6.50,390,36.866
frame_034,ZED-X_SN45626933_٢٠٢٦-٠٩-٢١_١٥-٠١-١١_٢٠٢٦-٠٩-٢١_١٥-١٩-٤٢.png,recording_04,6.50,390,30.700
frame_035,ZED-X_SN45626933_٢٠٢٦-٠٩-٢١_١٥-٠١-١١_٢٠٢٦-٠٩-٢١_١٥-١٩-٤٣.png,recording_04,6.50,390,21.654
frame_036,ZED-X_SN45626933_٢٠٢٦-٠٩-٢١_١٥-٠١-١١_٢٠٢٦-٠٩-٢١_١٥-١٩-٤٤.png,recording_04,6.50,390,27.885
frame_037,ZED-X_SN45626933_٢٠٢٦-٠٩-٢١_١٥-٠١-١١_٢٠٢٦-٠٩-٢١_١٥-١٩-٤٥.png,recording_04,6.50,390,27.353
frame_038,ZED-X_SN45626933_٢٠٢٦-٠٩-٢١_١٥-٠١-١١_٢٠٢٦-٠٩-٢١_١٥-١٩-٤٨.png,recording_04,6.50,390,29.905
frame_039,ZED-X_SN45626933_٢٠٢٦-٠٩-٢١_١٥-٠١-١١_٢٠٢٦-٠٩-٢١_١٥-١٩-٥١.png,recording_04,6.50,390,38.602
frame_040,ZED-X_SN45626933_٢٠٢٦-٠٩-٢١_١٥-٠١-١١_٢٠٢٦-٠٩-٢١_١٥-١٩-٥٣.png,recording_04,6.50,390,41.757
frame_041,ZED-X_SN45626933_٢٠٢٦-٠٩-٢١_١٥-٠١-١١_٢٠٢٦-٠٩-٢١_١٥-١٩-٥٤.png,recording_04,6.50,390,44.150
frame_042,ZED-X_SN45626933_٢٠٢٦-٠٩-٢١_١٥-٠١-١١_٢٠٢٦-٠٩-٢١_١٥-١٩-٥٥.png,recording_04,6.50,390,50.570
frame_043,ZED-X_SN45626933_٢٠٢٦-٠٩-٢١_١٥-٠١-١١_٢٠٢٦-٠٩-٢١_١٥-١٩-٥٦.png,recording_04,6.50,390,60.992
frame_044,ZED-X_SN45626933_٢٠٢٦-٠٩-٢١_١٥-٠١-١١_٢٠٢٦-٠٩-٢١_١٥-١٩-٥٧.png,recording_04,6.50,390,56.337
frame_045,ZED-X_SN45626933_٢٠٢٦-٠٩-٢١_١٥-٠١-١١_٢٠٢٦-٠٩-٢١_١٥-١٩-٥٨.png,recording_04,6.50,390,43.540
frame_046,ZED-X_SN45626933_٢٠٢٦-٠٩-٢١_١٥-٠١-١١_٢٠٢٦-٠٩-٢١_١٥-١٩-٥٩.png,recording_04,6.50,390,46.628
frame_047,ZED-X_SN45626933_٢٠٢٦-٠٩-٢١_١٥-٠١-١١_٢٠٢٦-٠٩-٢١_١٥-٢٠-٠١.png,recording_04,6.50,390,52.540
frame_048,ZED-X_SN45626933_٢٠٢٦-٠٩-٢١_١٥-٠١-١١_٢٠٢٦-٠٩-٢١_١٥-٢٠-٠٢.png,recording_04,6.50,390,56.030
frame_049,ZED-X_SN45626933_٢٠٢٦-٠٩-٢١_١٥-٠١-١١_٢٠٢٦-٠٩-٢١_١٥-٢٠-٠٤.png,recording_04,6.50,390,57.820
frame_050,ZED-X_SN45626933_٢٠٢٦-٠٩-٢١_١٥-٠١-١١_٢٠٢٦-٠٩-٢١_١٥-٢٠-٠٥.png,recording_04,6.50,390,56.825
frame_051,ZED-X_SN45626933_٢٠٢٦-٠٩-٢١_١٥-٠١-١١_٢٠٢٦-٠٩-٢١_١٥-٢٠-٠٦.png,recording_04,6.50,390,54.438
frame_052,ZED-X_SN45626933_٢٠٢٦-٠٩-٢١_١٥-٠١-١١_٢٠٢٦-٠٩-٢١_١٥-٢٠-٠٧.png,recording_04,6.50,390,56.355
frame_053,ZED-X_SN45626933_٢٠٢٦-٠٩-٢١_١٥-٠١-١١_٢٠٢٦-٠٩-٢١_١٥-٢٠-٠٨.png,recording_04,6.50,390,56.788
frame_054,ZED-X_SN45626933_٢٠٢٦-٠٩-٢١_١٥-٠١-١١_٢٠٢٦-٠٩-٢١_١٥-٢٠-٠٩.png,recording_04,6.50,390,48.258
frame_033,ZED-X_SN45626933_٢٠٢٦-٠٩-٢١_١٥-٠١-١١_٢٠٢٦-٠٩-٢١_١٥-١٩-٤٠.png,recording_04,7.00,420,33.024
frame_034,ZED-X_SN45626933_٢٠٢٦-٠٩-٢١_١٥-٠١-١١_٢٠٢٦-٠٩-٢١_١٥-١٩-٤٢.png,recording_04,7.00,420,20.697
frame_035,ZED-X_SN45626933_٢٠٢٦-٠٩-٢١_١٥-٠١-١١_٢٠٢٦-٠٩-٢١_١٥-١٩-٤٣.png,recording_04,7.00,420,25.284
frame_036,ZED-X_SN45626933_٢٠٢٦-٠٩-٢١_١٥-٠١-١١_٢٠٢٦-٠٩-٢١_١٥-١٩-٤٤.png,recording_04,7.00,420,26.661
frame_037,ZED-X_SN45626933_٢٠٢٦-٠٩-٢١_١٥-٠١-١١_٢٠٢٦-٠٩-٢١_١٥-١٩-٤٥.png,recording_04,7.00,420,26.451
frame_038,ZED-X_SN45626933_٢٠٢٦-٠٩-٢١_١٥-٠١-١١_٢٠٢٦-٠٩-٢١_١٥-١٩-٤٨.png,recording_04,7.00,420,18.810
frame_039,ZED-X_SN45626933_٢٠٢٦-٠٩-٢١_١٥-٠١-١١_٢٠٢٦-٠٩-٢١_١٥-١٩-٥١.png,recording_04,7.00,420,34.972
frame_040,ZED-X_SN45626933_٢٠٢٦-٠٩-٢١_١٥-٠١-١١_٢٠٢٦-٠٩-٢١_١٥-١٩-٥٣.png,recording_04,7.00,420,35.464
frame_041,ZED-X_SN45626933_٢٠٢٦-٠٩-٢١_١٥-٠١-١١_٢٠٢٦-٠٩-٢١_١٥-١٩-٥٤.png,recording_04,7.00,420,44.712
frame_042,ZED-X_SN45626933_٢٠٢٦-٠٩-٢١_١٥-٠١-١١_٢٠٢٦-٠٩-٢١_١٥-١٩-٥٥.png,recording_04,7.00,420,48.067
frame_043,ZED-X_SN45626933_٢٠٢٦-٠٩-٢١_١٥-٠١-١١_٢٠٢٦-٠٩-٢١_١٥-١٩-٥٦.png,recording_04,7.00,420,56.239
frame_044,ZED-X_SN45626933_٢٠٢٦-٠٩-٢١_١٥-٠١-١١_٢٠٢٦-٠٩-٢١_١٥-١٩-٥٧.png,recording_04,7.00,420,52.249
frame_045,ZED-X_SN45626933_٢٠٢٦-٠٩-٢١_١٥-٠١-١١_٢٠٢٦-٠٩-٢١_١٥-١٩-٥٨.png,recording_04,7.00,420,45.236
frame_046,ZED-X_SN45626933_٢٠٢٦-٠٩-٢١_١٥-٠١-١١_٢٠٢٦-٠٩-٢١_١٥-١٩-٥٩.png,recording_04,7.00,420,41.185
frame_047,ZED-X_SN45626933_٢٠٢٦-٠٩-٢١_١٥-٠١-١١_٢٠٢٦-٠٩-٢١_١٥-٢٠-٠١.png,recording_04,7.00,420,55.663
frame_048,ZED-X_SN45626933_٢٠٢٦-٠٩-٢١_١٥-٠١-١١_٢٠٢٦-٠٩-٢١_١٥-٢٠-٠٢.png,recording_04,7.00,420,60.189
frame_049,ZED-X_SN45626933_٢٠٢٦-٠٩-٢١_١٥-٠١-١١_٢٠٢٦-٠٩-٢١_١٥-٢٠-٠٤.png,recording_04,7.00,420,61.584
frame_050,ZED-X_SN45626933_٢٠٢٦-٠٩-٢١_١٥-٠١-١١_٢٠٢٦-٠٩-٢١_١٥-٢٠-٠٥.png,recording_04,7.00,420,49.117
frame_051,ZED-X_SN45626933_٢٠٢٦-٠٩-٢١_١٥-٠١-١١_٢٠٢٦-٠٩-٢١_١٥-٢٠-٠٦.png,recording_04,7.00,420,55.556
frame_052,ZED-X_SN45626933_٢٠٢٦-٠٩-٢١_١٥-٠١-١١_٢٠٢٦-٠٩-٢١_١٥-٢٠-٠٧.png,recording_04,7.00,420,51.429
frame_053,ZED-X_SN45626933_٢٠٢٦-٠٩-٢١_١٥-٠١-١١_٢٠٢٦-٠٩-٢١_١٥-٢٠-٠٨.png,recording_04,7.00,420,54.564
frame_054,ZED-X_SN45626933_٢٠٢٦-٠٩-٢١_١٥-٠١-١١_٢٠٢٦-٠٩-٢١_١٥-٢٠-٠٩.png,recording_04,7.00,420,43.607
frame_033,ZED-X_SN45626933_٢٠٢٦-٠٩-٢١_١٥-٠١-١١_٢٠٢٦-٠٩-٢١_١٥-١٩-٤٠.png,recording_04,7.50,450,34.703
frame_034,ZED-X_SN45626933_٢٠٢٦-٠٩-٢١_١٥-٠١-١١_٢٠٢٦-٠٩-٢١_١٥-١٩-٤٢.png,recording_04,7.50,450,23.494
frame_035,ZED-X_SN45626933_٢٠٢٦-٠٩-٢١_١٥-٠١-١١_٢٠٢٦-٠٩-٢١_١٥-١٩-٤٣.png,recording_04,7.50,450,29.729
frame_036,ZED-X_SN45626933_٢٠٢٦-٠٩-٢١_١٥-٠١-١١_٢٠٢٦-٠٩-٢١_١٥-١٩-٤٤.png,recording_04,7.50,450,29.066
frame_037,ZED-X_SN45626933_٢٠٢٦-٠٩-٢١_١٥-٠١-١١_٢٠٢٦-٠٩-٢١_١٥-١٩-٤٥.png,recording_04,7.50,450,29.446
frame_038,ZED-X_SN45626933_٢٠٢٦-٠٩-٢١_١٥-٠١-١١_٢٠٢٦-٠٩-٢١_١٥-١٩-٤٨.png,recording_04,7.50,450,9.370
frame_039,ZED-X_SN45626933_٢٠٢٦-٠٩-٢١_١٥-٠١-١١_٢٠٢٦-٠٩-٢١_١٥-١٩-٥١.png,recording_04,7.50,450,31.559
frame_040,ZED-X_SN45626933_٢٠٢٦-٠٩-٢١_١٥-٠١-١١_٢٠٢٦-٠٩-٢١_١٥-١٩-٥٣.png,recording_04,7.50,450,34.155
frame_041,ZED-X_SN45626933_٢٠٢٦-٠٩-٢١_١٥-٠١-١١_٢٠٢٦-٠٩-٢١_١٥-١٩-٥٤.png,recording_04,7.50,450,43.370
frame_042,ZED-X_SN45626933_٢٠٢٦-٠٩-٢١_١٥-٠١-١١_٢٠٢٦-٠٩-٢١_١٥-١٩-٥٥.png,recording_04,7.50,450,46.056
frame_043,ZED-X_SN45626933_٢٠٢٦-٠٩-٢١_١٥-٠١-١١_٢٠٢٦-٠٩-٢١_١٥-١٩-٥٦.png,recording_04,7.50,450,54.456
frame_044,ZED-X_SN45626933_٢٠٢٦-٠٩-٢١_١٥-٠١-١١_٢٠٢٦-٠٩-٢١_١٥-١٩-٥٧.png,recording_04,7.50,450,50.937
frame_045,ZED-X_SN45626933_٢٠٢٦-٠٩-٢١_١٥-٠١-١١_٢٠٢٦-٠٩-٢١_١٥-١٩-٥٨.png,recording_04,7.50,450,42.031
frame_046,ZED-X_SN45626933_٢٠٢٦-٠٩-٢١_١٥-٠١-١١_٢٠٢٦-٠٩-٢١_١٥-١٩-٥٩.png,recording_04,7.50,450,38.396
frame_047,ZED-X_SN45626933_٢٠٢٦-٠٩-٢١_١٥-٠١-١١_٢٠٢٦-٠٩-٢١_١٥-٢٠-٠١.png,recording_04,7.50,450,53.493
frame_048,ZED-X_SN45626933_٢٠٢٦-٠٩-٢١_١٥-٠١-١١_٢٠٢٦-٠٩-٢١_١٥-٢٠-٠٢.png,recording_04,7.50,450,55.987
frame_049,ZED-X_SN45626933_٢٠٢٦-٠٩-٢١_١٥-٠١-١١_٢٠٢٦-٠٩-٢١_١٥-٢٠-٠٤.png,recording_04,7.50,450,57.149
frame_050,ZED-X_SN45626933_٢٠٢٦-٠٩-٢١_١٥-٠١-١١_٢٠٢٦-٠٩-٢١_١٥-٢٠-٠٥.png,recording_04,7.50,450,47.048
frame_051,ZED-X_SN45626933_٢٠٢٦-٠٩-٢١_١٥-٠١-١١_٢٠٢٦-٠٩-٢١_١٥-٢٠-٠٦.png,recording_04,7.50,450,53.812
frame_052,ZED-X_SN45626933_٢٠٢٦-٠٩-٢١_١٥-٠١-١١_٢٠٢٦-٠٩-٢١_١٥-٢٠-٠٧.png,recording_04,7.50,450,49.284
frame_053,ZED-X_SN45626933_٢٠٢٦-٠٩-٢١_١٥-٠١-١١_٢٠٢٦-٠٩-٢١_١٥-٢٠-٠٨.png,recording_04,7.50,450,55.471
frame_054,ZED-X_SN45626933_٢٠٢٦-٠٩-٢١_١٥-٠١-١١_٢٠٢٦-٠٩-٢١_١٥-٢٠-٠٩.png,recording_04,7.50,450,43.487
frame_033,ZED-X_SN45626933_٢٠٢٦-٠٩-٢١_١٥-٠١-١١_٢٠٢٦-٠٩-٢١_١٥-١٩-٤٠.png,recording_04,8.00,480,39.414
frame_034,ZED-X_SN45626933_٢٠٢٦-٠٩-٢١_١٥-٠١-١١_٢٠٢٦-٠٩-٢١_١٥-١٩-٤٢.png,recording_04,8.00,480,27.272
frame_035,ZED-X_SN45626933_٢٠٢٦-٠٩-٢١_١٥-٠١-١١_٢٠٢٦-٠٩-٢١_١٥-١٩-٤٣.png,recording_04,8.00,480,33.234
frame_036,ZED-X_SN45626933_٢٠٢٦-٠٩-٢١_١٥-٠١-١١_٢٠٢٦-٠٩-٢١_١٥-١٩-٤٤.png,recording_04,8.00,480,31.692
frame_037,ZED-X_SN45626933_٢٠٢٦-٠٩-٢١_١٥-٠١-١١_٢٠٢٦-٠٩-٢١_١٥-١٩-٤٥.png,recording_04,8.00,480,31.834
frame_038,ZED-X_SN45626933_٢٠٢٦-٠٩-٢١_١٥-٠١-١١_٢٠٢٦-٠٩-٢١_١٥-١٩-٤٨.png,recording_04,8.00,480,19.611
frame_039,ZED-X_SN45626933_٢٠٢٦-٠٩-٢١_١٥-٠١-١١_٢٠٢٦-٠٩-٢١_١٥-١٩-٥١.png,recording_04,8.00,480,31.593
frame_040,ZED-X_SN45626933_٢٠٢٦-٠٩-٢١_١٥-٠١-١١_٢٠٢٦-٠٩-٢١_١٥-١٩-٥٣.png,recording_04,8.00,480,34.156
frame_041,ZED-X_SN45626933_٢٠٢٦-٠٩-٢١_١٥-٠١-١١_٢٠٢٦-٠٩-٢١_١٥-١٩-٥٤.png,recording_04,8.00,480,44.903
frame_042,ZED-X_SN45626933_٢٠٢٦-٠٩-٢١_١٥-٠١-١١_٢٠٢٦-٠٩-٢١_١٥-١٩-٥٥.png,recording_04,8.00,480,47.355
frame_043,ZED-X_SN45626933_٢٠٢٦-٠٩-٢١_١٥-٠١-١١_٢٠٢٦-٠٩-٢١_١٥-١٩-٥٦.png,recording_04,8.00,480,54.831
frame_044,ZED-X_SN45626933_٢٠٢٦-٠٩-٢١_١٥-٠١-١١_٢٠٢٦-٠٩-٢١_١٥-١٩-٥٧.png,recording_04,8.00,480,51.183
frame_045,ZED-X_SN45626933_٢٠٢٦-٠٩-٢١_١٥-٠١-١١_٢٠٢٦-٠٩-٢١_١٥-١٩-٥٨.png,recording_04,8.00,480,45.142
frame_046,ZED-X_SN45626933_٢٠٢٦-٠٩-٢١_١٥-٠١-١١_٢٠٢٦-٠٩-٢١_١٥-١٩-٥٩.png,recording_04,8.00,480,36.803
frame_047,ZED-X_SN45626933_٢٠٢٦-٠٩-٢١_١٥-٠١-١١_٢٠٢٦-٠٩-٢١_١٥-٢٠-٠١.png,recording_04,8.00,480,52.868
frame_048,ZED-X_SN45626933_٢٠٢٦-٠٩-٢١_١٥-٠١-١١_٢٠٢٦-٠٩-٢١_١٥-٢٠-٠٢.png,recording_04,8.00,480,55.186
frame_049,ZED-X_SN45626933_٢٠٢٦-٠٩-٢١_١٥-٠١-١١_٢٠٢٦-٠٩-٢١_١٥-٢٠-٠٤.png,recording_04,8.00,480,55.915
frame_050,ZED-X_SN45626933_٢٠٢٦-٠٩-٢١_١٥-٠١-١١_٢٠٢٦-٠٩-٢١_١٥-٢٠-٠٥.png,recording_04,8.00,480,46.613
frame_051,ZED-X_SN45626933_٢٠٢٦-٠٩-٢١_١٥-٠١-١١_٢٠٢٦-٠٩-٢١_١٥-٢٠-٠٦.png,recording_04,8.00,480,53.305
frame_052,ZED-X_SN45626933_٢٠٢٦-٠٩-٢١_١٥-٠١-١١_٢٠٢٦-٠٩-٢١_١٥-٢٠-٠٧.png,recording_04,8.00,480,47.914
frame_053,ZED-X_SN45626933_٢٠٢٦-٠٩-٢١_١٥-٠١-١١_٢٠٢٦-٠٩-٢١_١٥-٢٠-٠٨.png,recording_04,8.00,480,55.056
frame_054,ZED-X_SN45626933_٢٠٢٦-٠٩-٢١_١٥-٠١-١١_٢٠٢٦-٠٩-٢١_١٥-٢٠-٠٩.png,recording_04,8.00,480,45.482
frame_033,ZED-X_SN45626933_٢٠٢٦-٠٩-٢١_١٥-٠١-١١_٢٠٢٦-٠٩-٢١_١٥-١٩-٤٠.png,recording_04,8.50,510,44.413
frame_034,ZED-X_SN45626933_٢٠٢٦-٠٩-٢١_١٥-٠١-١١_٢٠٢٦-٠٩-٢١_١٥-١٩-٤٢.png,recording_04,8.50,510,34.292
frame_035,ZED-X_SN45626933_٢٠٢٦-٠٩-٢١_١٥-٠١-١١_٢٠٢٦-٠٩-٢١_١٥-١٩-٤٣.png,recording_04,8.50,510,34.531
frame_036,ZED-X_SN45626933_٢٠٢٦-٠٩-٢١_١٥-٠١-١١_٢٠٢٦-٠٩-٢١_١٥-١٩-٤٤.png,recording_04,8.50,510,36.198
frame_037,ZED-X_SN45626933_٢٠٢٦-٠٩-٢١_١٥-٠١-١١_٢٠٢٦-٠٩-٢١_١٥-١٩-٤٥.png,recording_04,8.50,510,36.602
frame_038,ZED-X_SN45626933_٢٠٢٦-٠٩-٢١_١٥-٠١-١١_٢٠٢٦-٠٩-٢١_١٥-١٩-٤٨.png,recording_04,8.50,510,26.573
frame_039,ZED-X_SN45626933_٢٠٢٦-٠٩-٢١_١٥-٠١-١١_٢٠٢٦-٠٩-٢١_١٥-١٩-٥١.png,recording_04,8.50,510,25.643
frame_040,ZED-X_SN45626933_٢٠٢٦-٠٩-٢١_١٥-٠١-١١_٢٠٢٦-٠٩-٢١_١٥-١٩-٥٣.png,recording_04,8.50,510,31.710
frame_041,ZED-X_SN45626933_٢٠٢٦-٠٩-٢١_١٥-٠١-١١_٢٠٢٦-٠٩-٢١_١٥-١٩-٥٤.png,recording_04,8.50,510,42.617
frame_042,ZED-X_SN45626933_٢٠٢٦-٠٩-٢١_١٥-٠١-١١_٢٠٢٦-٠٩-٢١_١٥-١٩-٥٥.png,recording_04,8.50,510,47.632
frame_043,ZED-X_SN45626933_٢٠٢٦-٠٩-٢١_١٥-٠١-١١_٢٠٢٦-٠٩-٢١_١٥-١٩-٥٦.png,recording_04,8.50,510,54.514
frame_044,ZED-X_SN45626933_٢٠٢٦-٠٩-٢١_١٥-٠١-١١_٢٠٢٦-٠٩-٢١_١٥-١٩-٥٧.png,recording_04,8.50,510,49.425
frame_045,ZED-X_SN45626933_٢٠٢٦-٠٩-٢١_١٥-٠١-١١_٢٠٢٦-٠٩-٢١_١٥-١٩-٥٨.png,recording_04,8.50,510,46.672
frame_046,ZED-X_SN45626933_٢٠٢٦-٠٩-٢١_١٥-٠١-١١_٢٠٢٦-٠٩-٢١_١٥-١٩-٥٩.png,recording_04,8.50,510,41.317
frame_047,ZED-X_SN45626933_٢٠٢٦-٠٩-٢١_١٥-٠١-١١_٢٠٢٦-٠٩-٢١_١٥-٢٠-٠١.png,recording_04,8.50,510,47.648
frame_048,ZED-X_SN45626933_٢٠٢٦-٠٩-٢١_١٥-٠١-١١_٢٠٢٦-٠٩-٢١_١٥-٢٠-٠٢.png,recording_04,8.50,510,50.163
frame_049,ZED-X_SN45626933_٢٠٢٦-٠٩-٢١_١٥-٠١-١١_٢٠٢٦-٠٩-٢١_١٥-٢٠-٠٤.png,recording_04,8.50,510,51.588
frame_050,ZED-X_SN45626933_٢٠٢٦-٠٩-٢١_١٥-٠١-١١_٢٠٢٦-٠٩-٢١_١٥-٢٠-٠٥.png,recording_04,8.50,510,49.355
frame_051,ZED-X_SN45626933_٢٠٢٦-٠٩-٢١_١٥-٠١-١١_٢٠٢٦-٠٩-٢١_١٥-٢٠-٠٦.png,recording_04,8.50,510,48.417
frame_052,ZED-X_SN45626933_٢٠٢٦-٠٩-٢١_١٥-٠١-١١_٢٠٢٦-٠٩-٢١_١٥-٢٠-٠٧.png,recording_04,8.50,510,49.269
frame_053,ZED-X_SN45626933_٢٠٢٦-٠٩-٢١_١٥-٠١-١١_٢٠٢٦-٠٩-٢١_١٥-٢٠-٠٨.png,recording_04,8.50,510,51.774
frame_054,ZED-X_SN45626933_٢٠٢٦-٠٩-٢١_١٥-٠١-١١_٢٠٢٦-٠٩-٢١_١٥-٢٠-٠٩.png,recording_04,8.50,510,45.249
frame_033,ZED-X_SN45626933_٢٠٢٦-٠٩-٢١_١٥-٠١-١١_٢٠٢٦-٠٩-٢١_١٥-١٩-٤٠.png,recording_04,9.00,540,43.543
frame_034,ZED-X_SN45626933_٢٠٢٦-٠٩-٢١_١٥-٠١-١١_٢٠٢٦-٠٩-٢١_١٥-١٩-٤٢.png,recording_04,9.00,540,35.518
frame_035,ZED-X_SN45626933_٢٠٢٦-٠٩-٢١_١٥-٠١-١١_٢٠٢٦-٠٩-٢١_١٥-١٩-٤٣.png,recording_04,9.00,540,34.391
frame_036,ZED-X_SN45626933_٢٠٢٦-٠٩-٢١_١٥-٠١-١١_٢٠٢٦-٠٩-٢١_١٥-١٩-٤٤.png,recording_04,9.00,540,37.032
frame_037,ZED-X_SN45626933_٢٠٢٦-٠٩-٢١_١٥-٠١-١١_٢٠٢٦-٠٩-٢١_١٥-١٩-٤٥.png,recording_04,9.00,540,37.132
frame_038,ZED-X_SN45626933_٢٠٢٦-٠٩-٢١_١٥-٠١-١١_٢٠٢٦-٠٩-٢١_١٥-١٩-٤٨.png,recording_04,9.00,540,30.530
frame_039,ZED-X_SN45626933_٢٠٢٦-٠٩-٢١_١٥-٠١-١١_٢٠٢٦-٠٩-٢١_١٥-١٩-٥١.png,recording_04,9.00,540,17.995
frame_040,ZED-X_SN45626933_٢٠٢٦-٠٩-٢١_١٥-٠١-١١_٢٠٢٦-٠٩-٢١_١٥-١٩-٥٣.png,recording_04,9.00,540,26.647
frame_041,ZED-X_SN45626933_٢٠٢٦-٠٩-٢١_١٥-٠١-١١_٢٠٢٦-٠٩-٢١_١٥-١٩-٥٤.png,recording_04,9.00,540,38.112
frame_042,ZED-X_SN45626933_٢٠٢٦-٠٩-٢١_١٥-٠١-١١_٢٠٢٦-٠٩-٢١_١٥-١٩-٥٥.png,recording_04,9.00,540,43.636
frame_043,ZED-X_SN45626933_٢٠٢٦-٠٩-٢١_١٥-٠١-١١_٢٠٢٦-٠٩-٢١_١٥-١٩-٥٦.png,recording_04,9.00,540,52.089
frame_044,ZED-X_SN45626933_٢٠٢٦-٠٩-٢١_١٥-٠١-١١_٢٠٢٦-٠٩-٢١_١٥-١٩-٥٧.png,recording_04,9.00,540,47.609
frame_045,ZED-X_SN45626933_٢٠٢٦-٠٩-٢١_١٥-٠١-١١_٢٠٢٦-٠٩-٢١_١٥-١٩-٥٨.png,recording_04,9.00,540,42.882
frame_046,ZED-X_SN45626933_٢٠٢٦-٠٩-٢١_١٥-٠١-١١_٢٠٢٦-٠٩-٢١_١٥-١٩-٥٩.png,recording_04,9.00,540,43.303
frame_047,ZED-X_SN45626933_٢٠٢٦-٠٩-٢١_١٥-٠١-١١_٢٠٢٦-٠٩-٢١_١٥-٢٠-٠١.png,recording_04,9.00,540,43.251
frame_048,ZED-X_SN45626933_٢٠٢٦-٠٩-٢١_١٥-٠١-١١_٢٠٢٦-٠٩-٢١_١٥-٢٠-٠٢.png,recording_04,9.00,540,46.338
frame_049,ZED-X_SN45626933_٢٠٢٦-٠٩-٢١_١٥-٠١-١١_٢٠٢٦-٠٩-٢١_١٥-٢٠-٠٤.png,recording_04,9.00,540,47.803
frame_050,ZED-X_SN45626933_٢٠٢٦-٠٩-٢١_١٥-٠١-١١_٢٠٢٦-٠٩-٢١_١٥-٢٠-٠٥.png,recording_04,9.00,540,46.433
frame_051,ZED-X_SN45626933_٢٠٢٦-٠٩-٢١_١٥-٠١-١١_٢٠٢٦-٠٩-٢١_١٥-٢٠-٠٦.png,recording_04,9.00,540,46.180
frame_052,ZED-X_SN45626933_٢٠٢٦-٠٩-٢١_١٥-٠١-١١_٢٠٢٦-٠٩-٢١_١٥-٢٠-٠٧.png,recording_04,9.00,540,47.445
frame_053,ZED-X_SN45626933_٢٠٢٦-٠٩-٢١_١٥-٠١-١١_٢٠٢٦-٠٩-٢١_١٥-٢٠-٠٨.png,recording_04,9.00,540,49.471
frame_054,ZED-X_SN45626933_٢٠٢٦-٠٩-٢١_١٥-٠١-١١_٢٠٢٦-٠٩-٢١_١٥-٢٠-٠٩.png,recording_04,9.00,540,44.679
frame_033,ZED-X_SN45626933_٢٠٢٦-٠٩-٢١_١٥-٠١-١١_٢٠٢٦-٠٩-٢١_١٥-١٩-٤٠.png,recording_04,9.50,570,43.522
frame_034,ZED-X_SN45626933_٢٠٢٦-٠٩-٢١_١٥-٠١-١١_٢٠٢٦-٠٩-٢١_١٥-١٩-٤٢.png,recording_04,9.50,570,38.138
frame_035,ZED-X_SN45626933_٢٠٢٦-٠٩-٢١_١٥-٠١-١١_٢٠٢٦-٠٩-٢١_١٥-١٩-٤٣.png,recording_04,9.50,570,34.237
frame_036,ZED-X_SN45626933_٢٠٢٦-٠٩-٢١_١٥-٠١-١١_٢٠٢٦-٠٩-٢١_١٥-١٩-٤٤.png,recording_04,9.50,570,38.098
frame_037,ZED-X_SN45626933_٢٠٢٦-٠٩-٢١_١٥-٠١-١١_٢٠٢٦-٠٩-٢١_١٥-١٩-٤٥.png,recording_04,9.50,570,38.276
frame_038,ZED-X_SN45626933_٢٠٢٦-٠٩-٢١_١٥-٠١-١١_٢٠٢٦-٠٩-٢١_١٥-١٩-٤٨.png,recording_04,9.50,570,32.513
frame_039,ZED-X_SN45626933_٢٠٢٦-٠٩-٢١_١٥-٠١-١١_٢٠٢٦-٠٩-٢١_١٥-١٩-٥١.png,recording_04,9.50,570,9.130
frame_040,ZED-X_SN45626933_٢٠٢٦-٠٩-٢١_١٥-٠١-١١_٢٠٢٦-٠٩-٢١_١٥-١٩-٥٣.png,recording_04,9.50,570,24.543
frame_041,ZED-X_SN45626933_٢٠٢٦-٠٩-٢١_١٥-٠١-١١_٢٠٢٦-٠٩-٢١_١٥-١٩-٥٤.png,recording_04,9.50,570,34.657
frame_042,ZED-X_SN45626933_٢٠٢٦-٠٩-٢١_١٥-٠١-١١_٢٠٢٦-٠٩-٢١_١٥-١٩-٥٥.png,recording_04,9.50,570,41.073
frame_043,ZED-X_SN45626933_٢٠٢٦-٠٩-٢١_١٥-٠١-١١_٢٠٢٦-٠٩-٢١_١٥-١٩-٥٦.png,recording_04,9.50,570,52.804
frame_044,ZED-X_SN45626933_٢٠٢٦-٠٩-٢١_١٥-٠١-١١_٢٠٢٦-٠٩-٢١_١٥-١٩-٥٧.png,recording_04,9.50,570,48.532
frame_045,ZED-X_SN45626933_٢٠٢٦-٠٩-٢١_١٥-٠١-١١_٢٠٢٦-٠٩-٢١_١٥-١٩-٥٨.png,recording_04,9.50,570,39.966
frame_046,ZED-X_SN45626933_٢٠٢٦-٠٩-٢١_١٥-٠١-١١_٢٠٢٦-٠٩-٢١_١٥-١٩-٥٩.png,recording_04,9.50,570,44.921
frame_047,ZED-X_SN45626933_٢٠٢٦-٠٩-٢١_١٥-٠١-١١_٢٠٢٦-٠٩-٢١_١٥-٢٠-٠١.png,recording_04,9.50,570,41.331
frame_048,ZED-X_SN45626933_٢٠٢٦-٠٩-٢١_١٥-٠١-١١_٢٠٢٦-٠٩-٢١_١٥-٢٠-٠٢.png,recording_04,9.50,570,44.740
frame_049,ZED-X_SN45626933_٢٠٢٦-٠٩-٢١_١٥-٠١-١١_٢٠٢٦-٠٩-٢١_١٥-٢٠-٠٤.png,recording_04,9.50,570,47.072
frame_050,ZED-X_SN45626933_٢٠٢٦-٠٩-٢١_١٥-٠١-١١_٢٠٢٦-٠٩-٢١_١٥-٢٠-٠٥.png,recording_04,9.50,570,46.753
frame_051,ZED-X_SN45626933_٢٠٢٦-٠٩-٢١_١٥-٠١-١١_٢٠٢٦-٠٩-٢١_١٥-٢٠-٠٦.png,recording_04,9.50,570,43.095
frame_052,ZED-X_SN45626933_٢٠٢٦-٠٩-٢١_١٥-٠١-١١_٢٠٢٦-٠٩-٢١_١٥-٢٠-٠٧.png,recording_04,9.50,570,45.713
frame_053,ZED-X_SN45626933_٢٠٢٦-٠٩-٢١_١٥-٠١-١١_٢٠٢٦-٠٩-٢١_١٥-٢٠-٠٨.png,recording_04,9.50,570,49.697
frame_054,ZED-X_SN45626933_٢٠٢٦-٠٩-٢١_١٥-٠١-١١_٢٠٢٦-٠٩-٢١_١٥-٢٠-٠٩.png,recording_04,9.50,570,44.413
frame_033,ZED-X_SN45626933_٢٠٢٦-٠٩-٢١_١٥-٠١-١١_٢٠٢٦-٠٩-٢١_١٥-١٩-٤٠.png,recording_04,10.00,600,43.056
frame_034,ZED-X_SN45626933_٢٠٢٦-٠٩-٢١_١٥-٠١-١١_٢٠٢٦-٠٩-٢١_١٥-١٩-٤٢.png,recording_04,10.00,600,37.845
frame_035,ZED-X_SN45626933_٢٠٢٦-٠٩-٢١_١٥-٠١-١١_٢٠٢٦-٠٩-٢١_١٥-١٩-٤٣.png,recording_04,10.00,600,34.694
frame_036,ZED-X_SN45626933_٢٠٢٦-٠٩-٢١_١٥-٠١-١١_٢٠٢٦-٠٩-٢١_١٥-١٩-٤٤.png,recording_04,10.00,600,38.107
frame_037,ZED-X_SN45626933_٢٠٢٦-٠٩-٢١_١٥-٠١-١١_٢٠٢٦-٠٩-٢١_١٥-١٩-٤٥.png,recording_04,10.00,600,38.337
frame_038,ZED-X_SN45626933_٢٠٢٦-٠٩-٢١_١٥-٠١-١١_٢٠٢٦-٠٩-٢١_١٥-١٩-٤٨.png,recording_04,10.00,600,32.527
frame_039,ZED-X_SN45626933_٢٠٢٦-٠٩-٢١_١٥-٠١-١١_٢٠٢٦-٠٩-٢١_١٥-١٩-٥١.png,recording_04,10.00,600,10.999
frame_040,ZED-X_SN45626933_٢٠٢٦-٠٩-٢١_١٥-٠١-١١_٢٠٢٦-٠٩-٢١_١٥-١٩-٥٣.png,recording_04,10.00,600,24.165
frame_041,ZED-X_SN45626933_٢٠٢٦-٠٩-٢١_١٥-٠١-١١_٢٠٢٦-٠٩-٢١_١٥-١٩-٥٤.png,recording_04,10.00,600,34.487
frame_042,ZED-X_SN45626933_٢٠٢٦-٠٩-٢١_١٥-٠١-١١_٢٠٢٦-٠٩-٢١_١٥-١٩-٥٥.png,recording_04,10.00,600,40.356
frame_043,ZED-X_SN45626933_٢٠٢٦-٠٩-٢١_١٥-٠١-١١_٢٠٢٦-٠٩-٢١_١٥-١٩-٥٦.png,recording_04,10.00,600,51.591
frame_044,ZED-X_SN45626933_٢٠٢٦-٠٩-٢١_١٥-٠١-١١_٢٠٢٦-٠٩-٢١_١٥-١٩-٥٧.png,recording_04,10.00,600,47.087
frame_045,ZED-X_SN45626933_٢٠٢٦-٠٩-٢١_١٥-٠١-١١_٢٠٢٦-٠٩-٢١_١٥-١٩-٥٨.png,recording_04,10.00,600,39.663
frame_046,ZED-X_SN45626933_٢٠٢٦-٠٩-٢١_١٥-٠١-١١_٢٠٢٦-٠٩-٢١_١٥-١٩-٥٩.png,recording_04,10.00,600,44.317
frame_047,ZED-X_SN45626933_٢٠٢٦-٠٩-٢١_١٥-٠١-١١_٢٠٢٦-٠٩-٢١_١٥-٢٠-٠١.png,recording_04,10.00,600,40.909
frame_048,ZED-X_SN45626933_٢٠٢٦-٠٩-٢١_١٥-٠١-١١_٢٠٢٦-٠٩-٢١_١٥-٢٠-٠٢.png,recording_04,10.00,600,44.825
frame_049,ZED-X_SN45626933_٢٠٢٦-٠٩-٢١_١٥-٠١-١١_٢٠٢٦-٠٩-٢١_١٥-٢٠-٠٤.png,recording_04,10.00,600,47.152
frame_050,ZED-X_SN45626933_٢٠٢٦-٠٩-٢١_١٥-٠١-١١_٢٠٢٦-٠٩-٢١_١٥-٢٠-٠٥.png,recording_04,10.00,600,46.268
frame_051,ZED-X_SN45626933_٢٠٢٦-٠٩-٢١_١٥-٠١-١١_٢٠٢٦-٠٩-٢١_١٥-٢٠-٠٦.png,recording_04,10.00,600,43.798
frame_052,ZED-X_SN45626933_٢٠٢٦-٠٩-٢١_١٥-٠١-١١_٢٠٢٦-٠٩-٢١_١٥-٢٠-٠٧.png,recording_04,10.00,600,45.439
frame_053,ZED-X_SN45626933_٢٠٢٦-٠٩-٢١_١٥-٠١-١١_٢٠٢٦-٠٩-٢١_١٥-٢٠-٠٨.png,recording_04,10.00,600,50.256
frame_054,ZED-X_SN45626933_٢٠٢٦-٠٩-٢١_١٥-٠١-١١_٢٠٢٦-٠٩-٢١_١٥-٢٠-٠٩.png,recording_04,10.00,600,44.764
frame_033,ZED-X_SN45626933_٢٠٢٦-٠٩-٢١_١٥-٠١-١١_٢٠٢٦-٠٩-٢١_١٥-١٩-٤٠.png,recording_04,10.50,630,42.974
frame_034,ZED-X_SN45626933_٢٠٢٦-٠٩-٢١_١٥-٠١-١١_٢٠٢٦-٠٩-٢١_١٥-١٩-٤٢.png,recording_04,10.50,630,37.477
frame_035,ZED-X_SN45626933_٢٠٢٦-٠٩-٢١_١٥-٠١-١١_٢٠٢٦-٠٩-٢١_١٥-١٩-٤٣.png,recording_04,10.50,630,34.715
frame_036,ZED-X_SN45626933_٢٠٢٦-٠٩-٢١_١٥-٠١-١١_٢٠٢٦-٠٩-٢١_١٥-١٩-٤٤.png,recording_04,10.50,630,38.585
frame_037,ZED-X_SN45626933_٢٠٢٦-٠٩-٢١_١٥-٠١-١١_٢٠٢٦-٠٩-٢١_١٥-١٩-٤٥.png,recording_04,10.50,630,38.706
frame_038,ZED-X_SN45626933_٢٠٢٦-٠٩-٢١_١٥-٠١-١١_٢٠٢٦-٠٩-٢١_١٥-١٩-٤٨.png,recording_04,10.50,630,31.556
frame_039,ZED-X_SN45626933_٢٠٢٦-٠٩-٢١_١٥-٠١-١١_٢٠٢٦-٠٩-٢١_١٥-١٩-٥١.png,recording_04,10.50,630,15.489
frame_040,ZED-X_SN45626933_٢٠٢٦-٠٩-٢١_١٥-٠١-١١_٢٠٢٦-٠٩-٢١_١٥-١٩-٥٣.png,recording_04,10.50,630,22.681
frame_041,ZED-X_SN45626933_٢٠٢٦-٠٩-٢١_١٥-٠١-١١_٢٠٢٦-٠٩-٢١_١٥-١٩-٥٤.png,recording_04,10.50,630,32.308
frame_042,ZED-X_SN45626933_٢٠٢٦-٠٩-٢١_١٥-٠١-١١_٢٠٢٦-٠٩-٢١_١٥-١٩-٥٥.png,recording_04,10.50,630,38.754
frame_043,ZED-X_SN45626933_٢٠٢٦-٠٩-٢١_١٥-٠١-١١_٢٠٢٦-٠٩-٢١_١٥-١٩-٥٦.png,recording_04,10.50,630,50.060
frame_044,ZED-X_SN45626933_٢٠٢٦-٠٩-٢١_١٥-٠١-١١_٢٠٢٦-٠٩-٢١_١٥-١٩-٥٧.png,recording_04,10.50,630,44.828
frame_045,ZED-X_SN45626933_٢٠٢٦-٠٩-٢١_١٥-٠١-١١_٢٠٢٦-٠٩-٢١_١٥-١٩-٥٨.png,recording_04,10.50,630,38.573
frame_046,ZED-X_SN45626933_٢٠٢٦-٠٩-٢١_١٥-٠١-١١_٢٠٢٦-٠٩-٢١_١٥-١٩-٥٩.png,recording_04,10.50,630,43.481
frame_047,ZED-X_SN45626933_٢٠٢٦-٠٩-٢١_١٥-٠١-١١_٢٠٢٦-٠٩-٢١_١٥-٢٠-٠١.png,recording_04,10.50,630,39.524
frame_048,ZED-X_SN45626933_٢٠٢٦-٠٩-٢١_١٥-٠١-١١_٢٠٢٦-٠٩-٢١_١٥-٢٠-٠٢.png,recording_04,10.50,630,42.684
frame_049,ZED-X_SN45626933_٢٠٢٦-٠٩-٢١_١٥-٠١-١١_٢٠٢٦-٠٩-٢١_١٥-٢٠-٠٤.png,recording_04,10.50,630,44.904
frame_050,ZED-X_SN45626933_٢٠٢٦-٠٩-٢١_١٥-٠١-١١_٢٠٢٦-٠٩-٢١_١٥-٢٠-٠٥.png,recording_04,10.50,630,45.105
frame_051,ZED-X_SN45626933_٢٠٢٦-٠٩-٢١_١٥-٠١-١١_٢٠٢٦-٠٩-٢١_١٥-٢٠-٠٦.png,recording_04,10.50,630,43.340
frame_052,ZED-X_SN45626933_٢٠٢٦-٠٩-٢١_١٥-٠١-١١_٢٠٢٦-٠٩-٢١_١٥-٢٠-٠٧.png,recording_04,10.50,630,44.278
frame_053,ZED-X_SN45626933_٢٠٢٦-٠٩-٢١_١٥-٠١-١١_٢٠٢٦-٠٩-٢١_١٥-٢٠-٠٨.png,recording_04,10.50,630,49.443
frame_054,ZED-X_SN45626933_٢٠٢٦-٠٩-٢١_١٥-٠١-١١_٢٠٢٦-٠٩-٢١_١٥-٢٠-٠٩.png,recording_04,10.50,630,43.922
frame_033,ZED-X_SN45626933_٢٠٢٦-٠٩-٢١_١٥-٠١-١١_٢٠٢٦-٠٩-٢١_١٥-١٩-٤٠.png,recording_04,11.00,660,45.374
frame_034,ZED-X_SN45626933_٢٠٢٦-٠٩-٢١_١٥-٠١-١١_٢٠٢٦-٠٩-٢١_١٥-١٩-٤٢.png,recording_04,11.00,660,36.714
frame_035,ZED-X_SN45626933_٢٠٢٦-٠٩-٢١_١٥-٠١-١١_٢٠٢٦-٠٩-٢١_١٥-١٩-٤٣.png,recording_04,11.00,660,36.596
frame_036,ZED-X_SN45626933_٢٠٢٦-٠٩-٢١_١٥-٠١-١١_٢٠٢٦-٠٩-٢١_١٥-١٩-٤٤.png,recording_04,11.00,660,38.261
frame_037,ZED-X_SN45626933_٢٠٢٦-٠٩-٢١_١٥-٠١-١١_٢٠٢٦-٠٩-٢١_١٥-١٩-٤٥.png,recording_04,11.00,660,38.068
frame_038,ZED-X_SN45626933_٢٠٢٦-٠٩-٢١_١٥-٠١-١١_٢٠٢٦-٠٩-٢١_١٥-١٩-٤٨.png,recording_04,11.00,660,34.892
frame_039,ZED-X_SN45626933_٢٠٢٦-٠٩-٢١_١٥-٠١-١١_٢٠٢٦-٠٩-٢١_١٥-١٩-٥١.png,recording_04,11.00,660,23.454
frame_040,ZED-X_SN45626933_٢٠٢٦-٠٩-٢١_١٥-٠١-١١_٢٠٢٦-٠٩-٢١_١٥-١٩-٥٣.png,recording_04,11.00,660,18.514
frame_041,ZED-X_SN45626933_٢٠٢٦-٠٩-٢١_١٥-٠١-١١_٢٠٢٦-٠٩-٢١_١٥-١٩-٥٤.png,recording_04,11.00,660,32.478
frame_042,ZED-X_SN45626933_٢٠٢٦-٠٩-٢١_١٥-٠١-١١_٢٠٢٦-٠٩-٢١_١٥-١٩-٥٥.png,recording_04,11.00,660,36.543
frame_043,ZED-X_SN45626933_٢٠٢٦-٠٩-٢١_١٥-٠١-١١_٢٠٢٦-٠٩-٢١_١٥-١٩-٥٦.png,recording_04,11.00,660,46.087
frame_044,ZED-X_SN45626933_٢٠٢٦-٠٩-٢١_١٥-٠١-١١_٢٠٢٦-٠٩-٢١_١٥-١٩-٥٧.png,recording_04,11.00,660,42.254
frame_045,ZED-X_SN45626933_٢٠٢٦-٠٩-٢١_١٥-٠١-١١_٢٠٢٦-٠٩-٢١_١٥-١٩-٥٨.png,recording_04,11.00,660,39.507
frame_046,ZED-X_SN45626933_٢٠٢٦-٠٩-٢١_١٥-٠١-١١_٢٠٢٦-٠٩-٢١_١٥-١٩-٥٩.png,recording_04,11.00,660,40.064
frame_047,ZED-X_SN45626933_٢٠٢٦-٠٩-٢١_١٥-٠١-١١_٢٠٢٦-٠٩-٢١_١٥-٢٠-٠١.png,recording_04,11.00,660,38.898
frame_048,ZED-X_SN45626933_٢٠٢٦-٠٩-٢١_١٥-٠١-١١_٢٠٢٦-٠٩-٢١_١٥-٢٠-٠٢.png,recording_04,11.00,660,42.642
frame_049,ZED-X_SN45626933_٢٠٢٦-٠٩-٢١_١٥-٠١-١١_٢٠٢٦-٠٩-٢١_١٥-٢٠-٠٤.png,recording_04,11.00,660,45.086
frame_050,ZED-X_SN45626933_٢٠٢٦-٠٩-٢١_١٥-٠١-١١_٢٠٢٦-٠٩-٢١_١٥-٢٠-٠٥.png,recording_04,11.00,660,40.910
frame_051,ZED-X_SN45626933_٢٠٢٦-٠٩-٢١_١٥-٠١-١١_٢٠٢٦-٠٩-٢١_١٥-٢٠-٠٦.png,recording_04,11.00,660,42.129
frame_052,ZED-X_SN45626933_٢٠٢٦-٠٩-٢١_١٥-٠١-١١_٢٠٢٦-٠٩-٢١_١٥-٢٠-٠٧.png,recording_04,11.00,660,43.951
frame_053,ZED-X_SN45626933_٢٠٢٦-٠٩-٢١_١٥-٠١-١١_٢٠٢٦-٠٩-٢١_١٥-٢٠-٠٨.png,recording_04,11.00,660,48.441
frame_054,ZED-X_SN45626933_٢٠٢٦-٠٩-٢١_١٥-٠١-١١_٢٠٢٦-٠٩-٢١_١٥-٢٠-٠٩.png,recording_04,11.00,660,39.674
frame_033,ZED-X_SN45626933_٢٠٢٦-٠٩-٢١_١٥-٠١-١١_٢٠٢٦-٠٩-٢١_١٥-١٩-٤٠.png,recording_04,11.50,690,44.669
frame_034,ZED-X_SN45626933_٢٠٢٦-٠٩-٢١_١٥-٠١-١١_٢٠٢٦-٠٩-٢١_١٥-١٩-٤٢.png,recording_04,11.50,690,34.814
frame_035,ZED-X_SN45626933_٢٠٢٦-٠٩-٢١_١٥-٠١-١١_٢٠٢٦-٠٩-٢١_١٥-١٩-٤٣.png,recording_04,11.50,690,35.663
frame_036,ZED-X_SN45626933_٢٠٢٦-٠٩-٢١_١٥-٠١-١١_٢٠٢٦-٠٩-٢١_١٥-١٩-٤٤.png,recording_04,11.50,690,37.443
frame_037,ZED-X_SN45626933_٢٠٢٦-٠٩-٢١_١٥-٠١-١١_٢٠٢٦-٠٩-٢١_١٥-١٩-٤٥.png,recording_04,11.50,690,37.169
frame_038,ZED-X_SN45626933_٢٠٢٦-٠٩-٢١_١٥-٠١-١١_٢٠٢٦-٠٩-٢١_١٥-١٩-٤٨.png,recording_04,11.50,690,33.442
frame_039,ZED-X_SN45626933_٢٠٢٦-٠٩-٢١_١٥-٠١-١١_٢٠٢٦-٠٩-٢١_١٥-١٩-٥١.png,recording_04,11.50,690,22.541
frame_040,ZED-X_SN45626933_٢٠٢٦-٠٩-٢١_١٥-٠١-١١_٢٠٢٦-٠٩-٢١_١٥-١٩-٥٣.png,recording_04,11.50,690,16.861
frame_041,ZED-X_SN45626933_٢٠٢٦-٠٩-٢١_١٥-٠١-١١_٢٠٢٦-٠٩-٢١_١٥-١٩-٥٤.png,recording_04,11.50,690,31.050
frame_042,ZED-X_SN45626933_٢٠٢٦-٠٩-٢١_١٥-٠١-١١_٢٠٢٦-٠٩-٢١_١٥-١٩-٥٥.png,recording_04,11.50,690,35.351
frame_043,ZED-X_SN45626933_٢٠٢٦-٠٩-٢١_١٥-٠١-١١_٢٠٢٦-٠٩-٢١_١٥-١٩-٥٦.png,recording_04,11.50,690,44.241
frame_044,ZED-X_SN45626933_٢٠٢٦-٠٩-٢١_١٥-٠١-١١_٢٠٢٦-٠٩-٢١_١٥-١٩-٥٧.png,recording_04,11.50,690,40.752
frame_045,ZED-X_SN45626933_٢٠٢٦-٠٩-٢١_١٥-٠١-١١_٢٠٢٦-٠٩-٢١_١٥-١٩-٥٨.png,recording_04,11.50,690,39.240
frame_046,ZED-X_SN45626933_٢٠٢٦-٠٩-٢١_١٥-٠١-١١_٢٠٢٦-٠٩-٢١_١٥-١٩-٥٩.png,recording_04,11.50,690,38.746
frame_047,ZED-X_SN45626933_٢٠٢٦-٠٩-٢١_١٥-٠١-١١_٢٠٢٦-٠٩-٢١_١٥-٢٠-٠١.png,recording_04,11.50,690,39.185
frame_048,ZED-X_SN45626933_٢٠٢٦-٠٩-٢١_١٥-٠١-١١_٢٠٢٦-٠٩-٢١_١٥-٢٠-٠٢.png,recording_04,11.50,690,43.053
frame_049,ZED-X_SN45626933_٢٠٢٦-٠٩-٢١_١٥-٠١-١١_٢٠٢٦-٠٩-٢١_١٥-٢٠-٠٤.png,recording_04,11.50,690,45.908
frame_050,ZED-X_SN45626933_٢٠٢٦-٠٩-٢١_١٥-٠١-١١_٢٠٢٦-٠٩-٢١_١٥-٢٠-٠٥.png,recording_04,11.50,690,39.384
frame_051,ZED-X_SN45626933_٢٠٢٦-٠٩-٢١_١٥-٠١-١١_٢٠٢٦-٠٩-٢١_١٥-٢٠-٠٦.png,recording_04,11.50,690,42.238
frame_052,ZED-X_SN45626933_٢٠٢٦-٠٩-٢١_١٥-٠١-١١_٢٠٢٦-٠٩-٢١_١٥-٢٠-٠٧.png,recording_04,11.50,690,43.241
frame_053,ZED-X_SN45626933_٢٠٢٦-٠٩-٢١_١٥-٠١-١١_٢٠٢٦-٠٩-٢١_١٥-٢٠-٠٨.png,recording_04,11.50,690,47.706
frame_054,ZED-X_SN45626933_٢٠٢٦-٠٩-٢١_١٥-٠١-١١_٢٠٢٦-٠٩-٢١_١٥-٢٠-٠٩.png,recording_04,11.50,690,40.006
frame_033,ZED-X_SN45626933_٢٠٢٦-٠٩-٢١_١٥-٠١-١١_٢٠٢٦-٠٩-٢١_١٥-١٩-٤٠.png,recording_04,12.00,720,45.300
frame_034,ZED-X_SN45626933_٢٠٢٦-٠٩-٢١_١٥-٠١-١١_٢٠٢٦-٠٩-٢١_١٥-١٩-٤٢.png,recording_04,12.00,720,36.956
frame_035,ZED-X_SN45626933_٢٠٢٦-٠٩-٢١_١٥-٠١-١١_٢٠٢٦-٠٩-٢١_١٥-١٩-٤٣.png,recording_04,12.00,720,37.597
frame_036,ZED-X_SN45626933_٢٠٢٦-٠٩-٢١_١٥-٠١-١١_٢٠٢٦-٠٩-٢١_١٥-١٩-٤٤.png,recording_04,12.00,720,38.116
frame_037,ZED-X_SN45626933_٢٠٢٦-٠٩-٢١_١٥-٠١-١١_٢٠٢٦-٠٩-٢١_١٥-١٩-٤٥.png,recording_04,12.00,720,37.915
frame_038,ZED-X_SN45626933_٢٠٢٦-٠٩-٢١_١٥-٠١-١١_٢٠٢٦-٠٩-٢١_١٥-١٩-٤٨.png,recording_04,12.00,720,34.930
frame_039,ZED-X_SN45626933_٢٠٢٦-٠٩-٢١_١٥-٠١-١١_٢٠٢٦-٠٩-٢١_١٥-١٩-٥١.png,recording_04,12.00,720,24.380
frame_040,ZED-X_SN45626933_٢٠٢٦-٠٩-٢١_١٥-٠١-١١_٢٠٢٦-٠٩-٢١_١٥-١٩-٥٣.png,recording_04,12.00,720,7.767
frame_041,ZED-X_SN45626933_٢٠٢٦-٠٩-٢١_١٥-٠١-١١_٢٠٢٦-٠٩-٢١_١٥-١٩-٥٤.png,recording_04,12.00,720,29.838
frame_042,ZED-X_SN45626933_٢٠٢٦-٠٩-٢١_١٥-٠١-١١_٢٠٢٦-٠٩-٢١_١٥-١٩-٥٥.png,recording_04,12.00,720,32.542
frame_043,ZED-X_SN45626933_٢٠٢٦-٠٩-٢١_١٥-٠١-١١_٢٠٢٦-٠٩-٢١_١٥-١٩-٥٦.png,recording_04,12.00,720,43.270
frame_044,ZED-X_SN45626933_٢٠٢٦-٠٩-٢١_١٥-٠١-١١_٢٠٢٦-٠٩-٢١_١٥-١٩-٥٧.png,recording_04,12.00,720,40.038
frame_045,ZED-X_SN45626933_٢٠٢٦-٠٩-٢١_١٥-٠١-١١_٢٠٢٦-٠٩-٢١_١٥-١٩-٥٨.png,recording_04,12.00,720,38.626
frame_046,ZED-X_SN45626933_٢٠٢٦-٠٩-٢١_١٥-٠١-١١_٢٠٢٦-٠٩-٢١_١٥-١٩-٥٩.png,recording_04,12.00,720,38.037
frame_047,ZED-X_SN45626933_٢٠٢٦-٠٩-٢١_١٥-٠١-١١_٢٠٢٦-٠٩-٢١_١٥-٢٠-٠١.png,recording_04,12.00,720,38.095
frame_048,ZED-X_SN45626933_٢٠٢٦-٠٩-٢١_١٥-٠١-١١_٢٠٢٦-٠٩-٢١_١٥-٢٠-٠٢.png,recording_04,12.00,720,43.093
frame_049,ZED-X_SN45626933_٢٠٢٦-٠٩-٢١_١٥-٠١-١١_٢٠٢٦-٠٩-٢١_١٥-٢٠-٠٤.png,recording_04,12.00,720,45.523
frame_050,ZED-X_SN45626933_٢٠٢٦-٠٩-٢١_١٥-٠١-١١_٢٠٢٦-٠٩-٢١_١٥-٢٠-٠٥.png,recording_04,12.00,720,38.387
frame_051,ZED-X_SN45626933_٢٠٢٦-٠٩-٢١_١٥-٠١-١١_٢٠٢٦-٠٩-٢١_١٥-٢٠-٠٦.png,recording_04,12.00,720,40.540
frame_052,ZED-X_SN45626933_٢٠٢٦-٠٩-٢١_١٥-٠١-١١_٢٠٢٦-٠٩-٢١_١٥-٢٠-٠٧.png,recording_04,12.00,720,42.052
frame_053,ZED-X_SN45626933_٢٠٢٦-٠٩-٢١_١٥-٠١-١١_٢٠٢٦-٠٩-٢١_١٥-٢٠-٠٨.png,recording_04,12.00,720,48.191
frame_054,ZED-X_SN45626933_٢٠٢٦-٠٩-٢١_١٥-٠١-١١_٢٠٢٦-٠٩-٢١_١٥-٢٠-٠٩.png,recording_04,12.00,720,39.844
frame_033,ZED-X_SN45626933_٢٠٢٦-٠٩-٢١_١٥-٠١-١١_٢٠٢٦-٠٩-٢١_١٥-١٩-٤٠.png,recording_04,12.50,750,46.536
frame_034,ZED-X_SN45626933_٢٠٢٦-٠٩-٢١_١٥-٠١-١١_٢٠٢٦-٠٩-٢١_١٥-١٩-٤٢.png,recording_04,12.50,750,43.135
frame_035,ZED-X_SN45626933_٢٠٢٦-٠٩-٢١_١٥-٠١-١١_٢٠٢٦-٠٩-٢١_١٥-١٩-٤٣.png,recording_04,12.50,750,43.804
frame_036,ZED-X_SN45626933_٢٠٢٦-٠٩-٢١_١٥-٠١-١١_٢٠٢٦-٠٩-٢١_١٥-١٩-٤٤.png,recording_04,12.50,750,45.454
frame_037,ZED-X_SN45626933_٢٠٢٦-٠٩-٢١_١٥-٠١-١١_٢٠٢٦-٠٩-٢١_١٥-١٩-٤٥.png,recording_04,12.50,750,45.353
frame_038,ZED-X_SN45626933_٢٠٢٦-٠٩-٢١_١٥-٠١-١١_٢٠٢٦-٠٩-٢١_١٥-١٩-٤٨.png,recording_04,12.50,750,43.014
frame_039,ZED-X_SN45626933_٢٠٢٦-٠٩-٢١_١٥-٠١-١١_٢٠٢٦-٠٩-٢١_١٥-١٩-٥١.png,recording_04,12.50,750,31.868
frame_040,ZED-X_SN45626933_٢٠٢٦-٠٩-٢١_١٥-٠١-١١_٢٠٢٦-٠٩-٢١_١٥-١٩-٥٣.png,recording_04,12.50,750,26.624
frame_041,ZED-X_SN45626933_٢٠٢٦-٠٩-٢١_١٥-٠١-١١_٢٠٢٦-٠٩-٢١_١٥-١٩-٥٤.png,recording_04,12.50,750,18.814
frame_042,ZED-X_SN45626933_٢٠٢٦-٠٩-٢١_١٥-٠١-١١_٢٠٢٦-٠٩-٢١_١٥-١٩-٥٥.png,recording_04,12.50,750,29.806
frame_043,ZED-X_SN45626933_٢٠٢٦-٠٩-٢١_١٥-٠١-١١_٢٠٢٦-٠٩-٢١_١٥-١٩-٥٦.png,recording_04,12.50,750,42.447
frame_044,ZED-X_SN45626933_٢٠٢٦-٠٩-٢١_١٥-٠١-١١_٢٠٢٦-٠٩-٢١_١٥-١٩-٥٧.png,recording_04,12.50,750,39.155
frame_045,ZED-X_SN45626933_٢٠٢٦-٠٩-٢١_١٥-٠١-١١_٢٠٢٦-٠٩-٢١_١٥-١٩-٥٨.png,recording_04,12.50,750,29.856
frame_046,ZED-X_SN45626933_٢٠٢٦-٠٩-٢١_١٥-٠١-١١_٢٠٢٦-٠٩-٢١_١٥-١٩-٥٩.png,recording_04,12.50,750,40.836
frame_047,ZED-X_SN45626933_٢٠٢٦-٠٩-٢١_١٥-٠١-١١_٢٠٢٦-٠٩-٢١_١٥-٢٠-٠١.png,recording_04,12.50,750,32.442
frame_048,ZED-X_SN45626933_٢٠٢٦-٠٩-٢١_١٥-٠١-١١_٢٠٢٦-٠٩-٢١_١٥-٢٠-٠٢.png,recording_04,12.50,750,36.617
frame_049,ZED-X_SN45626933_٢٠٢٦-٠٩-٢١_١٥-٠١-١١_٢٠٢٦-٠٩-٢١_١٥-٢٠-٠٤.png,recording_04,12.50,750,40.465
frame_050,ZED-X_SN45626933_٢٠٢٦-٠٩-٢١_١٥-٠١-١١_٢٠٢٦-٠٩-٢١_١٥-٢٠-٠٥.png,recording_04,12.50,750,41.486
frame_051,ZED-X_SN45626933_٢٠٢٦-٠٩-٢١_١٥-٠١-١١_٢٠٢٦-٠٩-٢١_١٥-٢٠-٠٦.png,recording_04,12.50,750,40.200
frame_052,ZED-X_SN45626933_٢٠٢٦-٠٩-٢١_١٥-٠١-١١_٢٠٢٦-٠٩-٢١_١٥-٢٠-٠٧.png,recording_04,12.50,750,43.998
frame_053,ZED-X_SN45626933_٢٠٢٦-٠٩-٢١_١٥-٠١-١١_٢٠٢٦-٠٩-٢١_١٥-٢٠-٠٨.png,recording_04,12.50,750,45.485
frame_054,ZED-X_SN45626933_٢٠٢٦-٠٩-٢١_١٥-٠١-١١_٢٠٢٦-٠٩-٢١_١٥-٢٠-٠٩.png,recording_04,12.50,750,40.110
frame_033,ZED-X_SN45626933_٢٠٢٦-٠٩-٢١_١٥-٠١-١١_٢٠٢٦-٠٩-٢١_١٥-١٩-٤٠.png,recording_04,13.00,780,45.030
frame_034,ZED-X_SN45626933_٢٠٢٦-٠٩-٢١_١٥-٠١-١١_٢٠٢٦-٠٩-٢١_١٥-١٩-٤٢.png,recording_04,13.00,780,44.295
frame_035,ZED-X_SN45626933_٢٠٢٦-٠٩-٢١_١٥-٠١-١١_٢٠٢٦-٠٩-٢١_١٥-١٩-٤٣.png,recording_04,13.00,780,45.811
frame_036,ZED-X_SN45626933_٢٠٢٦-٠٩-٢١_١٥-٠١-١١_٢٠٢٦-٠٩-٢١_١٥-١٩-٤٤.png,recording_04,13.00,780,47.900
frame_037,ZED-X_SN45626933_٢٠٢٦-٠٩-٢١_١٥-٠١-١١_٢٠٢٦-٠٩-٢١_١٥-١٩-٤٥.png,recording_04,13.00,780,47.626
frame_038,ZED-X_SN45626933_٢٠٢٦-٠٩-٢١_١٥-٠١-١١_٢٠٢٦-٠٩-٢١_١٥-١٩-٤٨.png,recording_04,13.00,780,45.396
frame_039,ZED-X_SN45626933_٢٠٢٦-٠٩-٢١_١٥-٠١-١١_٢٠٢٦-٠٩-٢١_١٥-١٩-٥١.png,recording_04,13.00,780,35.118
frame_040,ZED-X_SN45626933_٢٠٢٦-٠٩-٢١_١٥-٠١-١١_٢٠٢٦-٠٩-٢١_١٥-١٩-٥٣.png,recording_04,13.00,780,30.687
frame_041,ZED-X_SN45626933_٢٠٢٦-٠٩-٢١_١٥-٠١-١١_٢٠٢٦-٠٩-٢١_١٥-١٩-٥٤.png,recording_04,13.00,780,7.200
frame_042,ZED-X_SN45626933_٢٠٢٦-٠٩-٢١_١٥-٠١-١١_٢٠٢٦-٠٩-٢١_١٥-١٩-٥٥.png,recording_04,13.00,780,26.586
frame_043,ZED-X_SN45626933_٢٠٢٦-٠٩-٢١_١٥-٠١-١١_٢٠٢٦-٠٩-٢١_١٥-١٩-٥٦.png,recording_04,13.00,780,40.148
frame_044,ZED-X_SN45626933_٢٠٢٦-٠٩-٢١_١٥-٠١-١١_٢٠٢٦-٠٩-٢١_١٥-١٩-٥٧.png,recording_04,13.00,780,37.999
frame_045,ZED-X_SN45626933_٢٠٢٦-٠٩-٢١_١٥-٠١-١١_٢٠٢٦-٠٩-٢١_١٥-١٩-٥٨.png,recording_04,13.00,780,29.182
frame_046,ZED-X_SN45626933_٢٠٢٦-٠٩-٢١_١٥-٠١-١١_٢٠٢٦-٠٩-٢١_١٥-١٩-٥٩.png,recording_04,13.00,780,40.033
frame_047,ZED-X_SN45626933_٢٠٢٦-٠٩-٢١_١٥-٠١-١١_٢٠٢٦-٠٩-٢١_١٥-٢٠-٠١.png,recording_04,13.00,780,32.649
frame_048,ZED-X_SN45626933_٢٠٢٦-٠٩-٢١_١٥-٠١-١١_٢٠٢٦-٠٩-٢١_١٥-٢٠-٠٢.png,recording_04,13.00,780,35.690
frame_049,ZED-X_SN45626933_٢٠٢٦-٠٩-٢١_١٥-٠١-١١_٢٠٢٦-٠٩-٢١_١٥-٢٠-٠٤.png,recording_04,13.00,780,40.844
frame_050,ZED-X_SN45626933_٢٠٢٦-٠٩-٢١_١٥-٠١-١١_٢٠٢٦-٠٩-٢١_١٥-٢٠-٠٥.png,recording_04,13.00,780,41.070
frame_051,ZED-X_SN45626933_٢٠٢٦-٠٩-٢١_١٥-٠١-١١_٢٠٢٦-٠٩-٢١_١٥-٢٠-٠٦.png,recording_04,13.00,780,40.638
frame_052,ZED-X_SN45626933_٢٠٢٦-٠٩-٢١_١٥-٠١-١١_٢٠٢٦-٠٩-٢١_١٥-٢٠-٠٧.png,recording_04,13.00,780,43.183
frame_053,ZED-X_SN45626933_٢٠٢٦-٠٩-٢١_١٥-٠١-١١_٢٠٢٦-٠٩-٢١_١٥-٢٠-٠٨.png,recording_04,13.00,780,44.376
frame_054,ZED-X_SN45626933_٢٠٢٦-٠٩-٢١_١٥-٠١-١١_٢٠٢٦-٠٩-٢١_١٥-٢٠-٠٩.png,recording_04,13.00,780,41.171
frame_033,ZED-X_SN45626933_٢٠٢٦-٠٩-٢١_١٥-٠١-١١_٢٠٢٦-٠٩-٢١_١٥-١٩-٤٠.png,recording_04,13.50,810,44.691
frame_034,ZED-X_SN45626933_٢٠٢٦-٠٩-٢١_١٥-٠١-١١_٢٠٢٦-٠٩-٢١_١٥-١٩-٤٢.png,recording_04,13.50,810,45.797
frame_035,ZED-X_SN45626933_٢٠٢٦-٠٩-٢١_١٥-٠١-١١_٢٠٢٦-٠٩-٢١_١٥-١٩-٤٣.png,recording_04,13.50,810,49.658
frame_036,ZED-X_SN45626933_٢٠٢٦-٠٩-٢١_١٥-٠١-١١_٢٠٢٦-٠٩-٢١_١٥-١٩-٤٤.png,recording_04,13.50,810,50.092
frame_037,ZED-X_SN45626933_٢٠٢٦-٠٩-٢١_١٥-٠١-١١_٢٠٢٦-٠٩-٢١_١٥-١٩-٤٥.png,recording_04,13.50,810,49.785
frame_038,ZED-X_SN45626933_٢٠٢٦-٠٩-٢١_١٥-٠١-١١_٢٠٢٦-٠٩-٢١_١٥-١٩-٤٨.png,recording_04,13.50,810,47.752
frame_039,ZED-X_SN45626933_٢٠٢٦-٠٩-٢١_١٥-٠١-١١_٢٠٢٦-٠٩-٢١_١٥-١٩-٥١.png,recording_04,13.50,810,39.354
frame_040,ZED-X_SN45626933_٢٠٢٦-٠٩-٢١_١٥-٠١-١١_٢٠٢٦-٠٩-٢١_١٥-١٩-٥٣.png,recording_04,13.50,810,33.402
frame_041,ZED-X_SN45626933_٢٠٢٦-٠٩-٢١_١٥-٠١-١١_٢٠٢٦-٠٩-٢١_١٥-١٩-٥٤.png,recording_04,13.50,810,20.782
frame_042,ZED-X_SN45626933_٢٠٢٦-٠٩-٢١_١٥-٠١-١١_٢٠٢٦-٠٩-٢١_١٥-١٩-٥٥.png,recording_04,13.50,810,17.401
frame_043,ZED-X_SN45626933_٢٠٢٦-٠٩-٢١_١٥-٠١-١١_٢٠٢٦-٠٩-٢١_١٥-١٩-٥٦.png,recording_04,13.50,810,39.150
frame_044,ZED-X_SN45626933_٢٠٢٦-٠٩-٢١_١٥-٠١-١١_٢٠٢٦-٠٩-٢١_١٥-١٩-٥٧.png,recording_04,13.50,810,37.521
frame_045,ZED-X_SN45626933_٢٠٢٦-٠٩-٢١_١٥-٠١-١١_٢٠٢٦-٠٩-٢١_١٥-١٩-٥٨.png,recording_04,13.50,810,30.917
frame_046,ZED-X_SN45626933_٢٠٢٦-٠٩-٢١_١٥-٠١-١١_٢٠٢٦-٠٩-٢١_١٥-١٩-٥٩.png,recording_04,13.50,810,37.435
frame_047,ZED-X_SN45626933_٢٠٢٦-٠٩-٢١_١٥-٠١-١١_٢٠٢٦-٠٩-٢١_١٥-٢٠-٠١.png,recording_04,13.50,810,35.640
frame_048,ZED-X_SN45626933_٢٠٢٦-٠٩-٢١_١٥-٠١-١١_٢٠٢٦-٠٩-٢١_١٥-٢٠-٠٢.png,recording_04,13.50,810,38.105
frame_049,ZED-X_SN45626933_٢٠٢٦-٠٩-٢١_١٥-٠١-١١_٢٠٢٦-٠٩-٢١_١٥-٢٠-٠٤.png,recording_04,13.50,810,43.090
frame_050,ZED-X_SN45626933_٢٠٢٦-٠٩-٢١_١٥-٠١-١١_٢٠٢٦-٠٩-٢١_١٥-٢٠-٠٥.png,recording_04,13.50,810,39.189
frame_051,ZED-X_SN45626933_٢٠٢٦-٠٩-٢١_١٥-٠١-١١_٢٠٢٦-٠٩-٢١_١٥-٢٠-٠٦.png,recording_04,13.50,810,41.857
frame_052,ZED-X_SN45626933_٢٠٢٦-٠٩-٢١_١٥-٠١-١١_٢٠٢٦-٠٩-٢١_١٥-٢٠-٠٧.png,recording_04,13.50,810,42.962
frame_053,ZED-X_SN45626933_٢٠٢٦-٠٩-٢١_١٥-٠١-١١_٢٠٢٦-٠٩-٢١_١٥-٢٠-٠٨.png,recording_04,13.50,810,45.434
frame_054,ZED-X_SN45626933_٢٠٢٦-٠٩-٢١_١٥-٠١-١١_٢٠٢٦-٠٩-٢١_١٥-٢٠-٠٩.png,recording_04,13.50,810,43.507
frame_033,ZED-X_SN45626933_٢٠٢٦-٠٩-٢١_١٥-٠١-١١_٢٠٢٦-٠٩-٢١_١٥-١٩-٤٠.png,recording_04,14.00,840,43.998
frame_034,ZED-X_SN45626933_٢٠٢٦-٠٩-٢١_١٥-٠١-١١_٢٠٢٦-٠٩-٢١_١٥-١٩-٤٢.png,recording_04,14.00,840,45.421
frame_035,ZED-X_SN45626933_٢٠٢٦-٠٩-٢١_١٥-٠١-١١_٢٠٢٦-٠٩-٢١_١٥-١٩-٤٣.png,recording_04,14.00,840,51.393
frame_036,ZED-X_SN45626933_٢٠٢٦-٠٩-٢١_١٥-٠١-١١_٢٠٢٦-٠٩-٢١_١٥-١٩-٤٤.png,recording_04,14.00,840,50.645
frame_037,ZED-X_SN45626933_٢٠٢٦-٠٩-٢١_١٥-٠١-١١_٢٠٢٦-٠٩-٢١_١٥-١٩-٤٥.png,recording_04,14.00,840,50.098
frame_038,ZED-X_SN45626933_٢٠٢٦-٠٩-٢١_١٥-٠١-١١_٢٠٢٦-٠٩-٢١_١٥-١٩-٤٨.png,recording_04,14.00,840,48.823
frame_039,ZED-X_SN45626933_٢٠٢٦-٠٩-٢١_١٥-٠١-١١_٢٠٢٦-٠٩-٢١_١٥-١٩-٥١.png,recording_04,14.00,840,42.734
frame_040,ZED-X_SN45626933_٢٠٢٦-٠٩-٢١_١٥-٠١-١١_٢٠٢٦-٠٩-٢١_١٥-١٩-٥٣.png,recording_04,14.00,840,32.817
frame_041,ZED-X_SN45626933_٢٠٢٦-٠٩-٢١_١٥-٠١-١١_٢٠٢٦-٠٩-٢١_١٥-١٩-٥٤.png,recording_04,14.00,840,30.112
frame_042,ZED-X_SN45626933_٢٠٢٦-٠٩-٢١_١٥-٠١-١١_٢٠٢٦-٠٩-٢١_١٥-١٩-٥٥.png,recording_04,14.00,840,14.340
frame_043,ZED-X_SN45626933_٢٠٢٦-٠٩-٢١_١٥-٠١-١١_٢٠٢٦-٠٩-٢١_١٥-١٩-٥٦.png,recording_04,14.00,840,30.465
frame_044,ZED-X_SN45626933_٢٠٢٦-٠٩-٢١_١٥-٠١-١١_٢٠٢٦-٠٩-٢١_١٥-١٩-٥٧.png,recording_04,14.00,840,34.895
frame_045,ZED-X_SN45626933_٢٠٢٦-٠٩-٢١_١٥-٠١-١١_٢٠٢٦-٠٩-٢١_١٥-١٩-٥٨.png,recording_04,14.00,840,35.269
frame_046,ZED-X_SN45626933_٢٠٢٦-٠٩-٢١_١٥-٠١-١١_٢٠٢٦-٠٩-٢١_١٥-١٩-٥٩.png,recording_04,14.00,840,34.862
frame_047,ZED-X_SN45626933_٢٠٢٦-٠٩-٢١_١٥-٠١-١١_٢٠٢٦-٠٩-٢١_١٥-٢٠-٠١.png,recording_04,14.00,840,36.009
frame_048,ZED-X_SN45626933_٢٠٢٦-٠٩-٢١_١٥-٠١-١١_٢٠٢٦-٠٩-٢١_١٥-٢٠-٠٢.png,recording_04,14.00,840,39.347
frame_049,ZED-X_SN45626933_٢٠٢٦-٠٩-٢١_١٥-٠١-١١_٢٠٢٦-٠٩-٢١_١٥-٢٠-٠٤.png,recording_04,14.00,840,43.478
frame_050,ZED-X_SN45626933_٢٠٢٦-٠٩-٢١_١٥-٠١-١١_٢٠٢٦-٠٩-٢١_١٥-٢٠-٠٥.png,recording_04,14.00,840,33.856
frame_051,ZED-X_SN45626933_٢٠٢٦-٠٩-٢١_١٥-٠١-١١_٢٠٢٦-٠٩-٢١_١٥-٢٠-٠٦.png,recording_04,14.00,840,40.579
frame_052,ZED-X_SN45626933_٢٠٢٦-٠٩-٢١_١٥-٠١-١١_٢٠٢٦-٠٩-٢١_١٥-٢٠-٠٧.png,recording_04,14.00,840,41.441
frame_053,ZED-X_SN45626933_٢٠٢٦-٠٩-٢١_١٥-٠١-١١_٢٠٢٦-٠٩-٢١_١٥-٢٠-٠٨.png,recording_04,14.00,840,46.422
frame_054,ZED-X_SN45626933_٢٠٢٦-٠٩-٢١_١٥-٠١-١١_٢٠٢٦-٠٩-٢١_١٥-٢٠-٠٩.png,recording_04,14.00,840,43.923
frame_033,ZED-X_SN45626933_٢٠٢٦-٠٩-٢١_١٥-٠١-١١_٢٠٢٦-٠٩-٢١_١٥-١٩-٤٠.png,recording_04,14.50,870,46.373
frame_034,ZED-X_SN45626933_٢٠٢٦-٠٩-٢١_١٥-٠١-١١_٢٠٢٦-٠٩-٢١_١٥-١٩-٤٢.png,recording_04,14.50,870,49.916
frame_035,ZED-X_SN45626933_٢٠٢٦-٠٩-٢١_١٥-٠١-١١_٢٠٢٦-٠٩-٢١_١٥-١٩-٤٣.png,recording_04,14.50,870,56.301
frame_036,ZED-X_SN45626933_٢٠٢٦-٠٩-٢١_١٥-٠١-١١_٢٠٢٦-٠٩-٢١_١٥-١٩-٤٤.png,recording_04,14.50,870,56.312
frame_037,ZED-X_SN45626933_٢٠٢٦-٠٩-٢١_١٥-٠١-١١_٢٠٢٦-٠٩-٢١_١٥-١٩-٤٥.png,recording_04,14.50,870,55.528
frame_038,ZED-X_SN45626933_٢٠٢٦-٠٩-٢١_١٥-٠١-١١_٢٠٢٦-٠٩-٢١_١٥-١٩-٤٨.png,recording_04,14.50,870,53.920
frame_039,ZED-X_SN45626933_٢٠٢٦-٠٩-٢١_١٥-٠١-١١_٢٠٢٦-٠٩-٢١_١٥-١٩-٥١.png,recording_04,14.50,870,49.346
frame_040,ZED-X_SN45626933_٢٠٢٦-٠٩-٢١_١٥-٠١-١١_٢٠٢٦-٠٩-٢١_١٥-١٩-٥٣.png,recording_04,14.50,870,39.444
frame_041,ZED-X_SN45626933_٢٠٢٦-٠٩-٢١_١٥-٠١-١١_٢٠٢٦-٠٩-٢١_١٥-١٩-٥٤.png,recording_04,14.50,870,40.333
frame_042,ZED-X_SN45626933_٢٠٢٦-٠٩-٢١_١٥-٠١-١١_٢٠٢٦-٠٩-٢١_١٥-١٩-٥٥.png,recording_04,14.50,870,30.476
frame_043,ZED-X_SN45626933_٢٠٢٦-٠٩-٢١_١٥-٠١-١١_٢٠٢٦-٠٩-٢١_١٥-١٩-٥٦.png,recording_04,14.50,870,20.014
frame_044,ZED-X_SN45626933_٢٠٢٦-٠٩-٢١_١٥-٠١-١١_٢٠٢٦-٠٩-٢١_١٥-١٩-٥٧.png,recording_04,14.50,870,29.226
frame_045,ZED-X_SN45626933_٢٠٢٦-٠٩-٢١_١٥-٠١-١١_٢٠٢٦-٠٩-٢١_١٥-١٩-٥٨.png,recording_04,14.50,870,43.248
frame_046,ZED-X_SN45626933_٢٠٢٦-٠٩-٢١_١٥-٠١-١١_٢٠٢٦-٠٩-٢١_١٥-١٩-٥٩.png,recording_04,14.50,870,37.726
frame_047,ZED-X_SN45626933_٢٠٢٦-٠٩-٢١_١٥-٠١-١١_٢٠٢٦-٠٩-٢١_١٥-٢٠-٠١.png,recording_04,14.50,870,42.022
frame_048,ZED-X_SN45626933_٢٠٢٦-٠٩-٢١_١٥-٠١-١١_٢٠٢٦-٠٩-٢١_١٥-٢٠-٠٢.png,recording_04,14.50,870,43.628
frame_049,ZED-X_SN45626933_٢٠٢٦-٠٩-٢١_١٥-٠١-١١_٢٠٢٦-٠٩-٢١_١٥-٢٠-٠٤.png,recording_04,14.50,870,46.863
frame_050,ZED-X_SN45626933_٢٠٢٦-٠٩-٢١_١٥-٠١-١١_٢٠٢٦-٠٩-٢١_١٥-٢٠-٠٥.png,recording_04,14.50,870,33.611
frame_051,ZED-X_SN45626933_٢٠٢٦-٠٩-٢١_١٥-٠١-١١_٢٠٢٦-٠٩-٢١_١٥-٢٠-٠٦.png,recording_04,14.50,870,44.419
frame_052,ZED-X_SN45626933_٢٠٢٦-٠٩-٢١_١٥-٠١-١١_٢٠٢٦-٠٩-٢١_١٥-٢٠-٠٧.png,recording_04,14.50,870,42.937
frame_053,ZED-X_SN45626933_٢٠٢٦-٠٩-٢١_١٥-٠١-١١_٢٠٢٦-٠٩-٢١_١٥-٢٠-٠٨.png,recording_04,14.50,870,48.889
frame_054,ZED-X_SN45626933_٢٠٢٦-٠٩-٢١_١٥-٠١-١١_٢٠٢٦-٠٩-٢١_١٥-٢٠-٠٩.png,recording_04,14.50,870,49.536
frame_033,ZED-X_SN45626933_٢٠٢٦-٠٩-٢١_١٥-٠١-١١_٢٠٢٦-٠٩-٢١_١٥-١٩-٤٠.png,recording_04,15.00,900,46.968
frame_034,ZED-X_SN45626933_٢٠٢٦-٠٩-٢١_١٥-٠١-١١_٢٠٢٦-٠٩-٢١_١٥-١٩-٤٢.png,recording_04,15.00,900,54.063
frame_035,ZED-X_SN45626933_٢٠٢٦-٠٩-٢١_١٥-٠١-١١_٢٠٢٦-٠٩-٢١_١٥-١٩-٤٣.png,recording_04,15.00,900,60.855
frame_036,ZED-X_SN45626933_٢٠٢٦-٠٩-٢١_١٥-٠١-١١_٢٠٢٦-٠٩-٢١_١٥-١٩-٤٤.png,recording_04,15.00,900,62.107
frame_037,ZED-X_SN45626933_٢٠٢٦-٠٩-٢١_١٥-٠١-١١_٢٠٢٦-٠٩-٢١_١٥-١٩-٤٥.png,recording_04,15.00,900,61.399
frame_038,ZED-X_SN45626933_٢٠٢٦-٠٩-٢١_١٥-٠١-١١_٢٠٢٦-٠٩-٢١_١٥-١٩-٤٨.png,recording_04,15.00,900,58.475
frame_039,ZED-X_SN45626933_٢٠٢٦-٠٩-٢١_١٥-٠١-١١_٢٠٢٦-٠٩-٢١_١٥-١٩-٥١.png,recording_04,15.00,900,54.449
frame_040,ZED-X_SN45626933_٢٠٢٦-٠٩-٢١_١٥-٠١-١١_٢٠٢٦-٠٩-٢١_١٥-١٩-٥٣.png,recording_04,15.00,900,46.958
frame_041,ZED-X_SN45626933_٢٠٢٦-٠٩-٢١_١٥-٠١-١١_٢٠٢٦-٠٩-٢١_١٥-١٩-٥٤.png,recording_04,15.00,900,42.242
frame_042,ZED-X_SN45626933_٢٠٢٦-٠٩-٢١_١٥-٠١-١١_٢٠٢٦-٠٩-٢١_١٥-١٩-٥٥.png,recording_04,15.00,900,38.571
frame_043,ZED-X_SN45626933_٢٠٢٦-٠٩-٢١_١٥-٠١-١١_٢٠٢٦-٠٩-٢١_١٥-١٩-٥٦.png,recording_04,15.00,900,13.458
frame_044,ZED-X_SN45626933_٢٠٢٦-٠٩-٢١_١٥-٠١-١١_٢٠٢٦-٠٩-٢١_١٥-١٩-٥٧.png,recording_04,15.00,900,26.466
frame_045,ZED-X_SN45626933_٢٠٢٦-٠٩-٢١_١٥-٠١-١١_٢٠٢٦-٠٩-٢١_١٥-١٩-٥٨.png,recording_04,15.00,900,46.929
frame_046,ZED-X_SN45626933_٢٠٢٦-٠٩-٢١_١٥-٠١-١١_٢٠٢٦-٠٩-٢١_١٥-١٩-٥٩.png,recording_04,15.00,900,43.023
frame_047,ZED-X_SN45626933_٢٠٢٦-٠٩-٢١_١٥-٠١-١١_٢٠٢٦-٠٩-٢١_١٥-٢٠-٠١.png,recording_04,15.00,900,45.931
frame_048,ZED-X_SN45626933_٢٠٢٦-٠٩-٢١_١٥-٠١-١١_٢٠٢٦-٠٩-٢١_١٥-٢٠-٠٢.png,recording_04,15.00,900,45.411
frame_049,ZED-X_SN45626933_٢٠٢٦-٠٩-٢١_١٥-٠١-١١_٢٠٢٦-٠٩-٢١_١٥-٢٠-٠٤.png,recording_04,15.00,900,49.352
frame_050,ZED-X_SN45626933_٢٠٢٦-٠٩-٢١_١٥-٠١-١١_٢٠٢٦-٠٩-٢١_١٥-٢٠-٠٥.png,recording_04,15.00,900,38.383
frame_051,ZED-X_SN45626933_٢٠٢٦-٠٩-٢١_١٥-٠١-١١_٢٠٢٦-٠٩-٢١_١٥-٢٠-٠٦.png,recording_04,15.00,900,47.055
frame_052,ZED-X_SN45626933_٢٠٢٦-٠٩-٢١_١٥-٠١-١١_٢٠٢٦-٠٩-٢١_١٥-٢٠-٠٧.png,recording_04,15.00,900,47.497
frame_053,ZED-X_SN45626933_٢٠٢٦-٠٩-٢١_١٥-٠١-١١_٢٠٢٦-٠٩-٢١_١٥-٢٠-٠٨.png,recording_04,15.00,900,50.195
frame_054,ZED-X_SN45626933_٢٠٢٦-٠٩-٢١_١٥-٠١-١١_٢٠٢٦-٠٩-٢١_١٥-٢٠-٠٩.png,recording_04,15.00,900,52.927
frame_033,ZED-X_SN45626933_٢٠٢٦-٠٩-٢١_١٥-٠١-١١_٢٠٢٦-٠٩-٢١_١٥-١٩-٤٠.png,recording_04,15.50,930,47.789
frame_034,ZED-X_SN45626933_٢٠٢٦-٠٩-٢١_١٥-٠١-١١_٢٠٢٦-٠٩-٢١_١٥-١٩-٤٢.png,recording_04,15.50,930,53.170
frame_035,ZED-X_SN45626933_٢٠٢٦-٠٩-٢١_١٥-٠١-١١_٢٠٢٦-٠٩-٢١_١٥-١٩-٤٣.png,recording_04,15.50,930,57.423
frame_036,ZED-X_SN45626933_٢٠٢٦-٠٩-٢١_١٥-٠١-١١_٢٠٢٦-٠٩-٢١_١٥-١٩-٤٤.png,recording_04,15.50,930,59.959
frame_037,ZED-X_SN45626933_٢٠٢٦-٠٩-٢١_١٥-٠١-١١_٢٠٢٦-٠٩-٢١_١٥-١٩-٤٥.png,recording_04,15.50,930,59.674
frame_038,ZED-X_SN45626933_٢٠٢٦-٠٩-٢١_١٥-٠١-١١_٢٠٢٦-٠٩-٢١_١٥-١٩-٤٨.png,recording_04,15.50,930,56.279
frame_039,ZED-X_SN45626933_٢٠٢٦-٠٩-٢١_١٥-٠١-١١_٢٠٢٦-٠٩-٢١_١٥-١٩-٥١.png,recording_04,15.50,930,49.258
frame_040,ZED-X_SN45626933_٢٠٢٦-٠٩-٢١_١٥-٠١-١١_٢٠٢٦-٠٩-٢١_١٥-١٩-٥٣.png,recording_04,15.50,930,44.453
frame_041,ZED-X_SN45626933_٢٠٢٦-٠٩-٢١_١٥-٠١-١١_٢٠٢٦-٠٩-٢١_١٥-١٩-٥٤.png,recording_04,15.50,930,38.158
frame_042,ZED-X_SN45626933_٢٠٢٦-٠٩-٢١_١٥-٠١-١١_٢٠٢٦-٠٩-٢١_١٥-١٩-٥٥.png,recording_04,15.50,930,37.813
frame_043,ZED-X_SN45626933_٢٠٢٦-٠٩-٢١_١٥-٠١-١١_٢٠٢٦-٠٩-٢١_١٥-١٩-٥٦.png,recording_04,15.50,930,27.200
frame_044,ZED-X_SN45626933_٢٠٢٦-٠٩-٢١_١٥-٠١-١١_٢٠٢٦-٠٩-٢١_١٥-١٩-٥٧.png,recording_04,15.50,930,22.035
frame_045,ZED-X_SN45626933_٢٠٢٦-٠٩-٢١_١٥-٠١-١١_٢٠٢٦-٠٩-٢١_١٥-١٩-٥٨.png,recording_04,15.50,930,42.484
frame_046,ZED-X_SN45626933_٢٠٢٦-٠٩-٢١_١٥-٠١-١١_٢٠٢٦-٠٩-٢١_١٥-١٩-٥٩.png,recording_04,15.50,930,44.368
frame_047,ZED-X_SN45626933_٢٠٢٦-٠٩-٢١_١٥-٠١-١١_٢٠٢٦-٠٩-٢١_١٥-٢٠-٠١.png,recording_04,15.50,930,39.326
frame_048,ZED-X_SN45626933_٢٠٢٦-٠٩-٢١_١٥-٠١-١١_٢٠٢٦-٠٩-٢١_١٥-٢٠-٠٢.png,recording_04,15.50,930,43.591
frame_049,ZED-X_SN45626933_٢٠٢٦-٠٩-٢١_١٥-٠١-١١_٢٠٢٦-٠٩-٢١_١٥-٢٠-٠٤.png,recording_04,15.50,930,45.676
frame_050,ZED-X_SN45626933_٢٠٢٦-٠٩-٢١_١٥-٠١-١١_٢٠٢٦-٠٩-٢١_١٥-٢٠-٠٥.png,recording_04,15.50,930,37.655
frame_051,ZED-X_SN45626933_٢٠٢٦-٠٩-٢١_١٥-٠١-١١_٢٠٢٦-٠٩-٢١_١٥-٢٠-٠٦.png,recording_04,15.50,930,42.503
frame_052,ZED-X_SN45626933_٢٠٢٦-٠٩-٢١_١٥-٠١-١١_٢٠٢٦-٠٩-٢١_١٥-٢٠-٠٧.png,recording_04,15.50,930,46.362
frame_053,ZED-X_SN45626933_٢٠٢٦-٠٩-٢١_١٥-٠١-١١_٢٠٢٦-٠٩-٢١_١٥-٢٠-٠٨.png,recording_04,15.50,930,50.906
frame_054,ZED-X_SN45626933_٢٠٢٦-٠٩-٢١_١٥-٠١-١١_٢٠٢٦-٠٩-٢١_١٥-٢٠-٠٩.png,recording_04,15.50,930,49.712
frame_033,ZED-X_SN45626933_٢٠٢٦-٠٩-٢١_١٥-٠١-١١_٢٠٢٦-٠٩-٢١_١٥-١٩-٤٠.png,recording_04,16.00,960,38.833
frame_034,ZED-X_SN45626933_٢٠٢٦-٠٩-٢١_١٥-٠١-١١_٢٠٢٦-٠٩-٢١_١٥-١٩-٤٢.png,recording_04,16.00,960,44.455
frame_035,ZED-X_SN45626933_٢٠٢٦-٠٩-٢١_١٥-٠١-١١_٢٠٢٦-٠٩-٢١_١٥-١٩-٤٣.png,recording_04,16.00,960,52.666
frame_036,ZED-X_SN45626933_٢٠٢٦-٠٩-٢١_١٥-٠١-١١_٢٠٢٦-٠٩-٢١_١٥-١٩-٤٤.png,recording_04,16.00,960,50.667
frame_037,ZED-X_SN45626933_٢٠٢٦-٠٩-٢١_١٥-٠١-١١_٢٠٢٦-٠٩-٢١_١٥-١٩-٤٥.png,recording_04,16.00,960,50.267
frame_038,ZED-X_SN45626933_٢٠٢٦-٠٩-٢١_١٥-٠١-١١_٢٠٢٦-٠٩-٢١_١٥-١٩-٤٨.png,recording_04,16.00,960,49.949
frame_039,ZED-X_SN45626933_٢٠٢٦-٠٩-٢١_١٥-٠١-١١_٢٠٢٦-٠٩-٢١_١٥-١٩-٥١.png,recording_04,16.00,960,46.001
frame_040,ZED-X_SN45626933_٢٠٢٦-٠٩-٢١_١٥-٠١-١١_٢٠٢٦-٠٩-٢١_١٥-١٩-٥٣.png,recording_04,16.00,960,38.533
frame_041,ZED-X_SN45626933_٢٠٢٦-٠٩-٢١_١٥-٠١-١١_٢٠٢٦-٠٩-٢١_١٥-١٩-٥٤.png,recording_04,16.00,960,31.988
frame_042,ZED-X_SN45626933_٢٠٢٦-٠٩-٢١_١٥-٠١-١١_٢٠٢٦-٠٩-٢١_١٥-١٩-٥٥.png,recording_04,16.00,960,25.574
frame_043,ZED-X_SN45626933_٢٠٢٦-٠٩-٢١_١٥-٠١-١١_٢٠٢٦-٠٩-٢١_١٥-١٩-٥٦.png,recording_04,16.00,960,36.096
frame_044,ZED-X_SN45626933_٢٠٢٦-٠٩-٢١_١٥-٠١-١١_٢٠٢٦-٠٩-٢١_١٥-١٩-٥٧.png,recording_04,16.00,960,38.007
frame_045,ZED-X_SN45626933_٢٠٢٦-٠٩-٢١_١٥-٠١-١١_٢٠٢٦-٠٩-٢١_١٥-١٩-٥٨.png,recording_04,16.00,960,33.363
frame_046,ZED-X_SN45626933_٢٠٢٦-٠٩-٢١_١٥-٠١-١١_٢٠٢٦-٠٩-٢١_١٥-١٩-٥٩.png,recording_04,16.00,960,31.099
frame_047,ZED-X_SN45626933_٢٠٢٦-٠٩-٢١_١٥-٠١-١١_٢٠٢٦-٠٩-٢١_١٥-٢٠-٠١.png,recording_04,16.00,960,34.997
frame_048,ZED-X_SN45626933_٢٠٢٦-٠٩-٢١_١٥-٠١-١١_٢٠٢٦-٠٩-٢١_١٥-٢٠-٠٢.png,recording_04,16.00,960,37.484
frame_049,ZED-X_SN45626933_٢٠٢٦-٠٩-٢١_١٥-٠١-١١_٢٠٢٦-٠٩-٢١_١٥-٢٠-٠٤.png,recording_04,16.00,960,41.677
frame_050,ZED-X_SN45626933_٢٠٢٦-٠٩-٢١_١٥-٠١-١١_٢٠٢٦-٠٩-٢١_١٥-٢٠-٠٥.png,recording_04,16.00,960,34.448
frame_051,ZED-X_SN45626933_٢٠٢٦-٠٩-٢١_١٥-٠١-١١_٢٠٢٦-٠٩-٢١_١٥-٢٠-٠٦.png,recording_04,16.00,960,39.648
frame_052,ZED-X_SN45626933_٢٠٢٦-٠٩-٢١_١٥-٠١-١١_٢٠٢٦-٠٩-٢١_١٥-٢٠-٠٧.png,recording_04,16.00,960,42.454
frame_053,ZED-X_SN45626933_٢٠٢٦-٠٩-٢١_١٥-٠١-١١_٢٠٢٦-٠٩-٢١_١٥-٢٠-٠٨.png,recording_04,16.00,960,45.283
frame_054,ZED-X_SN45626933_٢٠٢٦-٠٩-٢١_١٥-٠١-١١_٢٠٢٦-٠٩-٢١_١٥-٢٠-٠٩.png,recording_04,16.00,960,46.000
frame_033,ZED-X_SN45626933_٢٠٢٦-٠٩-٢١_١٥-٠١-١١_٢٠٢٦-٠٩-٢١_١٥-١٩-٤٠.png,recording_04,16.50,990,41.665
frame_034,ZED-X_SN45626933_٢٠٢٦-٠٩-٢١_١٥-٠١-١١_٢٠٢٦-٠٩-٢١_١٥-١٩-٤٢.png,recording_04,16.50,990,46.744
frame_035,ZED-X_SN45626933_٢٠٢٦-٠٩-٢١_١٥-٠١-١١_٢٠٢٦-٠٩-٢١_١٥-١٩-٤٣.png,recording_04,16.50,990,53.307
frame_036,ZED-X_SN45626933_٢٠٢٦-٠٩-٢١_١٥-٠١-١١_٢٠٢٦-٠٩-٢١_١٥-١٩-٤٤.png,recording_04,16.50,990,54.234
frame_037,ZED-X_SN45626933_٢٠٢٦-٠٩-٢١_١٥-٠١-١١_٢٠٢٦-٠٩-٢١_١٥-١٩-٤٥.png,recording_04,16.50,990,53.971
frame_038,ZED-X_SN45626933_٢٠٢٦-٠٩-٢١_١٥-٠١-١١_٢٠٢٦-٠٩-٢١_١٥-١٩-٤٨.png,recording_04,16.50,990,51.741
frame_039,ZED-X_SN45626933_٢٠٢٦-٠٩-٢١_١٥-٠١-١١_٢٠٢٦-٠٩-٢١_١٥-١٩-٥١.png,recording_04,16.50,990,46.419
frame_040,ZED-X_SN45626933_٢٠٢٦-٠٩-٢١_١٥-٠١-١١_٢٠٢٦-٠٩-٢١_١٥-١٩-٥٣.png,recording_04,16.50,990,43.830
frame_041,ZED-X_SN45626933_٢٠٢٦-٠٩-٢١_١٥-٠١-١١_٢٠٢٦-٠٩-٢١_١٥-١٩-٥٤.png,recording_04,16.50,990,32.990
frame_042,ZED-X_SN45626933_٢٠٢٦-٠٩-٢١_١٥-٠١-١١_٢٠٢٦-٠٩-٢١_١٥-١٩-٥٥.png,recording_04,16.50,990,36.429
frame_043,ZED-X_SN45626933_٢٠٢٦-٠٩-٢١_١٥-٠١-١١_٢٠٢٦-٠٩-٢١_١٥-١٩-٥٦.png,recording_04,16.50,990,41.423
frame_044,ZED-X_SN45626933_٢٠٢٦-٠٩-٢١_١٥-٠١-١١_٢٠٢٦-٠٩-٢١_١٥-١٩-٥٧.png,recording_04,16.50,990,41.920
frame_045,ZED-X_SN45626933_٢٠٢٦-٠٩-٢١_١٥-٠١-١١_٢٠٢٦-٠٩-٢١_١٥-١٩-٥٨.png,recording_04,16.50,990,24.617
frame_046,ZED-X_SN45626933_٢٠٢٦-٠٩-٢١_١٥-٠١-١١_٢٠٢٦-٠٩-٢١_١٥-١٩-٥٩.png,recording_04,16.50,990,39.154
frame_047,ZED-X_SN45626933_٢٠٢٦-٠٩-٢١_١٥-٠١-١١_٢٠٢٦-٠٩-٢١_١٥-٢٠-٠١.png,recording_04,16.50,990,29.875
frame_048,ZED-X_SN45626933_٢٠٢٦-٠٩-٢١_١٥-٠١-١١_٢٠٢٦-٠٩-٢١_١٥-٢٠-٠٢.png,recording_04,16.50,990,29.052
frame_049,ZED-X_SN45626933_٢٠٢٦-٠٩-٢١_١٥-٠١-١١_٢٠٢٦-٠٩-٢١_١٥-٢٠-٠٤.png,recording_04,16.50,990,37.248
frame_050,ZED-X_SN45626933_٢٠٢٦-٠٩-٢١_١٥-٠١-١١_٢٠٢٦-٠٩-٢١_١٥-٢٠-٠٥.png,recording_04,16.50,990,45.677
frame_051,ZED-X_SN45626933_٢٠٢٦-٠٩-٢١_١٥-٠١-١١_٢٠٢٦-٠٩-٢١_١٥-٢٠-٠٦.png,recording_04,16.50,990,44.627
frame_052,ZED-X_SN45626933_٢٠٢٦-٠٩-٢١_١٥-٠١-١١_٢٠٢٦-٠٩-٢١_١٥-٢٠-٠٧.png,recording_04,16.50,990,47.877
frame_053,ZED-X_SN45626933_٢٠٢٦-٠٩-٢١_١٥-٠١-١١_٢٠٢٦-٠٩-٢١_١٥-٢٠-٠٨.png,recording_04,16.50,990,44.484
frame_054,ZED-X_SN45626933_٢٠٢٦-٠٩-٢١_١٥-٠١-١١_٢٠٢٦-٠٩-٢١_١٥-٢٠-٠٩.png,recording_04,16.50,990,46.427
frame_033,ZED-X_SN45626933_٢٠٢٦-٠٩-٢١_١٥-٠١-١١_٢٠٢٦-٠٩-٢١_١٥-١٩-٤٠.png,recording_04,17.00,1020,40.965
frame_034,ZED-X_SN45626933_٢٠٢٦-٠٩-٢١_١٥-٠١-١١_٢٠٢٦-٠٩-٢١_١٥-١٩-٤٢.png,recording_04,17.00,1020,44.428
frame_035,ZED-X_SN45626933_٢٠٢٦-٠٩-٢١_١٥-٠١-١١_٢٠٢٦-٠٩-٢١_١٥-١٩-٤٣.png,recording_04,17.00,1020,49.587
frame_036,ZED-X_SN45626933_٢٠٢٦-٠٩-٢١_١٥-٠١-١١_٢٠٢٦-٠٩-٢١_١٥-١٩-٤٤.png,recording_04,17.00,1020,49.942
frame_037,ZED-X_SN45626933_٢٠٢٦-٠٩-٢١_١٥-٠١-١١_٢٠٢٦-٠٩-٢١_١٥-١٩-٤٥.png,recording_04,17.00,1020,49.828
frame_038,ZED-X_SN45626933_٢٠٢٦-٠٩-٢١_١٥-٠١-١١_٢٠٢٦-٠٩-٢١_١٥-١٩-٤٨.png,recording_04,17.00,1020,47.115
frame_039,ZED-X_SN45626933_٢٠٢٦-٠٩-٢١_١٥-٠١-١١_٢٠٢٦-٠٩-٢١_١٥-١٩-٥١.png,recording_04,17.00,1020,42.941
frame_040,ZED-X_SN45626933_٢٠٢٦-٠٩-٢١_١٥-٠١-١١_٢٠٢٦-٠٩-٢١_١٥-١٩-٥٣.png,recording_04,17.00,1020,40.163
frame_041,ZED-X_SN45626933_٢٠٢٦-٠٩-٢١_١٥-٠١-١١_٢٠٢٦-٠٩-٢١_١٥-١٩-٥٤.png,recording_04,17.00,1020,29.751
frame_042,ZED-X_SN45626933_٢٠٢٦-٠٩-٢١_١٥-٠١-١١_٢٠٢٦-٠٩-٢١_١٥-١٩-٥٥.png,recording_04,17.00,1020,34.653
frame_043,ZED-X_SN45626933_٢٠٢٦-٠٩-٢١_١٥-٠١-١١_٢٠٢٦-٠٩-٢١_١٥-١٩-٥٦.png,recording_04,17.00,1020,43.870
frame_044,ZED-X_SN45626933_٢٠٢٦-٠٩-٢١_١٥-٠١-١١_٢٠٢٦-٠٩-٢١_١٥-١٩-٥٧.png,recording_04,17.00,1020,41.098
frame_045,ZED-X_SN45626933_٢٠٢٦-٠٩-٢١_١٥-٠١-١١_٢٠٢٦-٠٩-٢١_١٥-١٩-٥٨.png,recording_04,17.00,1020,16.706
frame_046,ZED-X_SN45626933_٢٠٢٦-٠٩-٢١_١٥-٠١-١١_٢٠٢٦-٠٩-٢١_١٥-١٩-٥٩.png,recording_04,17.00,1020,35.988
frame_047,ZED-X_SN45626933_٢٠٢٦-٠٩-٢١_١٥-٠١-١١_٢٠٢٦-٠٩-٢١_١٥-٢٠-٠١.png,recording_04,17.00,1020,30.001
frame_048,ZED-X_SN45626933_٢٠٢٦-٠٩-٢١_١٥-٠١-١١_٢٠٢٦-٠٩-٢١_١٥-٢٠-٠٢.png,recording_04,17.00,1020,31.622
frame_049,ZED-X_SN45626933_٢٠٢٦-٠٩-٢١_١٥-٠١-١١_٢٠٢٦-٠٩-٢١_١٥-٢٠-٠٤.png,recording_04,17.00,1020,39.049
frame_050,ZED-X_SN45626933_٢٠٢٦-٠٩-٢١_١٥-٠١-١١_٢٠٢٦-٠٩-٢١_١٥-٢٠-٠٥.png,recording_04,17.00,1020,44.439
frame_051,ZED-X_SN45626933_٢٠٢٦-٠٩-٢١_١٥-٠١-١١_٢٠٢٦-٠٩-٢١_١٥-٢٠-٠٦.png,recording_04,17.00,1020,43.947
frame_052,ZED-X_SN45626933_٢٠٢٦-٠٩-٢١_١٥-٠١-١١_٢٠٢٦-٠٩-٢١_١٥-٢٠-٠٧.png,recording_04,17.00,1020,45.673
frame_053,ZED-X_SN45626933_٢٠٢٦-٠٩-٢١_١٥-٠١-١١_٢٠٢٦-٠٩-٢١_١٥-٢٠-٠٨.png,recording_04,17.00,1020,45.252
frame_054,ZED-X_SN45626933_٢٠٢٦-٠٩-٢١_١٥-٠١-١١_٢٠٢٦-٠٩-٢١_١٥-٢٠-٠٩.png,recording_04,17.00,1020,44.552
frame_033,ZED-X_SN45626933_٢٠٢٦-٠٩-٢١_١٥-٠١-١١_٢٠٢٦-٠٩-٢١_١٥-١٩-٤٠.png,recording_04,17.50,1050,39.895
frame_034,ZED-X_SN45626933_٢٠٢٦-٠٩-٢١_١٥-٠١-١١_٢٠٢٦-٠٩-٢١_١٥-١٩-٤٢.png,recording_04,17.50,1050,40.837
frame_035,ZED-X_SN45626933_٢٠٢٦-٠٩-٢١_١٥-٠١-١١_٢٠٢٦-٠٩-٢١_١٥-١٩-٤٣.png,recording_04,17.50,1050,46.568
frame_036,ZED-X_SN45626933_٢٠٢٦-٠٩-٢١_١٥-٠١-١١_٢٠٢٦-٠٩-٢١_١٥-١٩-٤٤.png,recording_04,17.50,1050,45.255
frame_037,ZED-X_SN45626933_٢٠٢٦-٠٩-٢١_١٥-٠١-١١_٢٠٢٦-٠٩-٢١_١٥-١٩-٤٥.png,recording_04,17.50,1050,45.173
frame_038,ZED-X_SN45626933_٢٠٢٦-٠٩-٢١_١٥-٠١-١١_٢٠٢٦-٠٩-٢١_١٥-١٩-٤٨.png,recording_04,17.50,1050,43.397
frame_039,ZED-X_SN45626933_٢٠٢٦-٠٩-٢١_١٥-٠١-١١_٢٠٢٦-٠٩-٢١_١٥-١٩-٥١.png,recording_04,17.50,1050,42.378
frame_040,ZED-X_SN45626933_٢٠٢٦-٠٩-٢١_١٥-٠١-١١_٢٠٢٦-٠٩-٢١_١٥-١٩-٥٣.png,recording_04,17.50,1050,39.749
frame_041,ZED-X_SN45626933_٢٠٢٦-٠٩-٢١_١٥-٠١-١١_٢٠٢٦-٠٩-٢١_١٥-١٩-٥٤.png,recording_04,17.50,1050,31.221
frame_042,ZED-X_SN45626933_٢٠٢٦-٠٩-٢١_١٥-٠١-١١_٢٠٢٦-٠٩-٢١_١٥-١٩-٥٥.png,recording_04,17.50,1050,31.792
frame_043,ZED-X_SN45626933_٢٠٢٦-٠٩-٢١_١٥-٠١-١١_٢٠٢٦-٠٩-٢١_١٥-١٩-٥٦.png,recording_04,17.50,1050,44.010
frame_044,ZED-X_SN45626933_٢٠٢٦-٠٩-٢١_١٥-٠١-١١_٢٠٢٦-٠٩-٢١_١٥-١٩-٥٧.png,recording_04,17.50,1050,43.123
frame_045,ZED-X_SN45626933_٢٠٢٦-٠٩-٢١_١٥-٠١-١١_٢٠٢٦-٠٩-٢١_١٥-١٩-٥٨.png,recording_04,17.50,1050,15.056
frame_046,ZED-X_SN45626933_٢٠٢٦-٠٩-٢١_١٥-٠١-١١_٢٠٢٦-٠٩-٢١_١٥-١٩-٥٩.png,recording_04,17.50,1050,27.538
frame_047,ZED-X_SN45626933_٢٠٢٦-٠٩-٢١_١٥-٠١-١١_٢٠٢٦-٠٩-٢١_١٥-٢٠-٠١.png,recording_04,17.50,1050,29.865
frame_048,ZED-X_SN45626933_٢٠٢٦-٠٩-٢١_١٥-٠١-١١_٢٠٢٦-٠٩-٢١_١٥-٢٠-٠٢.png,recording_04,17.50,1050,33.602
frame_049,ZED-X_SN45626933_٢٠٢٦-٠٩-٢١_١٥-٠١-١١_٢٠٢٦-٠٩-٢١_١٥-٢٠-٠٤.png,recording_04,17.50,1050,41.399
frame_050,ZED-X_SN45626933_٢٠٢٦-٠٩-٢١_١٥-٠١-١١_٢٠٢٦-٠٩-٢١_١٥-٢٠-٠٥.png,recording_04,17.50,1050,40.682
frame_051,ZED-X_SN45626933_٢٠٢٦-٠٩-٢١_١٥-٠١-١١_٢٠٢٦-٠٩-٢١_١٥-٢٠-٠٦.png,recording_04,17.50,1050,43.802
frame_052,ZED-X_SN45626933_٢٠٢٦-٠٩-٢١_١٥-٠١-١١_٢٠٢٦-٠٩-٢١_١٥-٢٠-٠٧.png,recording_04,17.50,1050,43.936
frame_053,ZED-X_SN45626933_٢٠٢٦-٠٩-٢١_١٥-٠١-١١_٢٠٢٦-٠٩-٢١_١٥-٢٠-٠٨.png,recording_04,17.50,1050,46.452
frame_054,ZED-X_SN45626933_٢٠٢٦-٠٩-٢١_١٥-٠١-١١_٢٠٢٦-٠٩-٢١_١٥-٢٠-٠٩.png,recording_04,17.50,1050,43.386
frame_033,ZED-X_SN45626933_٢٠٢٦-٠٩-٢١_١٥-٠١-١١_٢٠٢٦-٠٩-٢١_١٥-١٩-٤٠.png,recording_04,18.00,1080,40.753
frame_034,ZED-X_SN45626933_٢٠٢٦-٠٩-٢١_١٥-٠١-١١_٢٠٢٦-٠٩-٢١_١٥-١٩-٤٢.png,recording_04,18.00,1080,38.612
frame_035,ZED-X_SN45626933_٢٠٢٦-٠٩-٢١_١٥-٠١-١١_٢٠٢٦-٠٩-٢١_١٥-١٩-٤٣.png,recording_04,18.00,1080,45.389
frame_036,ZED-X_SN45626933_٢٠٢٦-٠٩-٢١_١٥-٠١-١١_٢٠٢٦-٠٩-٢١_١٥-١٩-٤٤.png,recording_04,18.00,1080,42.302
frame_037,ZED-X_SN45626933_٢٠٢٦-٠٩-٢١_١٥-٠١-١١_٢٠٢٦-٠٩-٢١_١٥-١٩-٤٥.png,recording_04,18.00,1080,42.086
frame_038,ZED-X_SN45626933_٢٠٢٦-٠٩-٢١_١٥-٠١-١١_٢٠٢٦-٠٩-٢١_١٥-١٩-٤٨.png,recording_04,18.00,1080,41.068
frame_039,ZED-X_SN45626933_٢٠٢٦-٠٩-٢١_١٥-٠١-١١_٢٠٢٦-٠٩-٢١_١٥-١٩-٥١.png,recording_04,18.00,1080,44.944
frame_040,ZED-X_SN45626933_٢٠٢٦-٠٩-٢١_١٥-٠١-١١_٢٠٢٦-٠٩-٢١_١٥-١٩-٥٣.png,recording_04,18.00,1080,38.098
frame_041,ZED-X_SN45626933_٢٠٢٦-٠٩-٢١_١٥-٠١-١١_٢٠٢٦-٠٩-٢١_١٥-١٩-٥٤.png,recording_04,18.00,1080,37.564
frame_042,ZED-X_SN45626933_٢٠٢٦-٠٩-٢١_١٥-٠١-١١_٢٠٢٦-٠٩-٢١_١٥-١٩-٥٥.png,recording_04,18.00,1080,33.035
frame_043,ZED-X_SN45626933_٢٠٢٦-٠٩-٢١_١٥-٠١-١١_٢٠٢٦-٠٩-٢١_١٥-١٩-٥٦.png,recording_04,18.00,1080,40.182
frame_044,ZED-X_SN45626933_٢٠٢٦-٠٩-٢١_١٥-٠١-١١_٢٠٢٦-٠٩-٢١_١٥-١٩-٥٧.png,recording_04,18.00,1080,42.494
frame_045,ZED-X_SN45626933_٢٠٢٦-٠٩-٢١_١٥-٠١-١١_٢٠٢٦-٠٩-٢١_١٥-١٩-٥٨.png,recording_04,18.00,1080,29.042
frame_046,ZED-X_SN45626933_٢٠٢٦-٠٩-٢١_١٥-٠١-١١_٢٠٢٦-٠٩-٢١_١٥-١٩-٥٩.png,recording_04,18.00,1080,12.737
frame_047,ZED-X_SN45626933_٢٠٢٦-٠٩-٢١_١٥-٠١-١١_٢٠٢٦-٠٩-٢١_١٥-٢٠-٠١.png,recording_04,18.00,1080,34.520
frame_048,ZED-X_SN45626933_٢٠٢٦-٠٩-٢١_١٥-٠١-١١_٢٠٢٦-٠٩-٢١_١٥-٢٠-٠٢.png,recording_04,18.00,1080,34.646
frame_049,ZED-X_SN45626933_٢٠٢٦-٠٩-٢١_١٥-٠١-١١_٢٠٢٦-٠٩-٢١_١٥-٢٠-٠٤.png,recording_04,18.00,1080,42.567
frame_050,ZED-X_SN45626933_٢٠٢٦-٠٩-٢١_١٥-٠١-١١_٢٠٢٦-٠٩-٢١_١٥-٢٠-٠٥.png,recording_04,18.00,1080,36.221
frame_051,ZED-X_SN45626933_٢٠٢٦-٠٩-٢١_١٥-٠١-١١_٢٠٢٦-٠٩-٢١_١٥-٢٠-٠٦.png,recording_04,18.00,1080,45.682
frame_052,ZED-X_SN45626933_٢٠٢٦-٠٩-٢١_١٥-٠١-١١_٢٠٢٦-٠٩-٢١_١٥-٢٠-٠٧.png,recording_04,18.00,1080,42.551
frame_053,ZED-X_SN45626933_٢٠٢٦-٠٩-٢١_١٥-٠١-١١_٢٠٢٦-٠٩-٢١_١٥-٢٠-٠٨.png,recording_04,18.00,1080,46.995
frame_054,ZED-X_SN45626933_٢٠٢٦-٠٩-٢١_١٥-٠١-١١_٢٠٢٦-٠٩-٢١_١٥-٢٠-٠٩.png,recording_04,18.00,1080,43.527
frame_033,ZED-X_SN45626933_٢٠٢٦-٠٩-٢١_١٥-٠١-١١_٢٠٢٦-٠٩-٢١_١٥-١٩-٤٠.png,recording_04,18.50,1110,45.631
frame_034,ZED-X_SN45626933_٢٠٢٦-٠٩-٢١_١٥-٠١-١١_٢٠٢٦-٠٩-٢١_١٥-١٩-٤٢.png,recording_04,18.50,1110,40.536
frame_035,ZED-X_SN45626933_٢٠٢٦-٠٩-٢١_١٥-٠١-١١_٢٠٢٦-٠٩-٢١_١٥-١٩-٤٣.png,recording_04,18.50,1110,44.955
frame_036,ZED-X_SN45626933_٢٠٢٦-٠٩-٢١_١٥-٠١-١١_٢٠٢٦-٠٩-٢١_١٥-١٩-٤٤.png,recording_04,18.50,1110,43.098
frame_037,ZED-X_SN45626933_٢٠٢٦-٠٩-٢١_١٥-٠١-١١_٢٠٢٦-٠٩-٢١_١٥-١٩-٤٥.png,recording_04,18.50,1110,42.247
frame_038,ZED-X_SN45626933_٢٠٢٦-٠٩-٢١_١٥-٠١-١١_٢٠٢٦-٠٩-٢١_١٥-١٩-٤٨.png,recording_04,18.50,1110,43.097
frame_039,ZED-X_SN45626933_٢٠٢٦-٠٩-٢١_١٥-٠١-١١_٢٠٢٦-٠٩-٢١_١٥-١٩-٥١.png,recording_04,18.50,1110,45.578
frame_040,ZED-X_SN45626933_٢٠٢٦-٠٩-٢١_١٥-٠١-١١_٢٠٢٦-٠٩-٢١_١٥-١٩-٥٣.png,recording_04,18.50,1110,37.692
frame_041,ZED-X_SN45626933_٢٠٢٦-٠٩-٢١_١٥-٠١-١١_٢٠٢٦-٠٩-٢١_١٥-١٩-٥٤.png,recording_04,18.50,1110,42.060
frame_042,ZED-X_SN45626933_٢٠٢٦-٠٩-٢١_١٥-٠١-١١_٢٠٢٦-٠٩-٢١_١٥-١٩-٥٥.png,recording_04,18.50,1110,36.159
frame_043,ZED-X_SN45626933_٢٠٢٦-٠٩-٢١_١٥-٠١-١١_٢٠٢٦-٠٩-٢١_١٥-١٩-٥٦.png,recording_04,18.50,1110,39.027
frame_044,ZED-X_SN45626933_٢٠٢٦-٠٩-٢١_١٥-٠١-١١_٢٠٢٦-٠٩-٢١_١٥-١٩-٥٧.png,recording_04,18.50,1110,38.953
frame_045,ZED-X_SN45626933_٢٠٢٦-٠٩-٢١_١٥-٠١-١١_٢٠٢٦-٠٩-٢١_١٥-١٩-٥٨.png,recording_04,18.50,1110,37.333
frame_046,ZED-X_SN45626933_٢٠٢٦-٠٩-٢١_١٥-٠١-١١_٢٠٢٦-٠٩-٢١_١٥-١٩-٥٩.png,recording_04,18.50,1110,15.448
frame_047,ZED-X_SN45626933_٢٠٢٦-٠٩-٢١_١٥-٠١-١١_٢٠٢٦-٠٩-٢١_١٥-٢٠-٠١.png,recording_04,18.50,1110,33.197
frame_048,ZED-X_SN45626933_٢٠٢٦-٠٩-٢١_١٥-٠١-١١_٢٠٢٦-٠٩-٢١_١٥-٢٠-٠٢.png,recording_04,18.50,1110,36.302
frame_049,ZED-X_SN45626933_٢٠٢٦-٠٩-٢١_١٥-٠١-١١_٢٠٢٦-٠٩-٢١_١٥-٢٠-٠٤.png,recording_04,18.50,1110,42.647
frame_050,ZED-X_SN45626933_٢٠٢٦-٠٩-٢١_١٥-٠١-١١_٢٠٢٦-٠٩-٢١_١٥-٢٠-٠٥.png,recording_04,18.50,1110,33.767
frame_051,ZED-X_SN45626933_٢٠٢٦-٠٩-٢١_١٥-٠١-١١_٢٠٢٦-٠٩-٢١_١٥-٢٠-٠٦.png,recording_04,18.50,1110,44.182
frame_052,ZED-X_SN45626933_٢٠٢٦-٠٩-٢١_١٥-٠١-١١_٢٠٢٦-٠٩-٢١_١٥-٢٠-٠٧.png,recording_04,18.50,1110,43.039
frame_053,ZED-X_SN45626933_٢٠٢٦-٠٩-٢١_١٥-٠١-١١_٢٠٢٦-٠٩-٢١_١٥-٢٠-٠٨.png,recording_04,18.50,1110,45.938
frame_054,ZED-X_SN45626933_٢٠٢٦-٠٩-٢١_١٥-٠١-١١_٢٠٢٦-٠٩-٢١_١٥-٢٠-٠٩.png,recording_04,18.50,1110,42.965
frame_033,ZED-X_SN45626933_٢٠٢٦-٠٩-٢١_١٥-٠١-١١_٢٠٢٦-٠٩-٢١_١٥-١٩-٤٠.png,recording_04,19.00,1140,48.182
frame_034,ZED-X_SN45626933_٢٠٢٦-٠٩-٢١_١٥-٠١-١١_٢٠٢٦-٠٩-٢١_١٥-١٩-٤٢.png,recording_04,19.00,1140,45.439
frame_035,ZED-X_SN45626933_٢٠٢٦-٠٩-٢١_١٥-٠١-١١_٢٠٢٦-٠٩-٢١_١٥-١٩-٤٣.png,recording_04,19.00,1140,45.058
frame_036,ZED-X_SN45626933_٢٠٢٦-٠٩-٢١_١٥-٠١-١١_٢٠٢٦-٠٩-٢١_١٥-١٩-٤٤.png,recording_04,19.00,1140,46.652
frame_037,ZED-X_SN45626933_٢٠٢٦-٠٩-٢١_١٥-٠١-١١_٢٠٢٦-٠٩-٢١_١٥-١٩-٤٥.png,recording_04,19.00,1140,45.438
frame_038,ZED-X_SN45626933_٢٠٢٦-٠٩-٢١_١٥-٠١-١١_٢٠٢٦-٠٩-٢١_١٥-١٩-٤٨.png,recording_04,19.00,1140,46.993
frame_039,ZED-X_SN45626933_٢٠٢٦-٠٩-٢١_١٥-٠١-١١_٢٠٢٦-٠٩-٢١_١٥-١٩-٥١.png,recording_04,19.00,1140,42.393
frame_040,ZED-X_SN45626933_٢٠٢٦-٠٩-٢١_١٥-٠١-١١_٢٠٢٦-٠٩-٢١_١٥-١٩-٥٣.png,recording_04,19.00,1140,37.666
frame_041,ZED-X_SN45626933_٢٠٢٦-٠٩-٢١_١٥-٠١-١١_٢٠٢٦-٠٩-٢١_١٥-١٩-٥٤.png,recording_04,19.00,1140,38.547
frame_042,ZED-X_SN45626933_٢٠٢٦-٠٩-٢١_١٥-٠١-١١_٢٠٢٦-٠٩-٢١_١٥-١٩-٥٥.png,recording_04,19.00,1140,40.915
frame_043,ZED-X_SN45626933_٢٠٢٦-٠٩-٢١_١٥-٠١-١١_٢٠٢٦-٠٩-٢١_١٥-١٩-٥٦.png,recording_04,19.00,1140,39.860
frame_044,ZED-X_SN45626933_٢٠٢٦-٠٩-٢١_١٥-٠١-١١_٢٠٢٦-٠٩-٢١_١٥-١٩-٥٧.png,recording_04,19.00,1140,34.066
frame_045,ZED-X_SN45626933_٢٠٢٦-٠٩-٢١_١٥-٠١-١١_٢٠٢٦-٠٩-٢١_١٥-١٩-٥٨.png,recording_04,19.00,1140,35.281
frame_046,ZED-X_SN45626933_٢٠٢٦-٠٩-٢١_١٥-٠١-١١_٢٠٢٦-٠٩-٢١_١٥-١٩-٥٩.png,recording_04,19.00,1140,25.544
frame_047,ZED-X_SN45626933_٢٠٢٦-٠٩-٢١_١٥-٠١-١١_٢٠٢٦-٠٩-٢١_١٥-٢٠-٠١.png,recording_04,19.00,1140,23.698
frame_048,ZED-X_SN45626933_٢٠٢٦-٠٩-٢١_١٥-٠١-١١_٢٠٢٦-٠٩-٢١_١٥-٢٠-٠٢.png,recording_04,19.00,1140,32.784
frame_049,ZED-X_SN45626933_٢٠٢٦-٠٩-٢١_١٥-٠١-١١_٢٠٢٦-٠٩-٢١_١٥-٢٠-٠٤.png,recording_04,19.00,1140,37.763
frame_050,ZED-X_SN45626933_٢٠٢٦-٠٩-٢١_١٥-٠١-١١_٢٠٢٦-٠٩-٢١_١٥-٢٠-٠٥.png,recording_04,19.00,1140,37.252
frame_051,ZED-X_SN45626933_٢٠٢٦-٠٩-٢١_١٥-٠١-١١_٢٠٢٦-٠٩-٢١_١٥-٢٠-٠٦.png,recording_04,19.00,1140,40.947
frame_052,ZED-X_SN45626933_٢٠٢٦-٠٩-٢١_١٥-٠١-١١_٢٠٢٦-٠٩-٢١_١٥-٢٠-٠٧.png,recording_04,19.00,1140,42.941
frame_053,ZED-X_SN45626933_٢٠٢٦-٠٩-٢١_١٥-٠١-١١_٢٠٢٦-٠٩-٢١_١٥-٢٠-٠٨.png,recording_04,19.00,1140,45.290
frame_054,ZED-X_SN45626933_٢٠٢٦-٠٩-٢١_١٥-٠١-١١_٢٠٢٦-٠٩-٢١_١٥-٢٠-٠٩.png,recording_04,19.00,1140,42.834
frame_033,ZED-X_SN45626933_٢٠٢٦-٠٩-٢١_١٥-٠١-١١_٢٠٢٦-٠٩-٢١_١٥-١٩-٤٠.png,recording_04,19.50,1170,49.845
frame_034,ZED-X_SN45626933_٢٠٢٦-٠٩-٢١_١٥-٠١-١١_٢٠٢٦-٠٩-٢١_١٥-١٩-٤٢.png,recording_04,19.50,1170,53.032
frame_035,ZED-X_SN45626933_٢٠٢٦-٠٩-٢١_١٥-٠١-١١_٢٠٢٦-٠٩-٢١_١٥-١٩-٤٣.png,recording_04,19.50,1170,52.931
frame_036,ZED-X_SN45626933_٢٠٢٦-٠٩-٢١_١٥-٠١-١١_٢٠٢٦-٠٩-٢١_١٥-١٩-٤٤.png,recording_04,19.50,1170,55.346
frame_037,ZED-X_SN45626933_٢٠٢٦-٠٩-٢١_١٥-٠١-١١_٢٠٢٦-٠٩-٢١_١٥-١٩-٤٥.png,recording_04,19.50,1170,54.346
frame_038,ZED-X_SN45626933_٢٠٢٦-٠٩-٢١_١٥-٠١-١١_٢٠٢٦-٠٩-٢١_١٥-١٩-٤٨.png,recording_04,19.50,1170,57.064
frame_039,ZED-X_SN45626933_٢٠٢٦-٠٩-٢١_١٥-٠١-١١_٢٠٢٦-٠٩-٢١_١٥-١٩-٥١.png,recording_04,19.50,1170,42.326
frame_040,ZED-X_SN45626933_٢٠٢٦-٠٩-٢١_١٥-٠١-١١_٢٠٢٦-٠٩-٢١_١٥-١٩-٥٣.png,recording_04,19.50,1170,39.886
frame_041,ZED-X_SN45626933_٢٠٢٦-٠٩-٢١_١٥-٠١-١١_٢٠٢٦-٠٩-٢١_١٥-١٩-٥٤.png,recording_04,19.50,1170,32.958
frame_042,ZED-X_SN45626933_٢٠٢٦-٠٩-٢١_١٥-٠١-١١_٢٠٢٦-٠٩-٢١_١٥-١٩-٥٥.png,recording_04,19.50,1170,36.838
frame_043,ZED-X_SN45626933_٢٠٢٦-٠٩-٢١_١٥-٠١-١١_٢٠٢٦-٠٩-٢١_١٥-١٩-٥٦.png,recording_04,19.50,1170,44.103
frame_044,ZED-X_SN45626933_٢٠٢٦-٠٩-٢١_١٥-٠١-١١_٢٠٢٦-٠٩-٢١_١٥-١٩-٥٧.png,recording_04,19.50,1170,38.008
frame_045,ZED-X_SN45626933_٢٠٢٦-٠٩-٢١_١٥-٠١-١١_٢٠٢٦-٠٩-٢١_١٥-١٩-٥٨.png,recording_04,19.50,1170,29.671
frame_046,ZED-X_SN45626933_٢٠٢٦-٠٩-٢١_١٥-٠١-١١_٢٠٢٦-٠٩-٢١_١٥-١٩-٥٩.png,recording_04,19.50,1170,36.488
frame_047,ZED-X_SN45626933_٢٠٢٦-٠٩-٢١_١٥-٠١-١١_٢٠٢٦-٠٩-٢١_١٥-٢٠-٠١.png,recording_04,19.50,1170,8.003
frame_048,ZED-X_SN45626933_٢٠٢٦-٠٩-٢١_١٥-٠١-١١_٢٠٢٦-٠٩-٢١_١٥-٢٠-٠٢.png,recording_04,19.50,1170,25.763
frame_049,ZED-X_SN45626933_٢٠٢٦-٠٩-٢١_١٥-٠١-١١_٢٠٢٦-٠٩-٢١_١٥-٢٠-٠٤.png,recording_04,19.50,1170,32.579
frame_050,ZED-X_SN45626933_٢٠٢٦-٠٩-٢١_١٥-٠١-١١_٢٠٢٦-٠٩-٢١_١٥-٢٠-٠٥.png,recording_04,19.50,1170,42.488
frame_051,ZED-X_SN45626933_٢٠٢٦-٠٩-٢١_١٥-٠١-١١_٢٠٢٦-٠٩-٢١_١٥-٢٠-٠٦.png,recording_04,19.50,1170,37.809
frame_052,ZED-X_SN45626933_٢٠٢٦-٠٩-٢١_١٥-٠١-١١_٢٠٢٦-٠٩-٢١_١٥-٢٠-٠٧.png,recording_04,19.50,1170,45.086
frame_053,ZED-X_SN45626933_٢٠٢٦-٠٩-٢١_١٥-٠١-١١_٢٠٢٦-٠٩-٢١_١٥-٢٠-٠٨.png,recording_04,19.50,1170,43.199
frame_054,ZED-X_SN45626933_٢٠٢٦-٠٩-٢١_١٥-٠١-١١_٢٠٢٦-٠٩-٢١_١٥-٢٠-٠٩.png,recording_04,19.50,1170,46.135
frame_033,ZED-X_SN45626933_٢٠٢٦-٠٩-٢١_١٥-٠١-١١_٢٠٢٦-٠٩-٢١_١٥-١٩-٤٠.png,recording_04,20.00,1200,49.073
frame_034,ZED-X_SN45626933_٢٠٢٦-٠٩-٢١_١٥-٠١-١١_٢٠٢٦-٠٩-٢١_١٥-١٩-٤٢.png,recording_04,20.00,1200,54.321
frame_035,ZED-X_SN45626933_٢٠٢٦-٠٩-٢١_١٥-٠١-١١_٢٠٢٦-٠٩-٢١_١٥-١٩-٤٣.png,recording_04,20.00,1200,54.936
frame_036,ZED-X_SN45626933_٢٠٢٦-٠٩-٢١_١٥-٠١-١١_٢٠٢٦-٠٩-٢١_١٥-١٩-٤٤.png,recording_04,20.00,1200,57.483
frame_037,ZED-X_SN45626933_٢٠٢٦-٠٩-٢١_١٥-٠١-١١_٢٠٢٦-٠٩-٢١_١٥-١٩-٤٥.png,recording_04,20.00,1200,56.492
frame_038,ZED-X_SN45626933_٢٠٢٦-٠٩-٢١_١٥-٠١-١١_٢٠٢٦-٠٩-٢١_١٥-١٩-٤٨.png,recording_04,20.00,1200,58.580
frame_039,ZED-X_SN45626933_٢٠٢٦-٠٩-٢١_١٥-٠١-١١_٢٠٢٦-٠٩-٢١_١٥-١٩-٥١.png,recording_04,20.00,1200,44.553
frame_040,ZED-X_SN45626933_٢٠٢٦-٠٩-٢١_١٥-٠١-١١_٢٠٢٦-٠٩-٢١_١٥-١٩-٥٣.png,recording_04,20.00,1200,42.123
frame_041,ZED-X_SN45626933_٢٠٢٦-٠٩-٢١_١٥-٠١-١١_٢٠٢٦-٠٩-٢١_١٥-١٩-٥٤.png,recording_04,20.00,1200,35.810
frame_042,ZED-X_SN45626933_٢٠٢٦-٠٩-٢١_١٥-٠١-١١_٢٠٢٦-٠٩-٢١_١٥-١٩-٥٥.png,recording_04,20.00,1200,37.693
frame_043,ZED-X_SN45626933_٢٠٢٦-٠٩-٢١_١٥-٠١-١١_٢٠٢٦-٠٩-٢١_١٥-١٩-٥٦.png,recording_04,20.00,1200,44.318
frame_044,ZED-X_SN45626933_٢٠٢٦-٠٩-٢١_١٥-٠١-١١_٢٠٢٦-٠٩-٢١_١٥-١٩-٥٧.png,recording_04,20.00,1200,40.684
frame_045,ZED-X_SN45626933_٢٠٢٦-٠٩-٢١_١٥-٠١-١١_٢٠٢٦-٠٩-٢١_١٥-١٩-٥٨.png,recording_04,20.00,1200,33.078
frame_046,ZED-X_SN45626933_٢٠٢٦-٠٩-٢١_١٥-٠١-١١_٢٠٢٦-٠٩-٢١_١٥-١٩-٥٩.png,recording_04,20.00,1200,37.722
frame_047,ZED-X_SN45626933_٢٠٢٦-٠٩-٢١_١٥-٠١-١١_٢٠٢٦-٠٩-٢١_١٥-٢٠-٠١.png,recording_04,20.00,1200,20.893
frame_048,ZED-X_SN45626933_٢٠٢٦-٠٩-٢١_١٥-٠١-١١_٢٠٢٦-٠٩-٢١_١٥-٢٠-٠٢.png,recording_04,20.00,1200,27.597
frame_049,ZED-X_SN45626933_٢٠٢٦-٠٩-٢١_١٥-٠١-١١_٢٠٢٦-٠٩-٢١_١٥-٢٠-٠٤.png,recording_04,20.00,1200,33.604
frame_050,ZED-X_SN45626933_٢٠٢٦-٠٩-٢١_١٥-٠١-١١_٢٠٢٦-٠٩-٢١_١٥-٢٠-٠٥.png,recording_04,20.00,1200,43.760
frame_051,ZED-X_SN45626933_٢٠٢٦-٠٩-٢١_١٥-٠١-١١_٢٠٢٦-٠٩-٢١_١٥-٢٠-٠٦.png,recording_04,20.00,1200,37.427
frame_052,ZED-X_SN45626933_٢٠٢٦-٠٩-٢١_١٥-٠١-١١_٢٠٢٦-٠٩-٢١_١٥-٢٠-٠٧.png,recording_04,20.00,1200,43.638
frame_053,ZED-X_SN45626933_٢٠٢٦-٠٩-٢١_١٥-٠١-١١_٢٠٢٦-٠٩-٢١_١٥-٢٠-٠٨.png,recording_04,20.00,1200,43.309
frame_054,ZED-X_SN45626933_٢٠٢٦-٠٩-٢١_١٥-٠١-١١_٢٠٢٦-٠٩-٢١_١٥-٢٠-٠٩.png,recording_04,20.00,1200,45.820
frame_033,ZED-X_SN45626933_٢٠٢٦-٠٩-٢١_١٥-٠١-١١_٢٠٢٦-٠٩-٢١_١٥-١٩-٤٠.png,recording_04,20.50,1230,51.828
frame_034,ZED-X_SN45626933_٢٠٢٦-٠٩-٢١_١٥-٠١-١١_٢٠٢٦-٠٩-٢١_١٥-١٩-٤٢.png,recording_04,20.50,1230,53.677
frame_035,ZED-X_SN45626933_٢٠٢٦-٠٩-٢١_١٥-٠١-١١_٢٠٢٦-٠٩-٢١_١٥-١٩-٤٣.png,recording_04,20.50,1230,55.654
frame_036,ZED-X_SN45626933_٢٠٢٦-٠٩-٢١_١٥-٠١-١١_٢٠٢٦-٠٩-٢١_١٥-١٩-٤٤.png,recording_04,20.50,1230,56.859
frame_037,ZED-X_SN45626933_٢٠٢٦-٠٩-٢١_١٥-٠١-١١_٢٠٢٦-٠٩-٢١_١٥-١٩-٤٥.png,recording_04,20.50,1230,56.104
frame_038,ZED-X_SN45626933_٢٠٢٦-٠٩-٢١_١٥-٠١-١١_٢٠٢٦-٠٩-٢١_١٥-١٩-٤٨.png,recording_04,20.50,1230,57.755
frame_039,ZED-X_SN45626933_٢٠٢٦-٠٩-٢١_١٥-٠١-١١_٢٠٢٦-٠٩-٢١_١٥-١٩-٥١.png,recording_04,20.50,1230,45.311
frame_040,ZED-X_SN45626933_٢٠٢٦-٠٩-٢١_١٥-٠١-١١_٢٠٢٦-٠٩-٢١_١٥-١٩-٥٣.png,recording_04,20.50,1230,43.814
frame_041,ZED-X_SN45626933_٢٠٢٦-٠٩-٢١_١٥-٠١-١١_٢٠٢٦-٠٩-٢١_١٥-١٩-٥٤.png,recording_04,20.50,1230,35.929
frame_042,ZED-X_SN45626933_٢٠٢٦-٠٩-٢١_١٥-٠١-١١_٢٠٢٦-٠٩-٢١_١٥-١٩-٥٥.png,recording_04,20.50,1230,38.786
frame_043,ZED-X_SN45626933_٢٠٢٦-٠٩-٢١_١٥-٠١-١١_٢٠٢٦-٠٩-٢١_١٥-١٩-٥٦.png,recording_04,20.50,1230,44.553
frame_044,ZED-X_SN45626933_٢٠٢٦-٠٩-٢١_١٥-٠١-١١_٢٠٢٦-٠٩-٢١_١٥-١٩-٥٧.png,recording_04,20.50,1230,45.405
frame_045,ZED-X_SN45626933_٢٠٢٦-٠٩-٢١_١٥-٠١-١١_٢٠٢٦-٠٩-٢١_١٥-١٩-٥٨.png,recording_04,20.50,1230,33.664
frame_046,ZED-X_SN45626933_٢٠٢٦-٠٩-٢١_١٥-٠١-١١_٢٠٢٦-٠٩-٢١_١٥-١٩-٥٩.png,recording_04,20.50,1230,36.831
frame_047,ZED-X_SN45626933_٢٠٢٦-٠٩-٢١_١٥-٠١-١١_٢٠٢٦-٠٩-٢١_١٥-٢٠-٠١.png,recording_04,20.50,1230,25.649
frame_048,ZED-X_SN45626933_٢٠٢٦-٠٩-٢١_١٥-٠١-١١_٢٠٢٦-٠٩-٢١_١٥-٢٠-٠٢.png,recording_04,20.50,1230,6.927
frame_049,ZED-X_SN45626933_٢٠٢٦-٠٩-٢١_١٥-٠١-١١_٢٠٢٦-٠٩-٢١_١٥-٢٠-٠٤.png,recording_04,20.50,1230,24.463
frame_050,ZED-X_SN45626933_٢٠٢٦-٠٩-٢١_١٥-٠١-١١_٢٠٢٦-٠٩-٢١_١٥-٢٠-٠٥.png,recording_04,20.50,1230,42.982
frame_051,ZED-X_SN45626933_٢٠٢٦-٠٩-٢١_١٥-٠١-١١_٢٠٢٦-٠٩-٢١_١٥-٢٠-٠٦.png,recording_04,20.50,1230,43.223
frame_052,ZED-X_SN45626933_٢٠٢٦-٠٩-٢١_١٥-٠١-١١_٢٠٢٦-٠٩-٢١_١٥-٢٠-٠٧.png,recording_04,20.50,1230,44.978
frame_053,ZED-X_SN45626933_٢٠٢٦-٠٩-٢١_١٥-٠١-١١_٢٠٢٦-٠٩-٢١_١٥-٢٠-٠٨.png,recording_04,20.50,1230,41.672
frame_054,ZED-X_SN45626933_٢٠٢٦-٠٩-٢١_١٥-٠١-١١_٢٠٢٦-٠٩-٢١_١٥-٢٠-٠٩.png,recording_04,20.50,1230,45.621
frame_033,ZED-X_SN45626933_٢٠٢٦-٠٩-٢١_١٥-٠١-١١_٢٠٢٦-٠٩-٢١_١٥-١٩-٤٠.png,recording_04,21.00,1260,50.287
frame_034,ZED-X_SN45626933_٢٠٢٦-٠٩-٢١_١٥-٠١-١١_٢٠٢٦-٠٩-٢١_١٥-١٩-٤٢.png,recording_04,21.00,1260,53.071
frame_035,ZED-X_SN45626933_٢٠٢٦-٠٩-٢١_١٥-٠١-١١_٢٠٢٦-٠٩-٢١_١٥-١٩-٤٣.png,recording_04,21.00,1260,53.929
frame_036,ZED-X_SN45626933_٢٠٢٦-٠٩-٢١_١٥-٠١-١١_٢٠٢٦-٠٩-٢١_١٥-١٩-٤٤.png,recording_04,21.00,1260,55.250
frame_037,ZED-X_SN45626933_٢٠٢٦-٠٩-٢١_١٥-٠١-١١_٢٠٢٦-٠٩-٢١_١٥-١٩-٤٥.png,recording_04,21.00,1260,54.748
frame_038,ZED-X_SN45626933_٢٠٢٦-٠٩-٢١_١٥-٠١-١١_٢٠٢٦-٠٩-٢١_١٥-١٩-٤٨.png,recording_04,21.00,1260,56.624
frame_039,ZED-X_SN45626933_٢٠٢٦-٠٩-٢١_١٥-٠١-١١_٢٠٢٦-٠٩-٢١_١٥-١٩-٥١.png,recording_04,21.00,1260,44.240
frame_040,ZED-X_SN45626933_٢٠٢٦-٠٩-٢١_١٥-٠١-١١_٢٠٢٦-٠٩-٢١_١٥-١٩-٥٣.png,recording_04,21.00,1260,42.948
frame_041,ZED-X_SN45626933_٢٠٢٦-٠٩-٢١_١٥-٠١-١١_٢٠٢٦-٠٩-٢١_١٥-١٩-٥٤.png,recording_04,21.00,1260,36.003
frame_042,ZED-X_SN45626933_٢٠٢٦-٠٩-٢١_١٥-٠١-١١_٢٠٢٦-٠٩-٢١_١٥-١٩-٥٥.png,recording_04,21.00,1260,39.002
frame_043,ZED-X_SN45626933_٢٠٢٦-٠٩-٢١_١٥-٠١-١١_٢٠٢٦-٠٩-٢١_١٥-١٩-٥٦.png,recording_04,21.00,1260,47.221
frame_044,ZED-X_SN45626933_٢٠٢٦-٠٩-٢١_١٥-٠١-١١_٢٠٢٦-٠٩-٢١_١٥-١٩-٥٧.png,recording_04,21.00,1260,45.307
frame_045,ZED-X_SN45626933_٢٠٢٦-٠٩-٢١_١٥-٠١-١١_٢٠٢٦-٠٩-٢١_١٥-١٩-٥٨.png,recording_04,21.00,1260,33.376
frame_046,ZED-X_SN45626933_٢٠٢٦-٠٩-٢١_١٥-٠١-١١_٢٠٢٦-٠٩-٢١_١٥-١٩-٥٩.png,recording_04,21.00,1260,39.381
frame_047,ZED-X_SN45626933_٢٠٢٦-٠٩-٢١_١٥-٠١-١١_٢٠٢٦-٠٩-٢١_١٥-٢٠-٠١.png,recording_04,21.00,1260,26.218
frame_048,ZED-X_SN45626933_٢٠٢٦-٠٩-٢١_١٥-٠١-١١_٢٠٢٦-٠٩-٢١_١٥-٢٠-٠٢.png,recording_04,21.00,1260,18.033
frame_049,ZED-X_SN45626933_٢٠٢٦-٠٩-٢١_١٥-٠١-١١_٢٠٢٦-٠٩-٢١_١٥-٢٠-٠٤.png,recording_04,21.00,1260,24.070
frame_050,ZED-X_SN45626933_٢٠٢٦-٠٩-٢١_١٥-٠١-١١_٢٠٢٦-٠٩-٢١_١٥-٢٠-٠٥.png,recording_04,21.00,1260,42.970
frame_051,ZED-X_SN45626933_٢٠٢٦-٠٩-٢١_١٥-٠١-١١_٢٠٢٦-٠٩-٢١_١٥-٢٠-٠٦.png,recording_04,21.00,1260,42.773
frame_052,ZED-X_SN45626933_٢٠٢٦-٠٩-٢١_١٥-٠١-١١_٢٠٢٦-٠٩-٢١_١٥-٢٠-٠٧.png,recording_04,21.00,1260,43.468
frame_053,ZED-X_SN45626933_٢٠٢٦-٠٩-٢١_١٥-٠١-١١_٢٠٢٦-٠٩-٢١_١٥-٢٠-٠٨.png,recording_04,21.00,1260,42.405
frame_054,ZED-X_SN45626933_٢٠٢٦-٠٩-٢١_١٥-٠١-١١_٢٠٢٦-٠٩-٢١_١٥-٢٠-٠٩.png,recording_04,21.00,1260,44.305
frame_033,ZED-X_SN45626933_٢٠٢٦-٠٩-٢١_١٥-٠١-١١_٢٠٢٦-٠٩-٢١_١٥-١٩-٤٠.png,recording_04,21.50,1290,47.550
frame_034,ZED-X_SN45626933_٢٠٢٦-٠٩-٢١_١٥-٠١-١١_٢٠٢٦-٠٩-٢١_١٥-١٩-٤٢.png,recording_04,21.50,1290,51.940
frame_035,ZED-X_SN45626933_٢٠٢٦-٠٩-٢١_١٥-٠١-١١_٢٠٢٦-٠٩-٢١_١٥-١٩-٤٣.png,recording_04,21.50,1290,54.300
frame_036,ZED-X_SN45626933_٢٠٢٦-٠٩-٢١_١٥-٠١-١١_٢٠٢٦-٠٩-٢١_١٥-١٩-٤٤.png,recording_04,21.50,1290,54.728
frame_037,ZED-X_SN45626933_٢٠٢٦-٠٩-٢١_١٥-٠١-١١_٢٠٢٦-٠٩-٢١_١٥-١٩-٤٥.png,recording_04,21.50,1290,53.848
frame_038,ZED-X_SN45626933_٢٠٢٦-٠٩-٢١_١٥-٠١-١١_٢٠٢٦-٠٩-٢١_١٥-١٩-٤٨.png,recording_04,21.50,1290,56.300
frame_039,ZED-X_SN45626933_٢٠٢٦-٠٩-٢١_١٥-٠١-١١_٢٠٢٦-٠٩-٢١_١٥-١٩-٥١.png,recording_04,21.50,1290,44.730
frame_040,ZED-X_SN45626933_٢٠٢٦-٠٩-٢١_١٥-٠١-١١_٢٠٢٦-٠٩-٢١_١٥-١٩-٥٣.png,recording_04,21.50,1290,43.443
frame_041,ZED-X_SN45626933_٢٠٢٦-٠٩-٢١_١٥-٠١-١١_٢٠٢٦-٠٩-٢١_١٥-١٩-٥٤.png,recording_04,21.50,1290,36.005
frame_042,ZED-X_SN45626933_٢٠٢٦-٠٩-٢١_١٥-٠١-١١_٢٠٢٦-٠٩-٢١_١٥-١٩-٥٥.png,recording_04,21.50,1290,37.530
frame_043,ZED-X_SN45626933_٢٠٢٦-٠٩-٢١_١٥-٠١-١١_٢٠٢٦-٠٩-٢١_١٥-١٩-٥٦.png,recording_04,21.50,1290,45.248
frame_044,ZED-X_SN45626933_٢٠٢٦-٠٩-٢١_١٥-٠١-١١_٢٠٢٦-٠٩-٢١_١٥-١٩-٥٧.png,recording_04,21.50,1290,41.079
frame_045,ZED-X_SN45626933_٢٠٢٦-٠٩-٢١_١٥-٠١-١١_٢٠٢٦-٠٩-٢١_١٥-١٩-٥٨.png,recording_04,21.50,1290,33.324
frame_046,ZED-X_SN45626933_٢٠٢٦-٠٩-٢١_١٥-٠١-١١_٢٠٢٦-٠٩-٢١_١٥-١٩-٥٩.png,recording_04,21.50,1290,40.156
frame_047,ZED-X_SN45626933_٢٠٢٦-٠٩-٢١_١٥-٠١-١١_٢٠٢٦-٠٩-٢١_١٥-٢٠-٠١.png,recording_04,21.50,1290,25.495
frame_048,ZED-X_SN45626933_٢٠٢٦-٠٩-٢١_١٥-٠١-١١_٢٠٢٦-٠٩-٢١_١٥-٢٠-٠٢.png,recording_04,21.50,1290,23.060
frame_049,ZED-X_SN45626933_٢٠٢٦-٠٩-٢١_١٥-٠١-١١_٢٠٢٦-٠٩-٢١_١٥-٢٠-٠٤.png,recording_04,21.50,1290,28.127
frame_050,ZED-X_SN45626933_٢٠٢٦-٠٩-٢١_١٥-٠١-١١_٢٠٢٦-٠٩-٢١_١٥-٢٠-٠٥.png,recording_04,21.50,1290,42.148
frame_051,ZED-X_SN45626933_٢٠٢٦-٠٩-٢١_١٥-٠١-١١_٢٠٢٦-٠٩-٢١_١٥-٢٠-٠٦.png,recording_04,21.50,1290,39.748
frame_052,ZED-X_SN45626933_٢٠٢٦-٠٩-٢١_١٥-٠١-١١_٢٠٢٦-٠٩-٢١_١٥-٢٠-٠٧.png,recording_04,21.50,1290,43.127
frame_053,ZED-X_SN45626933_٢٠٢٦-٠٩-٢١_١٥-٠١-١١_٢٠٢٦-٠٩-٢١_١٥-٢٠-٠٨.png,recording_04,21.50,1290,39.001
frame_054,ZED-X_SN45626933_٢٠٢٦-٠٩-٢١_١٥-٠١-١١_٢٠٢٦-٠٩-٢١_١٥-٢٠-٠٩.png,recording_04,21.50,1290,42.014
frame_033,ZED-X_SN45626933_٢٠٢٦-٠٩-٢١_١٥-٠١-١١_٢٠٢٦-٠٩-٢١_١٥-١٩-٤٠.png,recording_04,22.00,1320,49.584
frame_034,ZED-X_SN45626933_٢٠٢٦-٠٩-٢١_١٥-٠١-١١_٢٠٢٦-٠٩-٢١_١٥-١٩-٤٢.png,recording_04,22.00,1320,54.541
frame_035,ZED-X_SN45626933_٢٠٢٦-٠٩-٢١_١٥-٠١-١١_٢٠٢٦-٠٩-٢١_١٥-١٩-٤٣.png,recording_04,22.00,1320,56.982
frame_036,ZED-X_SN45626933_٢٠٢٦-٠٩-٢١_١٥-٠١-١١_٢٠٢٦-٠٩-٢١_١٥-١٩-٤٤.png,recording_04,22.00,1320,57.860
frame_037,ZED-X_SN45626933_٢٠٢٦-٠٩-٢١_١٥-٠١-١١_٢٠٢٦-٠٩-٢١_١٥-١٩-٤٥.png,recording_04,22.00,1320,56.738
frame_038,ZED-X_SN45626933_٢٠٢٦-٠٩-٢١_١٥-٠١-١١_٢٠٢٦-٠٩-٢١_١٥-١٩-٤٨.png,recording_04,22.00,1320,59.777
frame_039,ZED-X_SN45626933_٢٠٢٦-٠٩-٢١_١٥-٠١-١١_٢٠٢٦-٠٩-٢١_١٥-١٩-٥١.png,recording_04,22.00,1320,47.962
frame_040,ZED-X_SN45626933_٢٠٢٦-٠٩-٢١_١٥-٠١-١١_٢٠٢٦-٠٩-٢١_١٥-١٩-٥٣.png,recording_04,22.00,1320,46.713
frame_041,ZED-X_SN45626933_٢٠٢٦-٠٩-٢١_١٥-٠١-١١_٢٠٢٦-٠٩-٢١_١٥-١٩-٥٤.png,recording_04,22.00,1320,39.798
frame_042,ZED-X_SN45626933_٢٠٢٦-٠٩-٢١_١٥-٠١-١١_٢٠٢٦-٠٩-٢١_١٥-١٩-٥٥.png,recording_04,22.00,1320,39.607
frame_043,ZED-X_SN45626933_٢٠٢٦-٠٩-٢١_١٥-٠١-١١_٢٠٢٦-٠٩-٢١_١٥-١٩-٥٦.png,recording_04,22.00,1320,46.969
frame_044,ZED-X_SN45626933_٢٠٢٦-٠٩-٢١_١٥-٠١-١١_٢٠٢٦-٠٩-٢١_١٥-١٩-٥٧.png,recording_04,22.00,1320,45.369
frame_045,ZED-X_SN45626933_٢٠٢٦-٠٩-٢١_١٥-٠١-١١_٢٠٢٦-٠٩-٢١_١٥-١٩-٥٨.png,recording_04,22.00,1320,37.269
frame_046,ZED-X_SN45626933_٢٠٢٦-٠٩-٢١_١٥-٠١-١١_٢٠٢٦-٠٩-٢١_١٥-١٩-٥٩.png,recording_04,22.00,1320,41.714
frame_047,ZED-X_SN45626933_٢٠٢٦-٠٩-٢١_١٥-٠١-١١_٢٠٢٦-٠٩-٢١_١٥-٢٠-٠١.png,recording_04,22.00,1320,28.197
frame_048,ZED-X_SN45626933_٢٠٢٦-٠٩-٢١_١٥-٠١-١١_٢٠٢٦-٠٩-٢١_١٥-٢٠-٠٢.png,recording_04,22.00,1320,23.005
frame_049,ZED-X_SN45626933_٢٠٢٦-٠٩-٢١_١٥-٠١-١١_٢٠٢٦-٠٩-٢١_١٥-٢٠-٠٤.png,recording_04,22.00,1320,25.891
frame_050,ZED-X_SN45626933_٢٠٢٦-٠٩-٢١_١٥-٠١-١١_٢٠٢٦-٠٩-٢١_١٥-٢٠-٠٥.png,recording_04,22.00,1320,43.901
frame_051,ZED-X_SN45626933_٢٠٢٦-٠٩-٢١_١٥-٠١-١١_٢٠٢٦-٠٩-٢١_١٥-٢٠-٠٦.png,recording_04,22.00,1320,40.708
frame_052,ZED-X_SN45626933_٢٠٢٦-٠٩-٢١_١٥-٠١-١١_٢٠٢٦-٠٩-٢١_١٥-٢٠-٠٧.png,recording_04,22.00,1320,43.450
frame_053,ZED-X_SN45626933_٢٠٢٦-٠٩-٢١_١٥-٠١-١١_٢٠٢٦-٠٩-٢١_١٥-٢٠-٠٨.png,recording_04,22.00,1320,40.145
frame_054,ZED-X_SN45626933_٢٠٢٦-٠٩-٢١_١٥-٠١-١١_٢٠٢٦-٠٩-٢١_١٥-٢٠-٠٩.png,recording_04,22.00,1320,45.874
frame_033,ZED-X_SN45626933_٢٠٢٦-٠٩-٢١_١٥-٠١-١١_٢٠٢٦-٠٩-٢١_١٥-١٩-٤٠.png,recording_04,22.50,1350,53.107
frame_034,ZED-X_SN45626933_٢٠٢٦-٠٩-٢١_١٥-٠١-١١_٢٠٢٦-٠٩-٢١_١٥-١٩-٤٢.png,recording_04,22.50,1350,55.859
frame_035,ZED-X_SN45626933_٢٠٢٦-٠٩-٢١_١٥-٠١-١١_٢٠٢٦-٠٩-٢١_١٥-١٩-٤٣.png,recording_04,22.50,1350,55.733
frame_036,ZED-X_SN45626933_٢٠٢٦-٠٩-٢١_١٥-٠١-١١_٢٠٢٦-٠٩-٢١_١٥-١٩-٤٤.png,recording_04,22.50,1350,57.028
frame_037,ZED-X_SN45626933_٢٠٢٦-٠٩-٢١_١٥-٠١-١١_٢٠٢٦-٠٩-٢١_١٥-١٩-٤٥.png,recording_04,22.50,1350,56.144
frame_038,ZED-X_SN45626933_٢٠٢٦-٠٩-٢١_١٥-٠١-١١_٢٠٢٦-٠٩-٢١_١٥-١٩-٤٨.png,recording_04,22.50,1350,59.130
frame_039,ZED-X_SN45626933_٢٠٢٦-٠٩-٢١_١٥-٠١-١١_٢٠٢٦-٠٩-٢١_١٥-١٩-٥١.png,recording_04,22.50,1350,46.812
frame_040,ZED-X_SN45626933_٢٠٢٦-٠٩-٢١_١٥-٠١-١١_٢٠٢٦-٠٩-٢١_١٥-١٩-٥٣.png,recording_04,22.50,1350,45.434
frame_041,ZED-X_SN45626933_٢٠٢٦-٠٩-٢١_١٥-٠١-١١_٢٠٢٦-٠٩-٢١_١٥-١٩-٥٤.png,recording_04,22.50,1350,39.755
frame_042,ZED-X_SN45626933_٢٠٢٦-٠٩-٢١_١٥-٠١-١١_٢٠٢٦-٠٩-٢١_١٥-١٩-٥٥.png,recording_04,22.50,1350,40.387
frame_043,ZED-X_SN45626933_٢٠٢٦-٠٩-٢١_١٥-٠١-١١_٢٠٢٦-٠٩-٢١_١٥-١٩-٥٦.png,recording_04,22.50,1350,46.927
frame_044,ZED-X_SN45626933_٢٠٢٦-٠٩-٢١_١٥-٠١-١١_٢٠٢٦-٠٩-٢١_١٥-١٩-٥٧.png,recording_04,22.50,1350,47.420
frame_045,ZED-X_SN45626933_٢٠٢٦-٠٩-٢١_١٥-٠١-١١_٢٠٢٦-٠٩-٢١_١٥-١٩-٥٨.png,recording_04,22.50,1350,39.205
frame_046,ZED-X_SN45626933_٢٠٢٦-٠٩-٢١_١٥-٠١-١١_٢٠٢٦-٠٩-٢١_١٥-١٩-٥٩.png,recording_04,22.50,1350,42.530
frame_047,ZED-X_SN45626933_٢٠٢٦-٠٩-٢١_١٥-٠١-١١_٢٠٢٦-٠٩-٢١_١٥-٢٠-٠١.png,recording_04,22.50,1350,30.068
frame_048,ZED-X_SN45626933_٢٠٢٦-٠٩-٢١_١٥-٠١-١١_٢٠٢٦-٠٩-٢١_١٥-٢٠-٠٢.png,recording_04,22.50,1350,24.206
frame_049,ZED-X_SN45626933_٢٠٢٦-٠٩-٢١_١٥-٠١-١١_٢٠٢٦-٠٩-٢١_١٥-٢٠-٠٤.png,recording_04,22.50,1350,16.615
frame_050,ZED-X_SN45626933_٢٠٢٦-٠٩-٢١_١٥-٠١-١١_٢٠٢٦-٠٩-٢١_١٥-٢٠-٠٥.png,recording_04,22.50,1350,41.578
frame_051,ZED-X_SN45626933_٢٠٢٦-٠٩-٢١_١٥-٠١-١١_٢٠٢٦-٠٩-٢١_١٥-٢٠-٠٦.png,recording_04,22.50,1350,41.877
frame_052,ZED-X_SN45626933_٢٠٢٦-٠٩-٢١_١٥-٠١-١١_٢٠٢٦-٠٩-٢١_١٥-٢٠-٠٧.png,recording_04,22.50,1350,42.061
frame_053,ZED-X_SN45626933_٢٠٢٦-٠٩-٢١_١٥-٠١-١١_٢٠٢٦-٠٩-٢١_١٥-٢٠-٠٨.png,recording_04,22.50,1350,41.954
frame_054,ZED-X_SN45626933_٢٠٢٦-٠٩-٢١_١٥-٠١-١١_٢٠٢٦-٠٩-٢١_١٥-٢٠-٠٩.png,recording_04,22.50,1350,46.322
frame_033,ZED-X_SN45626933_٢٠٢٦-٠٩-٢١_١٥-٠١-١١_٢٠٢٦-٠٩-٢١_١٥-١٩-٤٠.png,recording_04,23.00,1380,53.359
frame_034,ZED-X_SN45626933_٢٠٢٦-٠٩-٢١_١٥-٠١-١١_٢٠٢٦-٠٩-٢١_١٥-١٩-٤٢.png,recording_04,23.00,1380,54.457
frame_035,ZED-X_SN45626933_٢٠٢٦-٠٩-٢١_١٥-٠١-١١_٢٠٢٦-٠٩-٢١_١٥-١٩-٤٣.png,recording_04,23.00,1380,55.939
frame_036,ZED-X_SN45626933_٢٠٢٦-٠٩-٢١_١٥-٠١-١١_٢٠٢٦-٠٩-٢١_١٥-١٩-٤٤.png,recording_04,23.00,1380,56.431
frame_037,ZED-X_SN45626933_٢٠٢٦-٠٩-٢١_١٥-٠١-١١_٢٠٢٦-٠٩-٢١_١٥-١٩-٤٥.png,recording_04,23.00,1380,55.686
frame_038,ZED-X_SN45626933_٢٠٢٦-٠٩-٢١_١٥-٠١-١١_٢٠٢٦-٠٩-٢١_١٥-١٩-٤٨.png,recording_04,23.00,1380,58.344
frame_039,ZED-X_SN45626933_٢٠٢٦-٠٩-٢١_١٥-٠١-١١_٢٠٢٦-٠٩-٢١_١٥-١٩-٥١.png,recording_04,23.00,1380,46.712
frame_040,ZED-X_SN45626933_٢٠٢٦-٠٩-٢١_١٥-٠١-١١_٢٠٢٦-٠٩-٢١_١٥-١٩-٥٣.png,recording_04,23.00,1380,45.871
frame_041,ZED-X_SN45626933_٢٠٢٦-٠٩-٢١_١٥-٠١-١١_٢٠٢٦-٠٩-٢١_١٥-١٩-٥٤.png,recording_04,23.00,1380,40.072
frame_042,ZED-X_SN45626933_٢٠٢٦-٠٩-٢١_١٥-٠١-١١_٢٠٢٦-٠٩-٢١_١٥-١٩-٥٥.png,recording_04,23.00,1380,42.663
frame_043,ZED-X_SN45626933_٢٠٢٦-٠٩-٢١_١٥-٠١-١١_٢٠٢٦-٠٩-٢١_١٥-١٩-٥٦.png,recording_04,23.00,1380,46.969
frame_044,ZED-X_SN45626933_٢٠٢٦-٠٩-٢١_١٥-٠١-١١_٢٠٢٦-٠٩-٢١_١٥-١٩-٥٧.png,recording_04,23.00,1380,45.949
frame_045,ZED-X_SN45626933_٢٠٢٦-٠٩-٢١_١٥-٠١-١١_٢٠٢٦-٠٩-٢١_١٥-١٩-٥٨.png,recording_04,23.00,1380,39.789
frame_046,ZED-X_SN45626933_٢٠٢٦-٠٩-٢١_١٥-٠١-١١_٢٠٢٦-٠٩-٢١_١٥-١٩-٥٩.png,recording_04,23.00,1380,43.418
frame_047,ZED-X_SN45626933_٢٠٢٦-٠٩-٢١_١٥-٠١-١١_٢٠٢٦-٠٩-٢١_١٥-٢٠-٠١.png,recording_04,23.00,1380,32.239
frame_048,ZED-X_SN45626933_٢٠٢٦-٠٩-٢١_١٥-٠١-١١_٢٠٢٦-٠٩-٢١_١٥-٢٠-٠٢.png,recording_04,23.00,1380,25.024
frame_049,ZED-X_SN45626933_٢٠٢٦-٠٩-٢١_١٥-٠١-١١_٢٠٢٦-٠٩-٢١_١٥-٢٠-٠٤.png,recording_04,23.00,1380,8.664
frame_050,ZED-X_SN45626933_٢٠٢٦-٠٩-٢١_١٥-٠١-١١_٢٠٢٦-٠٩-٢١_١٥-٢٠-٠٥.png,recording_04,23.00,1380,40.215
frame_051,ZED-X_SN45626933_٢٠٢٦-٠٩-٢١_١٥-٠١-١١_٢٠٢٦-٠٩-٢١_١٥-٢٠-٠٦.png,recording_04,23.00,1380,41.457
frame_052,ZED-X_SN45626933_٢٠٢٦-٠٩-٢١_١٥-٠١-١١_٢٠٢٦-٠٩-٢١_١٥-٢٠-٠٧.png,recording_04,23.00,1380,42.421
frame_053,ZED-X_SN45626933_٢٠٢٦-٠٩-٢١_١٥-٠١-١١_٢٠٢٦-٠٩-٢١_١٥-٢٠-٠٨.png,recording_04,23.00,1380,41.428
frame_054,ZED-X_SN45626933_٢٠٢٦-٠٩-٢١_١٥-٠١-١١_٢٠٢٦-٠٩-٢١_١٥-٢٠-٠٩.png,recording_04,23.00,1380,45.036
frame_033,ZED-X_SN45626933_٢٠٢٦-٠٩-٢١_١٥-٠١-١١_٢٠٢٦-٠٩-٢١_١٥-١٩-٤٠.png,recording_04,23.50,1410,45.143
frame_034,ZED-X_SN45626933_٢٠٢٦-٠٩-٢١_١٥-٠١-١١_٢٠٢٦-٠٩-٢١_١٥-١٩-٤٢.png,recording_04,23.50,1410,50.649
frame_035,ZED-X_SN45626933_٢٠٢٦-٠٩-٢١_١٥-٠١-١١_٢٠٢٦-٠٩-٢١_١٥-١٩-٤٣.png,recording_04,23.50,1410,53.783
frame_036,ZED-X_SN45626933_٢٠٢٦-٠٩-٢١_١٥-٠١-١١_٢٠٢٦-٠٩-٢١_١٥-١٩-٤٤.png,recording_04,23.50,1410,57.807
frame_037,ZED-X_SN45626933_٢٠٢٦-٠٩-٢١_١٥-٠١-١١_٢٠٢٦-٠٩-٢١_١٥-١٩-٤٥.png,recording_04,23.50,1410,56.787
frame_038,ZED-X_SN45626933_٢٠٢٦-٠٩-٢١_١٥-٠١-١١_٢٠٢٦-٠٩-٢١_١٥-١٩-٤٨.png,recording_04,23.50,1410,58.369
frame_039,ZED-X_SN45626933_٢٠٢٦-٠٩-٢١_١٥-٠١-١١_٢٠٢٦-٠٩-٢١_١٥-١٩-٥١.png,recording_04,23.50,1410,46.888
frame_040,ZED-X_SN45626933_٢٠٢٦-٠٩-٢١_١٥-٠١-١١_٢٠٢٦-٠٩-٢١_١٥-١٩-٥٣.png,recording_04,23.50,1410,44.471
frame_041,ZED-X_SN45626933_٢٠٢٦-٠٩-٢١_١٥-٠١-١١_٢٠٢٦-٠٩-٢١_١٥-١٩-٥٤.png,recording_04,23.50,1410,37.398
frame_042,ZED-X_SN45626933_٢٠٢٦-٠٩-٢١_١٥-٠١-١١_٢٠٢٦-٠٩-٢١_١٥-١٩-٥٥.png,recording_04,23.50,1410,37.762
frame_043,ZED-X_SN45626933_٢٠٢٦-٠٩-٢١_١٥-٠١-١١_٢٠٢٦-٠٩-٢١_١٥-١٩-٥٦.png,recording_04,23.50,1410,45.180
frame_044,ZED-X_SN45626933_٢٠٢٦-٠٩-٢١_١٥-٠١-١١_٢٠٢٦-٠٩-٢١_١٥-١٩-٥٧.png,recording_04,23.50,1410,43.602
frame_045,ZED-X_SN45626933_٢٠٢٦-٠٩-٢١_١٥-٠١-١١_٢٠٢٦-٠٩-٢١_١٥-١٩-٥٨.png,recording_04,23.50,1410,38.851
frame_046,ZED-X_SN45626933_٢٠٢٦-٠٩-٢١_١٥-٠١-١١_٢٠٢٦-٠٩-٢١_١٥-١٩-٥٩.png,recording_04,23.50,1410,42.662
frame_047,ZED-X_SN45626933_٢٠٢٦-٠٩-٢١_١٥-٠١-١١_٢٠٢٦-٠٩-٢١_١٥-٢٠-٠١.png,recording_04,23.50,1410,30.905
frame_048,ZED-X_SN45626933_٢٠٢٦-٠٩-٢١_١٥-٠١-١١_٢٠٢٦-٠٩-٢١_١٥-٢٠-٠٢.png,recording_04,23.50,1410,29.758
frame_049,ZED-X_SN45626933_٢٠٢٦-٠٩-٢١_١٥-٠١-١١_٢٠٢٦-٠٩-٢١_١٥-٢٠-٠٤.png,recording_04,23.50,1410,34.532
frame_050,ZED-X_SN45626933_٢٠٢٦-٠٩-٢١_١٥-٠١-١١_٢٠٢٦-٠٩-٢١_١٥-٢٠-٠٥.png,recording_04,23.50,1410,43.015
frame_051,ZED-X_SN45626933_٢٠٢٦-٠٩-٢١_١٥-٠١-١١_٢٠٢٦-٠٩-٢١_١٥-٢٠-٠٦.png,recording_04,23.50,1410,37.014
frame_052,ZED-X_SN45626933_٢٠٢٦-٠٩-٢١_١٥-٠١-١١_٢٠٢٦-٠٩-٢١_١٥-٢٠-٠٧.png,recording_04,23.50,1410,42.207
frame_053,ZED-X_SN45626933_٢٠٢٦-٠٩-٢١_١٥-٠١-١١_٢٠٢٦-٠٩-٢١_١٥-٢٠-٠٨.png,recording_04,23.50,1410,40.293
frame_054,ZED-X_SN45626933_٢٠٢٦-٠٩-٢١_١٥-٠١-١١_٢٠٢٦-٠٩-٢١_١٥-٢٠-٠٩.png,recording_04,23.50,1410,46.442
frame_033,ZED-X_SN45626933_٢٠٢٦-٠٩-٢١_١٥-٠١-١١_٢٠٢٦-٠٩-٢١_١٥-١٩-٤٠.png,recording_04,24.00,1440,43.223
frame_034,ZED-X_SN45626933_٢٠٢٦-٠٩-٢١_١٥-٠١-١١_٢٠٢٦-٠٩-٢١_١٥-١٩-٤٢.png,recording_04,24.00,1440,44.984
frame_035,ZED-X_SN45626933_٢٠٢٦-٠٩-٢١_١٥-٠١-١١_٢٠٢٦-٠٩-٢١_١٥-١٩-٤٣.png,recording_04,24.00,1440,54.770
frame_036,ZED-X_SN45626933_٢٠٢٦-٠٩-٢١_١٥-٠١-١١_٢٠٢٦-٠٩-٢١_١٥-١٩-٤٤.png,recording_04,24.00,1440,50.880
frame_037,ZED-X_SN45626933_٢٠٢٦-٠٩-٢١_١٥-٠١-١١_٢٠٢٦-٠٩-٢١_١٥-١٩-٤٥.png,recording_04,24.00,1440,50.816
frame_038,ZED-X_SN45626933_٢٠٢٦-٠٩-٢١_١٥-٠١-١١_٢٠٢٦-٠٩-٢١_١٥-١٩-٤٨.png,recording_04,24.00,1440,49.657
frame_039,ZED-X_SN45626933_٢٠٢٦-٠٩-٢١_١٥-٠١-١١_٢٠٢٦-٠٩-٢١_١٥-١٩-٥١.png,recording_04,24.00,1440,45.625
frame_040,ZED-X_SN45626933_٢٠٢٦-٠٩-٢١_١٥-٠١-١١_٢٠٢٦-٠٩-٢١_١٥-١٩-٥٣.png,recording_04,24.00,1440,39.908
frame_041,ZED-X_SN45626933_٢٠٢٦-٠٩-٢١_١٥-٠١-١١_٢٠٢٦-٠٩-٢١_١٥-١٩-٥٤.png,recording_04,24.00,1440,35.094
frame_042,ZED-X_SN45626933_٢٠٢٦-٠٩-٢١_١٥-٠١-١١_٢٠٢٦-٠٩-٢١_١٥-١٩-٥٥.png,recording_04,24.00,1440,31.696
frame_043,ZED-X_SN45626933_٢٠٢٦-٠٩-٢١_١٥-٠١-١١_٢٠٢٦-٠٩-٢١_١٥-١٩-٥٦.png,recording_04,24.00,1440,40.427
frame_044,ZED-X_SN45626933_٢٠٢٦-٠٩-٢١_١٥-٠١-١١_٢٠٢٦-٠٩-٢١_١٥-١٩-٥٧.png,recording_04,24.00,1440,40.142
frame_045,ZED-X_SN45626933_٢٠٢٦-٠٩-٢١_١٥-٠١-١١_٢٠٢٦-٠٩-٢١_١٥-١٩-٥٨.png,recording_04,24.00,1440,34.331
frame_046,ZED-X_SN45626933_٢٠٢٦-٠٩-٢١_١٥-٠١-١١_٢٠٢٦-٠٩-٢١_١٥-١٩-٥٩.png,recording_04,24.00,1440,38.448
frame_047,ZED-X_SN45626933_٢٠٢٦-٠٩-٢١_١٥-٠١-١١_٢٠٢٦-٠٩-٢١_١٥-٢٠-٠١.png,recording_04,24.00,1440,38.137
frame_048,ZED-X_SN45626933_٢٠٢٦-٠٩-٢١_١٥-٠١-١١_٢٠٢٦-٠٩-٢١_١٥-٢٠-٠٢.png,recording_04,24.00,1440,40.132
frame_049,ZED-X_SN45626933_٢٠٢٦-٠٩-٢١_١٥-٠١-١١_٢٠٢٦-٠٩-٢١_١٥-٢٠-٠٤.png,recording_04,24.00,1440,40.395
frame_050,ZED-X_SN45626933_٢٠٢٦-٠٩-٢١_١٥-٠١-١١_٢٠٢٦-٠٩-٢١_١٥-٢٠-٠٥.png,recording_04,24.00,1440,27.863
frame_051,ZED-X_SN45626933_٢٠٢٦-٠٩-٢١_١٥-٠١-١١_٢٠٢٦-٠٩-٢١_١٥-٢٠-٠٦.png,recording_04,24.00,1440,37.405
frame_052,ZED-X_SN45626933_٢٠٢٦-٠٩-٢١_١٥-٠١-١١_٢٠٢٦-٠٩-٢١_١٥-٢٠-٠٧.png,recording_04,24.00,1440,38.279
frame_053,ZED-X_SN45626933_٢٠٢٦-٠٩-٢١_١٥-٠١-١١_٢٠٢٦-٠٩-٢١_١٥-٢٠-٠٨.png,recording_04,24.00,1440,42.172
frame_054,ZED-X_SN45626933_٢٠٢٦-٠٩-٢١_١٥-٠١-١١_٢٠٢٦-٠٩-٢١_١٥-٢٠-٠٩.png,recording_04,24.00,1440,41.474
frame_033,ZED-X_SN45626933_٢٠٢٦-٠٩-٢١_١٥-٠١-١١_٢٠٢٦-٠٩-٢١_١٥-١٩-٤٠.png,recording_04,24.50,1470,48.797
frame_034,ZED-X_SN45626933_٢٠٢٦-٠٩-٢١_١٥-٠١-١١_٢٠٢٦-٠٩-٢١_١٥-١٩-٤٢.png,recording_04,24.50,1470,51.362
frame_035,ZED-X_SN45626933_٢٠٢٦-٠٩-٢١_١٥-٠١-١١_٢٠٢٦-٠٩-٢١_١٥-١٩-٤٣.png,recording_04,24.50,1470,53.648
frame_036,ZED-X_SN45626933_٢٠٢٦-٠٩-٢١_١٥-٠١-١١_٢٠٢٦-٠٩-٢١_١٥-١٩-٤٤.png,recording_04,24.50,1470,54.660
frame_037,ZED-X_SN45626933_٢٠٢٦-٠٩-٢١_١٥-٠١-١١_٢٠٢٦-٠٩-٢١_١٥-١٩-٤٥.png,recording_04,24.50,1470,54.436
frame_038,ZED-X_SN45626933_٢٠٢٦-٠٩-٢١_١٥-٠١-١١_٢٠٢٦-٠٩-٢١_١٥-١٩-٤٨.png,recording_04,24.50,1470,54.706
frame_039,ZED-X_SN45626933_٢٠٢٦-٠٩-٢١_١٥-٠١-١١_٢٠٢٦-٠٩-٢١_١٥-١٩-٥١.png,recording_04,24.50,1470,44.468
frame_040,ZED-X_SN45626933_٢٠٢٦-٠٩-٢١_١٥-٠١-١١_٢٠٢٦-٠٩-٢١_١٥-١٩-٥٣.png,recording_04,24.50,1470,41.245
frame_041,ZED-X_SN45626933_٢٠٢٦-٠٩-٢١_١٥-٠١-١١_٢٠٢٦-٠٩-٢١_١٥-١٩-٥٤.png,recording_04,24.50,1470,38.058
frame_042,ZED-X_SN45626933_٢٠٢٦-٠٩-٢١_١٥-٠١-١١_٢٠٢٦-٠٩-٢١_١٥-١٩-٥٥.png,recording_04,24.50,1470,36.611
frame_043,ZED-X_SN45626933_٢٠٢٦-٠٩-٢١_١٥-٠١-١١_٢٠٢٦-٠٩-٢١_١٥-١٩-٥٦.png,recording_04,24.50,1470,39.987
frame_044,ZED-X_SN45626933_٢٠٢٦-٠٩-٢١_١٥-٠١-١١_٢٠٢٦-٠٩-٢١_١٥-١٩-٥٧.png,recording_04,24.50,1470,37.531
frame_045,ZED-X_SN45626933_٢٠٢٦-٠٩-٢١_١٥-٠١-١١_٢٠٢٦-٠٩-٢١_١٥-١٩-٥٨.png,recording_04,24.50,1470,39.471
frame_046,ZED-X_SN45626933_٢٠٢٦-٠٩-٢١_١٥-٠١-١١_٢٠٢٦-٠٩-٢١_١٥-١٩-٥٩.png,recording_04,24.50,1470,39.280
frame_047,ZED-X_SN45626933_٢٠٢٦-٠٩-٢١_١٥-٠١-١١_٢٠٢٦-٠٩-٢١_١٥-٢٠-٠١.png,recording_04,24.50,1470,36.128
frame_048,ZED-X_SN45626933_٢٠٢٦-٠٩-٢١_١٥-٠١-١١_٢٠٢٦-٠٩-٢١_١٥-٢٠-٠٢.png,recording_04,24.50,1470,36.546
frame_049,ZED-X_SN45626933_٢٠٢٦-٠٩-٢١_١٥-٠١-١١_٢٠٢٦-٠٩-٢١_١٥-٢٠-٠٤.png,recording_04,24.50,1470,38.682
frame_050,ZED-X_SN45626933_٢٠٢٦-٠٩-٢١_١٥-٠١-١١_٢٠٢٦-٠٩-٢١_١٥-٢٠-٠٥.png,recording_04,24.50,1470,33.545
frame_051,ZED-X_SN45626933_٢٠٢٦-٠٩-٢١_١٥-٠١-١١_٢٠٢٦-٠٩-٢١_١٥-٢٠-٠٦.png,recording_04,24.50,1470,35.323
frame_052,ZED-X_SN45626933_٢٠٢٦-٠٩-٢١_١٥-٠١-١١_٢٠٢٦-٠٩-٢١_١٥-٢٠-٠٧.png,recording_04,24.50,1470,33.921
frame_053,ZED-X_SN45626933_٢٠٢٦-٠٩-٢١_١٥-٠١-١١_٢٠٢٦-٠٩-٢١_١٥-٢٠-٠٨.png,recording_04,24.50,1470,41.281
frame_054,ZED-X_SN45626933_٢٠٢٦-٠٩-٢١_١٥-٠١-١١_٢٠٢٦-٠٩-٢١_١٥-٢٠-٠٩.png,recording_04,24.50,1470,43.488
frame_033,ZED-X_SN45626933_٢٠٢٦-٠٩-٢١_١٥-٠١-١١_٢٠٢٦-٠٩-٢١_١٥-١٩-٤٠.png,recording_04,25.00,1500,52.236
frame_034,ZED-X_SN45626933_٢٠٢٦-٠٩-٢١_١٥-٠١-١١_٢٠٢٦-٠٩-٢١_١٥-١٩-٤٢.png,recording_04,25.00,1500,50.809
frame_035,ZED-X_SN45626933_٢٠٢٦-٠٩-٢١_١٥-٠١-١١_٢٠٢٦-٠٩-٢١_١٥-١٩-٤٣.png,recording_04,25.00,1500,54.262
frame_036,ZED-X_SN45626933_٢٠٢٦-٠٩-٢١_١٥-٠١-١١_٢٠٢٦-٠٩-٢١_١٥-١٩-٤٤.png,recording_04,25.00,1500,56.481
frame_037,ZED-X_SN45626933_٢٠٢٦-٠٩-٢١_١٥-٠١-١١_٢٠٢٦-٠٩-٢١_١٥-١٩-٤٥.png,recording_04,25.00,1500,55.632
frame_038,ZED-X_SN45626933_٢٠٢٦-٠٩-٢١_١٥-٠١-١١_٢٠٢٦-٠٩-٢١_١٥-١٩-٤٨.png,recording_04,25.00,1500,57.046
frame_039,ZED-X_SN45626933_٢٠٢٦-٠٩-٢١_١٥-٠١-١١_٢٠٢٦-٠٩-٢١_١٥-١٩-٥١.png,recording_04,25.00,1500,45.534
frame_040,ZED-X_SN45626933_٢٠٢٦-٠٩-٢١_١٥-٠١-١١_٢٠٢٦-٠٩-٢١_١٥-١٩-٥٣.png,recording_04,25.00,1500,42.143
frame_041,ZED-X_SN45626933_٢٠٢٦-٠٩-٢١_١٥-٠١-١١_٢٠٢٦-٠٩-٢١_١٥-١٩-٥٤.png,recording_04,25.00,1500,43.134
frame_042,ZED-X_SN45626933_٢٠٢٦-٠٩-٢١_١٥-٠١-١١_٢٠٢٦-٠٩-٢١_١٥-١٩-٥٥.png,recording_04,25.00,1500,43.499
frame_043,ZED-X_SN45626933_٢٠٢٦-٠٩-٢١_١٥-٠١-١١_٢٠٢٦-٠٩-٢١_١٥-١٩-٥٦.png,recording_04,25.00,1500,48.585
frame_044,ZED-X_SN45626933_٢٠٢٦-٠٩-٢١_١٥-٠١-١١_٢٠٢٦-٠٩-٢١_١٥-١٩-٥٧.png,recording_04,25.00,1500,42.027
frame_045,ZED-X_SN45626933_٢٠٢٦-٠٩-٢١_١٥-٠١-١١_٢٠٢٦-٠٩-٢١_١٥-١٩-٥٨.png,recording_04,25.00,1500,46.915
frame_046,ZED-X_SN45626933_٢٠٢٦-٠٩-٢١_١٥-٠١-١١_٢٠٢٦-٠٩-٢١_١٥-١٩-٥٩.png,recording_04,25.00,1500,47.980
frame_047,ZED-X_SN45626933_٢٠٢٦-٠٩-٢١_١٥-٠١-١١_٢٠٢٦-٠٩-٢١_١٥-٢٠-٠١.png,recording_04,25.00,1500,39.619
frame_048,ZED-X_SN45626933_٢٠٢٦-٠٩-٢١_١٥-٠١-١١_٢٠٢٦-٠٩-٢١_١٥-٢٠-٠٢.png,recording_04,25.00,1500,46.039
frame_049,ZED-X_SN45626933_٢٠٢٦-٠٩-٢١_١٥-٠١-١١_٢٠٢٦-٠٩-٢١_١٥-٢٠-٠٤.png,recording_04,25.00,1500,44.880
frame_050,ZED-X_SN45626933_٢٠٢٦-٠٩-٢١_١٥-٠١-١١_٢٠٢٦-٠٩-٢١_١٥-٢٠-٠٥.png,recording_04,25.00,1500,39.296
frame_051,ZED-X_SN45626933_٢٠٢٦-٠٩-٢١_١٥-٠١-١١_٢٠٢٦-٠٩-٢١_١٥-٢٠-٠٦.png,recording_04,25.00,1500,20.434
frame_052,ZED-X_SN45626933_٢٠٢٦-٠٩-٢١_١٥-٠١-١١_٢٠٢٦-٠٩-٢١_١٥-٢٠-٠٧.png,recording_04,25.00,1500,39.714
frame_053,ZED-X_SN45626933_٢٠٢٦-٠٩-٢١_١٥-٠١-١١_٢٠٢٦-٠٩-٢١_١٥-٢٠-٠٨.png,recording_04,25.00,1500,40.294
frame_054,ZED-X_SN45626933_٢٠٢٦-٠٩-٢١_١٥-٠١-١١_٢٠٢٦-٠٩-٢١_١٥-٢٠-٠٩.png,recording_04,25.00,1500,41.271
frame_033,ZED-X_SN45626933_٢٠٢٦-٠٩-٢١_١٥-٠١-١١_٢٠٢٦-٠٩-٢١_١٥-١٩-٤٠.png,recording_04,25.50,1530,48.410
frame_034,ZED-X_SN45626933_٢٠٢٦-٠٩-٢١_١٥-٠١-١١_٢٠٢٦-٠٩-٢١_١٥-١٩-٤٢.png,recording_04,25.50,1530,51.471
frame_035,ZED-X_SN45626933_٢٠٢٦-٠٩-٢١_١٥-٠١-١١_٢٠٢٦-٠٩-٢١_١٥-١٩-٤٣.png,recording_04,25.50,1530,57.583
frame_036,ZED-X_SN45626933_٢٠٢٦-٠٩-٢١_١٥-٠١-١١_٢٠٢٦-٠٩-٢١_١٥-١٩-٤٤.png,recording_04,25.50,1530,56.982
frame_037,ZED-X_SN45626933_٢٠٢٦-٠٩-٢١_١٥-٠١-١١_٢٠٢٦-٠٩-٢١_١٥-١٩-٤٥.png,recording_04,25.50,1530,56.701
frame_038,ZED-X_SN45626933_٢٠٢٦-٠٩-٢١_١٥-٠١-١١_٢٠٢٦-٠٩-٢١_١٥-١٩-٤٨.png,recording_04,25.50,1530,54.102
frame_039,ZED-X_SN45626933_٢٠٢٦-٠٩-٢١_١٥-٠١-١١_٢٠٢٦-٠٩-٢١_١٥-١٩-٥١.png,recording_04,25.50,1530,47.220
frame_040,ZED-X_SN45626933_٢٠٢٦-٠٩-٢١_١٥-٠١-١١_٢٠٢٦-٠٩-٢١_١٥-١٩-٥٣.png,recording_04,25.50,1530,45.928
frame_041,ZED-X_SN45626933_٢٠٢٦-٠٩-٢١_١٥-٠١-١١_٢٠٢٦-٠٩-٢١_١٥-١٩-٥٤.png,recording_04,25.50,1530,42.888
frame_042,ZED-X_SN45626933_٢٠٢٦-٠٩-٢١_١٥-٠١-١١_٢٠٢٦-٠٩-٢١_١٥-١٩-٥٥.png,recording_04,25.50,1530,41.352
frame_043,ZED-X_SN45626933_٢٠٢٦-٠٩-٢١_١٥-٠١-١١_٢٠٢٦-٠٩-٢١_١٥-١٩-٥٦.png,recording_04,25.50,1530,45.762
frame_044,ZED-X_SN45626933_٢٠٢٦-٠٩-٢١_١٥-٠١-١١_٢٠٢٦-٠٩-٢١_١٥-١٩-٥٧.png,recording_04,25.50,1530,43.926
frame_045,ZED-X_SN45626933_٢٠٢٦-٠٩-٢١_١٥-٠١-١١_٢٠٢٦-٠٩-٢١_١٥-١٩-٥٨.png,recording_04,25.50,1530,41.804
frame_046,ZED-X_SN45626933_٢٠٢٦-٠٩-٢١_١٥-٠١-١١_٢٠٢٦-٠٩-٢١_١٥-١٩-٥٩.png,recording_04,25.50,1530,45.862
frame_047,ZED-X_SN45626933_٢٠٢٦-٠٩-٢١_١٥-٠١-١١_٢٠٢٦-٠٩-٢١_١٥-٢٠-٠١.png,recording_04,25.50,1530,44.317
frame_048,ZED-X_SN45626933_٢٠٢٦-٠٩-٢١_١٥-٠١-١١_٢٠٢٦-٠٩-٢١_١٥-٢٠-٠٢.png,recording_04,25.50,1530,43.614
frame_049,ZED-X_SN45626933_٢٠٢٦-٠٩-٢١_١٥-٠١-١١_٢٠٢٦-٠٩-٢١_١٥-٢٠-٠٤.png,recording_04,25.50,1530,43.026
frame_050,ZED-X_SN45626933_٢٠٢٦-٠٩-٢١_١٥-٠١-١١_٢٠٢٦-٠٩-٢١_١٥-٢٠-٠٥.png,recording_04,25.50,1530,36.095
frame_051,ZED-X_SN45626933_٢٠٢٦-٠٩-٢١_١٥-٠١-١١_٢٠٢٦-٠٩-٢١_١٥-٢٠-٠٦.png,recording_04,25.50,1530,38.211
frame_052,ZED-X_SN45626933_٢٠٢٦-٠٩-٢١_١٥-٠١-١١_٢٠٢٦-٠٩-٢١_١٥-٢٠-٠٧.png,recording_04,25.50,1530,30.637
frame_053,ZED-X_SN45626933_٢٠٢٦-٠٩-٢١_١٥-٠١-١١_٢٠٢٦-٠٩-٢١_١٥-٢٠-٠٨.png,recording_04,25.50,1530,40.084
frame_054,ZED-X_SN45626933_٢٠٢٦-٠٩-٢١_١٥-٠١-١١_٢٠٢٦-٠٩-٢١_١٥-٢٠-٠٩.png,recording_04,25.50,1530,41.697
frame_033,ZED-X_SN45626933_٢٠٢٦-٠٩-٢١_١٥-٠١-١١_٢٠٢٦-٠٩-٢١_١٥-١٩-٤٠.png,recording_04,26.00,1560,50.967
frame_034,ZED-X_SN45626933_٢٠٢٦-٠٩-٢١_١٥-٠١-١١_٢٠٢٦-٠٩-٢١_١٥-١٩-٤٢.png,recording_04,26.00,1560,48.625
frame_035,ZED-X_SN45626933_٢٠٢٦-٠٩-٢١_١٥-٠١-١١_٢٠٢٦-٠٩-٢١_١٥-١٩-٤٣.png,recording_04,26.00,1560,50.714
frame_036,ZED-X_SN45626933_٢٠٢٦-٠٩-٢١_١٥-٠١-١١_٢٠٢٦-٠٩-٢١_١٥-١٩-٤٤.png,recording_04,26.00,1560,52.240
frame_037,ZED-X_SN45626933_٢٠٢٦-٠٩-٢١_١٥-٠١-١١_٢٠٢٦-٠٩-٢١_١٥-١٩-٤٥.png,recording_04,26.00,1560,51.726
frame_038,ZED-X_SN45626933_٢٠٢٦-٠٩-٢١_١٥-٠١-١١_٢٠٢٦-٠٩-٢١_١٥-١٩-٤٨.png,recording_04,26.00,1560,50.607
frame_039,ZED-X_SN45626933_٢٠٢٦-٠٩-٢١_١٥-٠١-١١_٢٠٢٦-٠٩-٢١_١٥-١٩-٥١.png,recording_04,26.00,1560,44.085
frame_040,ZED-X_SN45626933_٢٠٢٦-٠٩-٢١_١٥-٠١-١١_٢٠٢٦-٠٩-٢١_١٥-١٩-٥٣.png,recording_04,26.00,1560,41.699
frame_041,ZED-X_SN45626933_٢٠٢٦-٠٩-٢١_١٥-٠١-١١_٢٠٢٦-٠٩-٢١_١٥-١٩-٥٤.png,recording_04,26.00,1560,44.592
frame_042,ZED-X_SN45626933_٢٠٢٦-٠٩-٢١_١٥-٠١-١١_٢٠٢٦-٠٩-٢١_١٥-١٩-٥٥.png,recording_04,26.00,1560,44.135
frame_043,ZED-X_SN45626933_٢٠٢٦-٠٩-٢١_١٥-٠١-١١_٢٠٢٦-٠٩-٢١_١٥-١٩-٥٦.png,recording_04,26.00,1560,50.029
frame_044,ZED-X_SN45626933_٢٠٢٦-٠٩-٢١_١٥-٠١-١١_٢٠٢٦-٠٩-٢١_١٥-١٩-٥٧.png,recording_04,26.00,1560,47.002
frame_045,ZED-X_SN45626933_٢٠٢٦-٠٩-٢١_١٥-٠١-١١_٢٠٢٦-٠٩-٢١_١٥-١٩-٥٨.png,recording_04,26.00,1560,48.938
frame_046,ZED-X_SN45626933_٢٠٢٦-٠٩-٢١_١٥-٠١-١١_٢٠٢٦-٠٩-٢١_١٥-١٩-٥٩.png,recording_04,26.00,1560,47.664
frame_047,ZED-X_SN45626933_٢٠٢٦-٠٩-٢١_١٥-٠١-١١_٢٠٢٦-٠٩-٢١_١٥-٢٠-٠١.png,recording_04,26.00,1560,43.903
frame_048,ZED-X_SN45626933_٢٠٢٦-٠٩-٢١_١٥-٠١-١١_٢٠٢٦-٠٩-٢١_١٥-٢٠-٠٢.png,recording_04,26.00,1560,47.375
frame_049,ZED-X_SN45626933_٢٠٢٦-٠٩-٢١_١٥-٠١-١١_٢٠٢٦-٠٩-٢١_١٥-٢٠-٠٤.png,recording_04,26.00,1560,43.948
frame_050,ZED-X_SN45626933_٢٠٢٦-٠٩-٢١_١٥-٠١-١١_٢٠٢٦-٠٩-٢١_١٥-٢٠-٠٥.png,recording_04,26.00,1560,40.588
frame_051,ZED-X_SN45626933_٢٠٢٦-٠٩-٢١_١٥-٠١-١١_٢٠٢٦-٠٩-٢١_١٥-٢٠-٠٦.png,recording_04,26.00,1560,36.651
frame_052,ZED-X_SN45626933_٢٠٢٦-٠٩-٢١_١٥-٠١-١١_٢٠٢٦-٠٩-٢١_١٥-٢٠-٠٧.png,recording_04,26.00,1560,36.751
frame_053,ZED-X_SN45626933_٢٠٢٦-٠٩-٢١_١٥-٠١-١١_٢٠٢٦-٠٩-٢١_١٥-٢٠-٠٨.png,recording_04,26.00,1560,39.486
frame_054,ZED-X_SN45626933_٢٠٢٦-٠٩-٢١_١٥-٠١-١١_٢٠٢٦-٠٩-٢١_١٥-٢٠-٠٩.png,recording_04,26.00,1560,41.755
frame_033,ZED-X_SN45626933_٢٠٢٦-٠٩-٢١_١٥-٠١-١١_٢٠٢٦-٠٩-٢١_١٥-١٩-٤٠.png,recording_04,26.50,1590,46.774
frame_034,ZED-X_SN45626933_٢٠٢٦-٠٩-٢١_١٥-٠١-١١_٢٠٢٦-٠٩-٢١_١٥-١٩-٤٢.png,recording_04,26.50,1590,48.150
frame_035,ZED-X_SN45626933_٢٠٢٦-٠٩-٢١_١٥-٠١-١١_٢٠٢٦-٠٩-٢١_١٥-١٩-٤٣.png,recording_04,26.50,1590,56.032
frame_036,ZED-X_SN45626933_٢٠٢٦-٠٩-٢١_١٥-٠١-١١_٢٠٢٦-٠٩-٢١_١٥-١٩-٤٤.png,recording_04,26.50,1590,53.816
frame_037,ZED-X_SN45626933_٢٠٢٦-٠٩-٢١_١٥-٠١-١١_٢٠٢٦-٠٩-٢١_١٥-١٩-٤٥.png,recording_04,26.50,1590,53.452
frame_038,ZED-X_SN45626933_٢٠٢٦-٠٩-٢١_١٥-٠١-١١_٢٠٢٦-٠٩-٢١_١٥-١٩-٤٨.png,recording_04,26.50,1590,51.594
frame_039,ZED-X_SN45626933_٢٠٢٦-٠٩-٢١_١٥-٠١-١١_٢٠٢٦-٠٩-٢١_١٥-١٩-٥١.png,recording_04,26.50,1590,46.904
frame_040,ZED-X_SN45626933_٢٠٢٦-٠٩-٢١_١٥-٠١-١١_٢٠٢٦-٠٩-٢١_١٥-١٩-٥٣.png,recording_04,26.50,1590,46.365
frame_041,ZED-X_SN45626933_٢٠٢٦-٠٩-٢١_١٥-٠١-١١_٢٠٢٦-٠٩-٢١_١٥-١٩-٥٤.png,recording_04,26.50,1590,42.308
frame_042,ZED-X_SN45626933_٢٠٢٦-٠٩-٢١_١٥-٠١-١١_٢٠٢٦-٠٩-٢١_١٥-١٩-٥٥.png,recording_04,26.50,1590,39.671
frame_043,ZED-X_SN45626933_٢٠٢٦-٠٩-٢١_١٥-٠١-١١_٢٠٢٦-٠٩-٢١_١٥-١٩-٥٦.png,recording_04,26.50,1590,48.235
frame_044,ZED-X_SN45626933_٢٠٢٦-٠٩-٢١_١٥-٠١-١١_٢٠٢٦-٠٩-٢١_١٥-١٩-٥٧.png,recording_04,26.50,1590,48.423
frame_045,ZED-X_SN45626933_٢٠٢٦-٠٩-٢١_١٥-٠١-١١_٢٠٢٦-٠٩-٢١_١٥-١٩-٥٨.png,recording_04,26.50,1590,40.872
frame_046,ZED-X_SN45626933_٢٠٢٦-٠٩-٢١_١٥-٠١-١١_٢٠٢٦-٠٩-٢١_١٥-١٩-٥٩.png,recording_04,26.50,1590,44.788
frame_047,ZED-X_SN45626933_٢٠٢٦-٠٩-٢١_١٥-٠١-١١_٢٠٢٦-٠٩-٢١_١٥-٢٠-٠١.png,recording_04,26.50,1590,45.235
frame_048,ZED-X_SN45626933_٢٠٢٦-٠٩-٢١_١٥-٠١-١١_٢٠٢٦-٠٩-٢١_١٥-٢٠-٠٢.png,recording_04,26.50,1590,42.816
frame_049,ZED-X_SN45626933_٢٠٢٦-٠٩-٢١_١٥-٠١-١١_٢٠٢٦-٠٩-٢١_١٥-٢٠-٠٤.png,recording_04,26.50,1590,43.928
frame_050,ZED-X_SN45626933_٢٠٢٦-٠٩-٢١_١٥-٠١-١١_٢٠٢٦-٠٩-٢١_١٥-٢٠-٠٥.png,recording_04,26.50,1590,39.986
frame_051,ZED-X_SN45626933_٢٠٢٦-٠٩-٢١_١٥-٠١-١١_٢٠٢٦-٠٩-٢١_١٥-٢٠-٠٦.png,recording_04,26.50,1590,40.593
frame_052,ZED-X_SN45626933_٢٠٢٦-٠٩-٢١_١٥-٠١-١١_٢٠٢٦-٠٩-٢١_١٥-٢٠-٠٧.png,recording_04,26.50,1590,35.396
frame_053,ZED-X_SN45626933_٢٠٢٦-٠٩-٢١_١٥-٠١-١١_٢٠٢٦-٠٩-٢١_١٥-٢٠-٠٨.png,recording_04,26.50,1590,34.947
frame_054,ZED-X_SN45626933_٢٠٢٦-٠٩-٢١_١٥-٠١-١١_٢٠٢٦-٠٩-٢١_١٥-٢٠-٠٩.png,recording_04,26.50,1590,38.081
frame_033,ZED-X_SN45626933_٢٠٢٦-٠٩-٢١_١٥-٠١-١١_٢٠٢٦-٠٩-٢١_١٥-١٩-٤٠.png,recording_04,27.00,1620,51.485
frame_034,ZED-X_SN45626933_٢٠٢٦-٠٩-٢١_١٥-٠١-١١_٢٠٢٦-٠٩-٢١_١٥-١٩-٤٢.png,recording_04,27.00,1620,49.814
frame_035,ZED-X_SN45626933_٢٠٢٦-٠٩-٢١_١٥-٠١-١١_٢٠٢٦-٠٩-٢١_١٥-١٩-٤٣.png,recording_04,27.00,1620,56.513
frame_036,ZED-X_SN45626933_٢٠٢٦-٠٩-٢١_١٥-٠١-١١_٢٠٢٦-٠٩-٢١_١٥-١٩-٤٤.png,recording_04,27.00,1620,56.993
frame_037,ZED-X_SN45626933_٢٠٢٦-٠٩-٢١_١٥-٠١-١١_٢٠٢٦-٠٩-٢١_١٥-١٩-٤٥.png,recording_04,27.00,1620,56.096
frame_038,ZED-X_SN45626933_٢٠٢٦-٠٩-٢١_١٥-٠١-١١_٢٠٢٦-٠٩-٢١_١٥-١٩-٤٨.png,recording_04,27.00,1620,57.351
frame_039,ZED-X_SN45626933_٢٠٢٦-٠٩-٢١_١٥-٠١-١١_٢٠٢٦-٠٩-٢١_١٥-١٩-٥١.png,recording_04,27.00,1620,50.933
frame_040,ZED-X_SN45626933_٢٠٢٦-٠٩-٢١_١٥-٠١-١١_٢٠٢٦-٠٩-٢١_١٥-١٩-٥٣.png,recording_04,27.00,1620,50.229
frame_041,ZED-X_SN45626933_٢٠٢٦-٠٩-٢١_١٥-٠١-١١_٢٠٢٦-٠٩-٢١_١٥-١٩-٥٤.png,recording_04,27.00,1620,45.716
frame_042,ZED-X_SN45626933_٢٠٢٦-٠٩-٢١_١٥-٠١-١١_٢٠٢٦-٠٩-٢١_١٥-١٩-٥٥.png,recording_04,27.00,1620,47.522
frame_043,ZED-X_SN45626933_٢٠٢٦-٠٩-٢١_١٥-٠١-١١_٢٠٢٦-٠٩-٢١_١٥-١٩-٥٦.png,recording_04,27.00,1620,50.353
frame_044,ZED-X_SN45626933_٢٠٢٦-٠٩-٢١_١٥-٠١-١١_٢٠٢٦-٠٩-٢١_١٥-١٩-٥٧.png,recording_04,27.00,1620,48.044
frame_045,ZED-X_SN45626933_٢٠٢٦-٠٩-٢١_١٥-٠١-١١_٢٠٢٦-٠٩-٢١_١٥-١٩-٥٨.png,recording_04,27.00,1620,47.122
frame_046,ZED-X_SN45626933_٢٠٢٦-٠٩-٢١_١٥-٠١-١١_٢٠٢٦-٠٩-٢١_١٥-١٩-٥٩.png,recording_04,27.00,1620,49.040
frame_047,ZED-X_SN45626933_٢٠٢٦-٠٩-٢١_١٥-٠١-١١_٢٠٢٦-٠٩-٢١_١٥-٢٠-٠١.png,recording_04,27.00,1620,44.085
frame_048,ZED-X_SN45626933_٢٠٢٦-٠٩-٢١_١٥-٠١-١١_٢٠٢٦-٠٩-٢١_١٥-٢٠-٠٢.png,recording_04,27.00,1620,42.920
frame_049,ZED-X_SN45626933_٢٠٢٦-٠٩-٢١_١٥-٠١-١١_٢٠٢٦-٠٩-٢١_١٥-٢٠-٠٤.png,recording_04,27.00,1620,44.148
frame_050,ZED-X_SN45626933_٢٠٢٦-٠٩-٢١_١٥-٠١-١١_٢٠٢٦-٠٩-٢١_١٥-٢٠-٠٥.png,recording_04,27.00,1620,44.146
frame_051,ZED-X_SN45626933_٢٠٢٦-٠٩-٢١_١٥-٠١-١١_٢٠٢٦-٠٩-٢١_١٥-٢٠-٠٦.png,recording_04,27.00,1620,40.802
frame_052,ZED-X_SN45626933_٢٠٢٦-٠٩-٢١_١٥-٠١-١١_٢٠٢٦-٠٩-٢١_١٥-٢٠-٠٧.png,recording_04,27.00,1620,41.992
frame_053,ZED-X_SN45626933_٢٠٢٦-٠٩-٢١_١٥-٠١-١١_٢٠٢٦-٠٩-٢١_١٥-٢٠-٠٨.png,recording_04,27.00,1620,9.628
frame_054,ZED-X_SN45626933_٢٠٢٦-٠٩-٢١_١٥-٠١-١١_٢٠٢٦-٠٩-٢١_١٥-٢٠-٠٩.png,recording_04,27.00,1620,38.069
frame_033,ZED-X_SN45626933_٢٠٢٦-٠٩-٢١_١٥-٠١-١١_٢٠٢٦-٠٩-٢١_١٥-١٩-٤٠.png,recording_04,27.50,1650,45.681
frame_034,ZED-X_SN45626933_٢٠٢٦-٠٩-٢١_١٥-٠١-١١_٢٠٢٦-٠٩-٢١_١٥-١٩-٤٢.png,recording_04,27.50,1650,44.257
frame_035,ZED-X_SN45626933_٢٠٢٦-٠٩-٢١_١٥-٠١-١١_٢٠٢٦-٠٩-٢١_١٥-١٩-٤٣.png,recording_04,27.50,1650,53.163
frame_036,ZED-X_SN45626933_٢٠٢٦-٠٩-٢١_١٥-٠١-١١_٢٠٢٦-٠٩-٢١_١٥-١٩-٤٤.png,recording_04,27.50,1650,49.644
frame_037,ZED-X_SN45626933_٢٠٢٦-٠٩-٢١_١٥-٠١-١١_٢٠٢٦-٠٩-٢١_١٥-١٩-٤٥.png,recording_04,27.50,1650,49.504
frame_038,ZED-X_SN45626933_٢٠٢٦-٠٩-٢١_١٥-٠١-١١_٢٠٢٦-٠٩-٢١_١٥-١٩-٤٨.png,recording_04,27.50,1650,50.079
frame_039,ZED-X_SN45626933_٢٠٢٦-٠٩-٢١_١٥-٠١-١١_٢٠٢٦-٠٩-٢١_١٥-١٩-٥١.png,recording_04,27.50,1650,49.221
frame_040,ZED-X_SN45626933_٢٠٢٦-٠٩-٢١_١٥-٠١-١١_٢٠٢٦-٠٩-٢١_١٥-١٩-٥٣.png,recording_04,27.50,1650,44.274
frame_041,ZED-X_SN45626933_٢٠٢٦-٠٩-٢١_١٥-٠١-١١_٢٠٢٦-٠٩-٢١_١٥-١٩-٥٤.png,recording_04,27.50,1650,42.520
frame_042,ZED-X_SN45626933_٢٠٢٦-٠٩-٢١_١٥-٠١-١١_٢٠٢٦-٠٩-٢١_١٥-١٩-٥٥.png,recording_04,27.50,1650,42.561
frame_043,ZED-X_SN45626933_٢٠٢٦-٠٩-٢١_١٥-٠١-١١_٢٠٢٦-٠٩-٢١_١٥-١٩-٥٦.png,recording_04,27.50,1650,50.790
frame_044,ZED-X_SN45626933_٢٠٢٦-٠٩-٢١_١٥-٠١-١١_٢٠٢٦-٠٩-٢١_١٥-١٩-٥٧.png,recording_04,27.50,1650,48.768
frame_045,ZED-X_SN45626933_٢٠٢٦-٠٩-٢١_١٥-٠١-١١_٢٠٢٦-٠٩-٢١_١٥-١٩-٥٨.png,recording_04,27.50,1650,43.420
frame_046,ZED-X_SN45626933_٢٠٢٦-٠٩-٢١_١٥-٠١-١١_٢٠٢٦-٠٩-٢١_١٥-١٩-٥٩.png,recording_04,27.50,1650,46.043
frame_047,ZED-X_SN45626933_٢٠٢٦-٠٩-٢١_١٥-٠١-١١_٢٠٢٦-٠٩-٢١_١٥-٢٠-٠١.png,recording_04,27.50,1650,43.339
frame_048,ZED-X_SN45626933_٢٠٢٦-٠٩-٢١_١٥-٠١-١١_٢٠٢٦-٠٩-٢١_١٥-٢٠-٠٢.png,recording_04,27.50,1650,44.873
frame_049,ZED-X_SN45626933_٢٠٢٦-٠٩-٢١_١٥-٠١-١١_٢٠٢٦-٠٩-٢١_١٥-٢٠-٠٤.png,recording_04,27.50,1650,46.992
frame_050,ZED-X_SN45626933_٢٠٢٦-٠٩-٢١_١٥-٠١-١١_٢٠٢٦-٠٩-٢١_١٥-٢٠-٠٥.png,recording_04,27.50,1650,41.246
frame_051,ZED-X_SN45626933_٢٠٢٦-٠٩-٢١_١٥-٠١-١١_٢٠٢٦-٠٩-٢١_١٥-٢٠-٠٦.png,recording_04,27.50,1650,41.187
frame_052,ZED-X_SN45626933_٢٠٢٦-٠٩-٢١_١٥-٠١-١١_٢٠٢٦-٠٩-٢١_١٥-٢٠-٠٧.png,recording_04,27.50,1650,41.280
frame_053,ZED-X_SN45626933_٢٠٢٦-٠٩-٢١_١٥-٠١-١١_٢٠٢٦-٠٩-٢١_١٥-٢٠-٠٨.png,recording_04,27.50,1650,34.111
frame_054,ZED-X_SN45626933_٢٠٢٦-٠٩-٢١_١٥-٠١-١١_٢٠٢٦-٠٩-٢١_١٥-٢٠-٠٩.png,recording_04,27.50,1650,30.977
frame_033,ZED-X_SN45626933_٢٠٢٦-٠٩-٢١_١٥-٠١-١١_٢٠٢٦-٠٩-٢١_١٥-١٩-٤٠.png,recording_04,28.00,1680,49.120
frame_034,ZED-X_SN45626933_٢٠٢٦-٠٩-٢١_١٥-٠١-١١_٢٠٢٦-٠٩-٢١_١٥-١٩-٤٢.png,recording_04,28.00,1680,42.333
frame_035,ZED-X_SN45626933_٢٠٢٦-٠٩-٢١_١٥-٠١-١١_٢٠٢٦-٠٩-٢١_١٥-١٩-٤٣.png,recording_04,28.00,1680,47.299
frame_036,ZED-X_SN45626933_٢٠٢٦-٠٩-٢١_١٥-٠١-١١_٢٠٢٦-٠٩-٢١_١٥-١٩-٤٤.png,recording_04,28.00,1680,43.546
frame_037,ZED-X_SN45626933_٢٠٢٦-٠٩-٢١_١٥-٠١-١١_٢٠٢٦-٠٩-٢١_١٥-١٩-٤٥.png,recording_04,28.00,1680,43.143
frame_038,ZED-X_SN45626933_٢٠٢٦-٠٩-٢١_١٥-٠١-١١_٢٠٢٦-٠٩-٢١_١٥-١٩-٤٨.png,recording_04,28.00,1680,46.607
frame_039,ZED-X_SN45626933_٢٠٢٦-٠٩-٢١_١٥-٠١-١١_٢٠٢٦-٠٩-٢١_١٥-١٩-٥١.png,recording_04,28.00,1680,45.703
frame_040,ZED-X_SN45626933_٢٠٢٦-٠٩-٢١_١٥-٠١-١١_٢٠٢٦-٠٩-٢١_١٥-١٩-٥٣.png,recording_04,28.00,1680,40.830
frame_041,ZED-X_SN45626933_٢٠٢٦-٠٩-٢١_١٥-٠١-١١_٢٠٢٦-٠٩-٢١_١٥-١٩-٥٤.png,recording_04,28.00,1680,41.861
frame_042,ZED-X_SN45626933_٢٠٢٦-٠٩-٢١_١٥-٠١-١١_٢٠٢٦-٠٩-٢١_١٥-١٩-٥٥.png,recording_04,28.00,1680,44.939
frame_043,ZED-X_SN45626933_٢٠٢٦-٠٩-٢١_١٥-٠١-١١_٢٠٢٦-٠٩-٢١_١٥-١٩-٥٦.png,recording_04,28.00,1680,51.211
frame_044,ZED-X_SN45626933_٢٠٢٦-٠٩-٢١_١٥-٠١-١١_٢٠٢٦-٠٩-٢١_١٥-١٩-٥٧.png,recording_04,28.00,1680,47.767
frame_045,ZED-X_SN45626933_٢٠٢٦-٠٩-٢١_١٥-٠١-١١_٢٠٢٦-٠٩-٢١_١٥-١٩-٥٨.png,recording_04,28.00,1680,43.625
frame_046,ZED-X_SN45626933_٢٠٢٦-٠٩-٢١_١٥-٠١-١١_٢٠٢٦-٠٩-٢١_١٥-١٩-٥٩.png,recording_04,28.00,1680,44.599
frame_047,ZED-X_SN45626933_٢٠٢٦-٠٩-٢١_١٥-٠١-١١_٢٠٢٦-٠٩-٢١_١٥-٢٠-٠١.png,recording_04,28.00,1680,44.494
frame_048,ZED-X_SN45626933_٢٠٢٦-٠٩-٢١_١٥-٠١-١١_٢٠٢٦-٠٩-٢١_١٥-٢٠-٠٢.png,recording_04,28.00,1680,46.286
frame_049,ZED-X_SN45626933_٢٠٢٦-٠٩-٢١_١٥-٠١-١١_٢٠٢٦-٠٩-٢١_١٥-٢٠-٠٤.png,recording_04,28.00,1680,46.850
frame_050,ZED-X_SN45626933_٢٠٢٦-٠٩-٢١_١٥-٠١-١١_٢٠٢٦-٠٩-٢١_١٥-٢٠-٠٥.png,recording_04,28.00,1680,42.295
frame_051,ZED-X_SN45626933_٢٠٢٦-٠٩-٢١_١٥-٠١-١١_٢٠٢٦-٠٩-٢١_١٥-٢٠-٠٦.png,recording_04,28.00,1680,41.549
frame_052,ZED-X_SN45626933_٢٠٢٦-٠٩-٢١_١٥-٠١-١١_٢٠٢٦-٠٩-٢١_١٥-٢٠-٠٧.png,recording_04,28.00,1680,40.404
frame_053,ZED-X_SN45626933_٢٠٢٦-٠٩-٢١_١٥-٠١-١١_٢٠٢٦-٠٩-٢١_١٥-٢٠-٠٨.png,recording_04,28.00,1680,37.994
frame_054,ZED-X_SN45626933_٢٠٢٦-٠٩-٢١_١٥-٠١-١١_٢٠٢٦-٠٩-٢١_١٥-٢٠-٠٩.png,recording_04,28.00,1680,17.418
frame_033,ZED-X_SN45626933_٢٠٢٦-٠٩-٢١_١٥-٠١-١١_٢٠٢٦-٠٩-٢١_١٥-١٩-٤٠.png,recording_04,28.50,1710,40.074
frame_034,ZED-X_SN45626933_٢٠٢٦-٠٩-٢١_١٥-٠١-١١_٢٠٢٦-٠٩-٢١_١٥-١٩-٤٢.png,recording_04,28.50,1710,38.744
frame_035,ZED-X_SN45626933_٢٠٢٦-٠٩-٢١_١٥-٠١-١١_٢٠٢٦-٠٩-٢١_١٥-١٩-٤٣.png,recording_04,28.50,1710,43.638
frame_036,ZED-X_SN45626933_٢٠٢٦-٠٩-٢١_١٥-٠١-١١_٢٠٢٦-٠٩-٢١_١٥-١٩-٤٤.png,recording_04,28.50,1710,46.710
frame_037,ZED-X_SN45626933_٢٠٢٦-٠٩-٢١_١٥-٠١-١١_٢٠٢٦-٠٩-٢١_١٥-١٩-٤٥.png,recording_04,28.50,1710,45.422
frame_038,ZED-X_SN45626933_٢٠٢٦-٠٩-٢١_١٥-٠١-١١_٢٠٢٦-٠٩-٢١_١٥-١٩-٤٨.png,recording_04,28.50,1710,44.979
frame_039,ZED-X_SN45626933_٢٠٢٦-٠٩-٢١_١٥-٠١-١١_٢٠٢٦-٠٩-٢١_١٥-١٩-٥١.png,recording_04,28.50,1710,40.675
frame_040,ZED-X_SN45626933_٢٠٢٦-٠٩-٢١_١٥-٠١-١١_٢٠٢٦-٠٩-٢١_١٥-١٩-٥٣.png,recording_04,28.50,1710,40.661
frame_041,ZED-X_SN45626933_٢٠٢٦-٠٩-٢١_١٥-٠١-١١_٢٠٢٦-٠٩-٢١_١٥-١٩-٥٤.png,recording_04,28.50,1710,43.644
frame_042,ZED-X_SN45626933_٢٠٢٦-٠٩-٢١_١٥-٠١-١١_٢٠٢٦-٠٩-٢١_١٥-١٩-٥٥.png,recording_04,28.50,1710,46.480
frame_043,ZED-X_SN45626933_٢٠٢٦-٠٩-٢١_١٥-٠١-١١_٢٠٢٦-٠٩-٢١_١٥-١٩-٥٦.png,recording_04,28.50,1710,52.275
frame_044,ZED-X_SN45626933_٢٠٢٦-٠٩-٢١_١٥-٠١-١١_٢٠٢٦-٠٩-٢١_١٥-١٩-٥٧.png,recording_04,28.50,1710,46.940
frame_045,ZED-X_SN45626933_٢٠٢٦-٠٩-٢١_١٥-٠١-١١_٢٠٢٦-٠٩-٢١_١٥-١٩-٥٨.png,recording_04,28.50,1710,43.939
frame_046,ZED-X_SN45626933_٢٠٢٦-٠٩-٢١_١٥-٠١-١١_٢٠٢٦-٠٩-٢١_١٥-١٩-٥٩.png,recording_04,28.50,1710,44.674
frame_047,ZED-X_SN45626933_٢٠٢٦-٠٩-٢١_١٥-٠١-١١_٢٠٢٦-٠٩-٢١_١٥-٢٠-٠١.png,recording_04,28.50,1710,42.595
frame_048,ZED-X_SN45626933_٢٠٢٦-٠٩-٢١_١٥-٠١-١١_٢٠٢٦-٠٩-٢١_١٥-٢٠-٠٢.png,recording_04,28.50,1710,44.020
frame_049,ZED-X_SN45626933_٢٠٢٦-٠٩-٢١_١٥-٠١-١١_٢٠٢٦-٠٩-٢١_١٥-٢٠-٠٤.png,recording_04,28.50,1710,45.188
frame_050,ZED-X_SN45626933_٢٠٢٦-٠٩-٢١_١٥-٠١-١١_٢٠٢٦-٠٩-٢١_١٥-٢٠-٠٥.png,recording_04,28.50,1710,44.385
frame_051,ZED-X_SN45626933_٢٠٢٦-٠٩-٢١_١٥-٠١-١١_٢٠٢٦-٠٩-٢١_١٥-٢٠-٠٦.png,recording_04,28.50,1710,41.912
frame_052,ZED-X_SN45626933_٢٠٢٦-٠٩-٢١_١٥-٠١-١١_٢٠٢٦-٠٩-٢١_١٥-٢٠-٠٧.png,recording_04,28.50,1710,42.119
frame_053,ZED-X_SN45626933_٢٠٢٦-٠٩-٢١_١٥-٠١-١١_٢٠٢٦-٠٩-٢١_١٥-٢٠-٠٨.png,recording_04,28.50,1710,38.301
frame_054,ZED-X_SN45626933_٢٠٢٦-٠٩-٢١_١٥-٠١-١١_٢٠٢٦-٠٩-٢١_١٥-٢٠-٠٩.png,recording_04,28.50,1710,32.140
frame_033,ZED-X_SN45626933_٢٠٢٦-٠٩-٢١_١٥-٠١-١١_٢٠٢٦-٠٩-٢١_١٥-١٩-٤٠.png,recording_04,29.00,1740,43.566
frame_034,ZED-X_SN45626933_٢٠٢٦-٠٩-٢١_١٥-٠١-١١_٢٠٢٦-٠٩-٢١_١٥-١٩-٤٢.png,recording_04,29.00,1740,39.163
frame_035,ZED-X_SN45626933_٢٠٢٦-٠٩-٢١_١٥-٠١-١١_٢٠٢٦-٠٩-٢١_١٥-١٩-٤٣.png,recording_04,29.00,1740,50.456
frame_036,ZED-X_SN45626933_٢٠٢٦-٠٩-٢١_١٥-٠١-١١_٢٠٢٦-٠٩-٢١_١٥-١٩-٤٤.png,recording_04,29.00,1740,49.395
frame_037,ZED-X_SN45626933_٢٠٢٦-٠٩-٢١_١٥-٠١-١١_٢٠٢٦-٠٩-٢١_١٥-١٩-٤٥.png,recording_04,29.00,1740,48.846
frame_038,ZED-X_SN45626933_٢٠٢٦-٠٩-٢١_١٥-٠١-١١_٢٠٢٦-٠٩-٢١_١٥-١٩-٤٨.png,recording_04,29.00,1740,45.420
frame_039,ZED-X_SN45626933_٢٠٢٦-٠٩-٢١_١٥-٠١-١١_٢٠٢٦-٠٩-٢١_١٥-١٩-٥١.png,recording_04,29.00,1740,45.211
frame_040,ZED-X_SN45626933_٢٠٢٦-٠٩-٢١_١٥-٠١-١١_٢٠٢٦-٠٩-٢١_١٥-١٩-٥٣.png,recording_04,29.00,1740,42.696
frame_041,ZED-X_SN45626933_٢٠٢٦-٠٩-٢١_١٥-٠١-١١_٢٠٢٦-٠٩-٢١_١٥-١٩-٥٤.png,recording_04,29.00,1740,44.644
frame_042,ZED-X_SN45626933_٢٠٢٦-٠٩-٢١_١٥-٠١-١١_٢٠٢٦-٠٩-٢١_١٥-١٩-٥٥.png,recording_04,29.00,1740,44.631
frame_043,ZED-X_SN45626933_٢٠٢٦-٠٩-٢١_١٥-٠١-١١_٢٠٢٦-٠٩-٢١_١٥-١٩-٥٦.png,recording_04,29.00,1740,51.098
frame_044,ZED-X_SN45626933_٢٠٢٦-٠٩-٢١_١٥-٠١-١١_٢٠٢٦-٠٩-٢١_١٥-١٩-٥٧.png,recording_04,29.00,1740,49.793
frame_045,ZED-X_SN45626933_٢٠٢٦-٠٩-٢١_١٥-٠١-١١_٢٠٢٦-٠٩-٢١_١٥-١٩-٥٨.png,recording_04,29.00,1740,43.787
frame_046,ZED-X_SN45626933_٢٠٢٦-٠٩-٢١_١٥-٠١-١١_٢٠٢٦-٠٩-٢١_١٥-١٩-٥٩.png,recording_04,29.00,1740,43.865
frame_047,ZED-X_SN45626933_٢٠٢٦-٠٩-٢١_١٥-٠١-١١_٢٠٢٦-٠٩-٢١_١٥-٢٠-٠١.png,recording_04,29.00,1740,46.452
frame_048,ZED-X_SN45626933_٢٠٢٦-٠٩-٢١_١٥-٠١-١١_٢٠٢٦-٠٩-٢١_١٥-٢٠-٠٢.png,recording_04,29.00,1740,43.827
frame_049,ZED-X_SN45626933_٢٠٢٦-٠٩-٢١_١٥-٠١-١١_٢٠٢٦-٠٩-٢١_١٥-٢٠-٠٤.png,recording_04,29.00,1740,45.570
frame_050,ZED-X_SN45626933_٢٠٢٦-٠٩-٢١_١٥-٠١-١١_٢٠٢٦-٠٩-٢١_١٥-٢٠-٠٥.png,recording_04,29.00,1740,44.414
frame_051,ZED-X_SN45626933_٢٠٢٦-٠٩-٢١_١٥-٠١-١١_٢٠٢٦-٠٩-٢١_١٥-٢٠-٠٦.png,recording_04,29.00,1740,45.173
frame_052,ZED-X_SN45626933_٢٠٢٦-٠٩-٢١_١٥-٠١-١١_٢٠٢٦-٠٩-٢١_١٥-٢٠-٠٧.png,recording_04,29.00,1740,42.337
frame_053,ZED-X_SN45626933_٢٠٢٦-٠٩-٢١_١٥-٠١-١١_٢٠٢٦-٠٩-٢١_١٥-٢٠-٠٨.png,recording_04,29.00,1740,39.687
frame_054,ZED-X_SN45626933_٢٠٢٦-٠٩-٢١_١٥-٠١-١١_٢٠٢٦-٠٩-٢١_١٥-٢٠-٠٩.png,recording_04,29.00,1740,33.149
