frame_index,svo_position,timestamp_ns,timestamp_sec
0,0,1789991821156647000,1789991821.156647
1,1,1789991821173313000,1789991821.173313
2,2,1789991821189980000,1789991821.18998
3,3,1789991821206647000,1789991821.206647
4,4,1789991821223313000,1789991821.223313
5,5,1789991821239980000,1789991821.23998
6,6,1789991821256647000,1789991821.256647
7,7,1789991821273313000,1789991821.273313
8,8,1789991821289980000,1789991821.28998
9,9,1789991821306647000,1789991821.306647
10,10,1789991821323313000,1789991821.323313
11,11,1789991821339980000,1789991821.33998
12,12,1789991821356647000,1789991821.356647
13,13,1789991821373313000,1789991821.373313
14,14,1789991821389980000,1789991821.38998
15,15,1789991821406647000,1789991821.406647
16,16,1789991821423313000,1789991821.423313
17,17,1789991821439980000,1789991821.43998
18,18,1789991821456647000,1789991821.456647
19,19,1789991821473313000,1789991821.473313
20,20,1789991821489980000,1789991821.48998
21,21,1789991821506647000,1789991821.506647
22,22,1789991821523313000,1789991821.523313
23,23,1789991821539980000,1789991821.53998
24,24,1789991821556647000,1789991821.556647
25,25,1789991821573313000,1789991821.573313
26,26,1789991821589980000,1789991821.58998
27,27,1789991821606647000,1789991821.606647
28,28,1789991821623313000,1789991821.623313
29,29,1789991821639980000,1789991821.63998
30,30,1789991821656647000,1789991821.656647
31,31,1789991821673313000,1789991821.673313
32,32,1789991821689980000,1789991821.68998
33,33,1789991821706647000,1789991821.706647
34,34,1789991821723313000,1789991821.723313
35,35,1789991821739980000,1789991821.73998
36,36,1789991821756647000,1789991821.756647
37,37,1789991821773313000,1789991821.773313
38,38,1789991821789980000,1789991821.78998
39,39,1789991821806647000,1789991821.806647
40,40,1789991821823313000,1789991821.823313
41,41,1789991821839980000,1789991821.83998
42,42,1789991821856647000,1789991821.856647
43,43,1789991821873313000,1789991821.873313
44,44,1789991821889980000,1789991821.88998
45,45,1789991821906647000,1789991821.906647
46,46,1789991821923313000,1789991821.923313
47,47,1789991821939980000,1789991821.93998
48,48,1789991821956647000,1789991821.956647
49,49,1789991821973313000,1789991821.973313
50,50,1789991821989980000,1789991821.98998
51,51,1789991822006647000,1789991822.006647
52,52,1789991822023313000,1789991822.023313
53,53,1789991822039980000,1789991822.03998
54,54,1789991822056647000,1789991822.056647
55,55,1789991822073313000,1789991822.073313
56,56,1789991822089980000,1789991822.08998
57,57,1789991822106647000,1789991822.106647
58,58,1789991822123313000,1789991822.123313
59,59,1789991822139980000,1789991822.13998
60,60,1789991822156647000,1789991822.156647
61,61,1789991822173313000,1789991822.173313
62,62,1789991822189980000,1789991822.18998
63,63,1789991822206647000,1789991822.206647
64,64,1789991822223313000,1789991822.223313
65,65,1789991822239980000,1789991822.23998
66,66,1789991822256647000,1789991822.256647
67,67,1789991822273313000,1789991822.273313
68,68,1789991822289980000,1789991822.28998
69,69,1789991822306647000,1789991822.306647
70,70,1789991822323313000,1789991822.323313
71,71,1789991822339980000,1789991822.33998
72,72,1789991822356647000,1789991822.356647
73,73,1789991822373313000,1789991822.373313
74,74,1789991822389980000,1789991822.38998
75,75,1789991822406647000,1789991822.406647
76,76,1789991822423313000,1789991822.423313
77,77,1789991822439980000,1789991822.43998
78,78,1789991822456647000,1789991822.456647
79,79,1789991822473313000,1789991822.473313
80,80,1789991822489980000,1789991822.48998
81,81,1789991822506647000,1789991822.506647
82,82,1789991822523313000,1789991822.523313
83,83,1789991822539980000,1789991822.53998
84,84,1789991822556647000,1789991822.556647
85,85,1789991822573313000,1789991822.573313
86,86,1789991822589980000,1789991822.58998
87,87,1789991822606647000,1789991822.606647
88,88,1789991822623313000,1789991822.623313
89,89,1789991822639980000,1789991822.63998
90,90,1789991822656647000,1789991822.656647
91,91,1789991822673313000,1789991822.673313
92,92,1789991822689980000,1789991822.68998
93,93,1789991822706647000,1789991822.706647
94,94,1789991822723313000,1789991822.723313
95,95,1789991822739980000,1789991822.73998
96,96,1789991822756647000,1789991822.756647
97,97,1789991822773313000,1789991822.773313
98,98,1789991822789980000,1789991822.78998
99,99,1789991822806647000,1789991822.806647
100,100,1789991822823313000,1789991822.823313
101,101,1789991822839980000,1789991822.83998
102,102,1789991822856647000,1789991822.856647
103,103,1789991822873313000,1789991822.873313
104,104,1789991822889980000,1789991822.88998
105,105,1789991822906647000,1789991822.906647
106,106,1789991822923313000,1789991822.923313
107,107,1789991822939980000,1789991822.93998
108,108,1789991822956647000,1789991822.956647
109,109,1789991822973313000,1789991822.973313
110,110,1789991822989980000,1789991822.98998
111,111,1789991823006647000,1789991823.006647
112,112,1789991823023313000,1789991823.023313
113,113,1789991823039980000,1789991823.03998
114,114,1789991823056647000,1789991823.056647
115,115,1789991823073313000,1789991823.073313
116,116,1789991823089980000,1789991823.08998
117,117,1789991823106647000,1789991823.106647
118,118,1789991823123313000,1789991823.123313
119,119,1789991823139980000,1789991823.13998
120,120,1789991823156647000,1789991823.156647
121,121,1789991823173313000,1789991823.173313
122,122,1789991823189980000,1789991823.18998
123,123,1789991823206647000,1789991823.206647
124,124,1789991823223313000,1789991823.223313
125,125,1789991823239980000,1789991823.23998
126,126,1789991823256647000,1789991823.256647
127,127,1789991823273313000,1789991823.273313
128,128,1789991823289980000,1789991823.28998
129,129,1789991823306647000,1789991823.306647
130,130,1789991823323313000,1789991823.323313
131,131,1789991823339980000,1789991823.33998
132,132,1789991823356647000,1789991823.356647
133,133,1789991823373313000,1789991823.373313
134,134,1789991823389980000,1789991823.38998
135,135,1789991823406647000,1789991823.406647
136,136,1789991823423313000,1789991823.423313
137,137,1789991823439980000,1789991823.43998
138,138,1789991823456647000,1789991823.456647
139,139,1789991823473313000,1789991823.473313
140,140,1789991823489980000,1789991823.48998
141,141,1789991823506647000,1789991823.506647
142,142,1789991823523313000,1789991823.523313
143,143,1789991823539980000,1789991823.53998
144,144,1789991823556647000,1789991823.556647
145,145,1789991823573313000,1789991823.573313
146,146,1789991823589980000,1789991823.58998
147,147,1789991823606647000,1789991823.606647
148,148,1789991823623313000,1789991823.623313
149,149,1789991823639980000,1789991823.63998
150,150,1789991823656647000,1789991823.656647
151,151,1789991823673313000,1789991823.673313
152,152,1789991823689980000,1789991823.68998
153,153,1789991823706647000,1789991823.706647
154,154,1789991823723313000,1789991823.723313
155,155,1789991823739980000,1789991823.73998
156,156,1789991823756647000,1789991823.756647
157,157,1789991823773313000,1789991823.773313
158,158,1789991823789980000,1789991823.78998
159,159,1789991823806647000,1789991823.806647
160,160,1789991823823313000,1789991823.823313
161,161,1789991823839980000,1789991823.83998
162,162,1789991823856647000,1789991823.856647
163,163,1789991823873313000,1789991823.873313
164,164,1789991823889980000,1789991823.88998
165,165,1789991823906647000,1789991823.906647
166,166,1789991823923313000,1789991823.923313
167,167,1789991823939980000,1789991823.93998
168,168,1789991823956647000,1789991823.956647
169,169,1789991823973313000,1789991823.973313
170,170,1789991823989980000,1789991823.98998
171,171,1789991824006647000,1789991824.006647
172,172,1789991824023313000,1789991824.023313
173,173,1789991824039980000,1789991824.03998
174,174,1789991824056647000,1789991824.056647
175,175,1789991824073313000,1789991824.073313
176,176,1789991824089980000,1789991824.08998
177,177,1789991824106647000,1789991824.106647
178,178,1789991824123313000,1789991824.123313
179,179,1789991824139980000,1789991824.13998
180,180,1789991824156647000,1789991824.156647
181,181,1789991824173313000,1789991824.173313
182,182,1789991824189980000,1789991824.18998
183,183,1789991824206647000,1789991824.206647
184,184,1789991824223313000,1789991824.223313
185,185,1789991824239980000,1789991824.23998
186,186,1789991824256647000,1789991824.256647
187,187,1789991824273313000,1789991824.273313
188,188,1789991824289980000,1789991824.28998
189,189,1789991824306647000,1789991824.306647
190,190,1789991824323313000,1789991824.323313
191,191,1789991824339980000,1789991824.33998
192,192,1789991824356647000,1789991824.356647
193,193,1789991824373313000,1789991824.373313
194,194,1789991824389980000,1789991824.38998
195,195,1789991824406647000,1789991824.406647
196,196,1789991824423313000,1789991824.423313
197,197,1789991824439980000,1789991824.43998
198,198,1789991824456647000,1789991824.456647
199,199,1789991824473313000,1789991824.473313
200,200,1789991824489980000,1789991824.48998
201,201,1789991824506647000,1789991824.506647
202,202,1789991824523313000,1789991824.523313
203,203,1789991824539980000,1789991824.53998
204,204,1789991824556647000,1789991824.556647
205,205,1789991824573313000,1789991824.573313
206,206,1789991824589980000,1789991824.58998
207,207,1789991824606647000,1789991824.606647
208,208,1789991824623313000,1789991824.623313
209,209,1789991824639980000,1789991824.63998
210,210,1789991824656647000,1789991824.656647
211,211,1789991824673313000,1789991824.673313
212,212,1789991824689980000,1789991824.68998
213,213,1789991824706647000,1789991824.706647
214,214,1789991824723313000,1789991824.723313
215,215,1789991824739980000,1789991824.73998
216,216,1789991824756647000,1789991824.756647
217,217,1789991824773313000,1789991824.773313
218,218,1789991824789980000,1789991824.78998
219,219,1789991824806647000,1789991824.806647
220,220,1789991824823313000,1789991824.823313
221,221,1789991824839980000,1789991824.83998
222,222,1789991824856647000,1789991824.856647
223,223,1789991824873313000,1789991824.873313
224,224,1789991824889980000,1789991824.88998
225,225,1789991824906647000,1789991824.906647
226,226,1789991824923313000,1789991824.923313
227,227,1789991824939980000,1789991824.93998
228,228,1789991824956647000,1789991824.956647
229,229,1789991824973313000,1789991824.973313
230,230,1789991824989980000,1789991824.98998
231,231,1789991825006647000,1789991825.006647
232,232,1789991825023313000,1789991825.023313
233,233,1789991825039980000,1789991825.03998
234,234,1789991825056647000,1789991825.056647
235,235,1789991825073313000,1789991825.073313
236,236,1789991825089980000,1789991825.08998
237,237,1789991825106647000,1789991825.106647
238,238,1789991825123313000,1789991825.123313
239,239,1789991825139980000,1789991825.13998
240,240,1789991825156647000,1789991825.156647
241,241,1789991825173313000,1789991825.173313
242,242,1789991825189980000,1789991825.18998
243,243,1789991825206647000,1789991825.206647
244,244,1789991825223313000,1789991825.223313
245,245,1789991825239980000,1789991825.23998
246,246,1789991825256647000,1789991825.256647
247,247,1789991825273313000,1789991825.273313
248,248,1789991825289980000,1789991825.28998
249,249,1789991825306647000,1789991825.306647
250,250,1789991825323313000,1789991825.323313
251,251,1789991825339980000,1789991825.33998
252,252,1789991825356647000,1789991825.356647
253,253,1789991825373313000,1789991825.373313
254,254,1789991825389980000,1789991825.38998
255,255,1789991825406647000,1789991825.406647
256,256,1789991825423313000,1789991825.423313
257,257,1789991825439980000,1789991825.43998
258,258,1789991825456647000,1789991825.456647
259,259,1789991825473313000,1789991825.473313
260,260,1789991825489980000,1789991825.48998
261,261,1789991825506647000,1789991825.506647
262,262,1789991825523313000,1789991825.523313
263,263,1789991825539980000,1789991825.53998
264,264,1789991825556647000,1789991825.556647
265,265,1789991825573313000,1789991825.573313
266,266,1789991825589980000,1789991825.58998
267,267,1789991825606647000,1789991825.606647
268,268,1789991825623313000,1789991825.623313
269,269,1789991825639980000,1789991825.63998
270,270,1789991825656647000,1789991825.656647
271,271,1789991825673313000,1789991825.673313
272,272,1789991825689980000,1789991825.68998
273,273,1789991825706647000,1789991825.706647
274,274,1789991825723313000,1789991825.723313
275,275,1789991825739980000,1789991825.73998
276,276,1789991825756647000,1789991825.756647
277,277,1789991825773313000,1789991825.773313
278,278,1789991825789980000,1789991825.78998
279,279,1789991825806647000,1789991825.806647
280,280,1789991825823313000,1789991825.823313
281,281,1789991825839980000,1789991825.83998
282,282,1789991825856647000,1789991825.856647
283,283,1789991825873313000,1789991825.873313
284,284,1789991825889980000,1789991825.88998
285,285,1789991825906647000,1789991825.906647
286,286,1789991825923313000,1789991825.923313
287,287,1789991825939980000,1789991825.93998
288,288,1789991825956647000,1789991825.956647
289,289,1789991825973313000,1789991825.973313
290,290,1789991825989980000,1789991825.98998
291,291,1789991826006647000,1789991826.006647
292,292,1789991826023313000,1789991826.023313
293,293,1789991826039980000,1789991826.03998
294,294,1789991826056647000,1789991826.056647
295,295,1789991826073313000,1789991826.073313
296,296,1789991826089980000,1789991826.08998
297,297,1789991826106647000,1789991826.106647
298,298,1789991826123313000,1789991826.123313
299,299,1789991826139980000,1789991826.13998
300,300,1789991826156647000,1789991826.156647
301,301,1789991826173313000,1789991826.173313
302,302,1789991826189980000,1789991826.18998
303,303,1789991826206647000,1789991826.206647
304,304,1789991826223313000,1789991826.223313
305,305,1789991826239980000,1789991826.23998
306,306,1789991826256647000,1789991826.256647
307,307,1789991826273313000,1789991826.273313
308,308,1789991826289980000,1789991826.28998
309,309,1789991826306647000,1789991826.306647
310,310,1789991826323313000,1789991826.323313
311,311,1789991826339980000,1789991826.33998
312,312,1789991826356647000,1789991826.356647
313,313,1789991826373313000,1789991826.373313
314,314,1789991826389980000,1789991826.38998
315,315,1789991826406647000,1789991826.406647
316,316,1789991826423313000,1789991826.423313
317,317,1789991826439980000,1789991826.43998
318,318,1789991826456647000,1789991826.456647
319,319,1789991826473313000,1789991826.473313
320,320,1789991826489980000,1789991826.48998
321,321,1789991826506647000,1789991826.506647
322,322,1789991826523313000,1789991826.523313
323,323,1789991826539980000,1789991826.53998
324,324,1789991826556647000,1789991826.556647
325,325,1789991826573313000,1789991826.573313
326,326,1789991826589980000,1789991826.58998
327,327,1789991826606647000,1789991826.606647
328,328,1789991826623313000,1789991826.623313
329,329,1789991826639980000,1789991826.63998
330,330,1789991826656647000,1789991826.656647
331,331,1789991826673313000,1789991826.673313
332,332,1789991826689980000,1789991826.68998
333,333,1789991826706647000,1789991826.706647
334,334,1789991826723313000,1789991826.723313
335,335,1789991826739980000,1789991826.73998
336,336,1789991826756647000,1789991826.756647
337,337,1789991826773313000,1789991826.773313
338,338,1789991826789980000,1789991826.78998
339,339,1789991826806647000,1789991826.806647
340,340,1789991826823313000,1789991826.823313
341,341,1789991826839980000,1789991826.83998
342,342,1789991826856647000,1789991826.856647
343,343,1789991826873313000,1789991826.873313
344,344,1789991826889980000,1789991826.88998
345,345,1789991826906647000,1789991826.906647
346,346,1789991826923313000,1789991826.923313
347,347,1789991826939980000,1789991826.93998
348,348,1789991826956647000,1789991826.956647
349,349,1789991826973313000,1789991826.973313
350,350,1789991826989980000,1789991826.98998
351,351,1789991827006647000,1789991827.006647
352,352,1789991827023313000,1789991827.023313
353,353,1789991827039980000,1789991827.03998
354,354,1789991827056647000,1789991827.056647
355,355,1789991827073313000,1789991827.073313
356,356,1789991827089980000,1789991827.08998
357,357,1789991827106647000,1789991827.106647
358,358,1789991827123313000,1789991827.123313
359,359,1789991827139980000,1789991827.13998
360,360,1789991827156647000,1789991827.156647
361,361,1789991827173313000,1789991827.173313
362,362,1789991827189980000,1789991827.18998
363,363,1789991827206647000,1789991827.206647
364,364,1789991827223313000,1789991827.223313
365,365,1789991827239980000,1789991827.23998
366,366,1789991827256647000,1789991827.256647
367,367,1789991827273313000,1789991827.273313
368,368,1789991827289980000,1789991827.28998
369,369,1789991827306647000,1789991827.306647
370,370,1789991827323313000,1789991827.323313
371,371,1789991827339980000,1789991827.33998
372,372,1789991827356647000,1789991827.356647
373,373,1789991827373313000,1789991827.373313
374,374,1789991827389980000,1789991827.38998
375,375,1789991827406647000,1789991827.406647
376,376,1789991827423313000,1789991827.423313
377,377,1789991827439980000,1789991827.43998
378,378,1789991827456647000,1789991827.456647
379,379,1789991827473313000,1789991827.473313
380,380,1789991827489980000,1789991827.48998
381,381,1789991827506647000,1789991827.506647
382,382,1789991827523313000,1789991827.523313
383,383,1789991827539980000,1789991827.53998
384,384,1789991827556647000,1789991827.556647
385,385,1789991827573313000,1789991827.573313
386,386,1789991827589980000,1789991827.58998
387,387,1789991827606647000,1789991827.606647
388,388,1789991827623313000,1789991827.623313
389,389,1789991827639980000,1789991827.63998
390,390,1789991827656647000,1789991827.656647
391,391,1789991827673313000,1789991827.673313
392,392,1789991827689980000,1789991827.68998
393,393,1789991827706647000,1789991827.706647
394,394,1789991827723313000,1789991827.723313
395,395,1789991827739980000,1789991827.73998
396,396,1789991827756647000,1789991827.756647
397,397,1789991827773313000,1789991827.773313
398,398,1789991827789980000,1789991827.78998
399,399,1789991827806647000,1789991827.806647
400,400,1789991827823313000,1789991827.823313
401,401,1789991827839980000,1789991827.83998
402,402,1789991827856647000,1789991827.856647
403,403,1789991827873313000,1789991827.873313
404,404,1789991827889980000,1789991827.88998
405,405,1789991827906647000,1789991827.906647
406,406,1789991827923313000,1789991827.923313
407,407,1789991827939980000,1789991827.93998
408,408,1789991827956647000,1789991827.956647
409,409,1789991827973313000,1789991827.973313
410,410,1789991827989980000,1789991827.98998
411,411,1789991828006647000,1789991828.006647
412,412,1789991828023313000,1789991828.023313
413,413,1789991828039980000,1789991828.03998
414,414,1789991828056647000,1789991828.056647
415,415,1789991828073313000,1789991828.073313
416,416,1789991828089980000,1789991828.08998
417,417,1789991828106647000,1789991828.106647
418,418,1789991828123313000,1789991828.123313
419,419,1789991828139980000,1789991828.13998
420,420,1789991828156647000,1789991828.156647
421,421,1789991828173313000,1789991828.173313
422,422,1789991828189980000,1789991828.18998
423,423,1789991828206647000,1789991828.206647
424,424,1789991828223313000,1789991828.223313
425,425,1789991828239980000,1789991828.23998
426,426,1789991828256647000,1789991828.256647
427,427,1789991828273313000,1789991828.273313
428,428,1789991828289980000,1789991828.28998
429,429,1789991828306647000,1789991828.306647
430,430,1789991828323313000,1789991828.323313
431,431,1789991828339980000,1789991828.33998
432,432,1789991828356647000,1789991828.356647
433,433,1789991828373313000,1789991828.373313
434,434,1789991828389980000,1789991828.38998
435,435,1789991828406647000,1789991828.406647
436,436,1789991828423313000,1789991828.423313
437,437,1789991828439980000,1789991828.43998
438,438,1789991828456647000,1789991828.456647
439,439,1789991828473313000,1789991828.473313
440,440,1789991828489980000,1789991828.48998
441,441,1789991828506647000,1789991828.506647
442,442,1789991828523313000,1789991828.523313
443,443,1789991828539980000,1789991828.53998
444,444,1789991828556647000,1789991828.556647
445,445,1789991828573313000,1789991828.573313
446,446,1789991828589980000,1789991828.58998
447,447,1789991828606647000,1789991828.606647
448,448,1789991828623313000,1789991828.623313
449,449,1789991828639980000,1789991828.63998
450,450,1789991828656647000,1789991828.656647
451,451,1789991828673313000,1789991828.673313
452,452,1789991828689980000,1789991828.68998
453,453,1789991828706647000,1789991828.706647
454,454,1789991828723313000,1789991828.723313
455,455,1789991828739980000,1789991828.73998
456,456,1789991828756647000,1789991828.756647
457,457,1789991828773313000,1789991828.773313
458,458,1789991828789980000,1789991828.78998
459,459,1789991828806647000,1789991828.806647
460,460,1789991828823313000,1789991828.823313
461,461,1789991828839980000,1789991828.83998
462,462,1789991828856647000,1789991828.856647
463,463,1789991828873313000,1789991828.873313
464,464,1789991828889980000,1789991828.88998
465,465,1789991828906647000,1789991828.906647
466,466,1789991828923313000,1789991828.923313
467,467,1789991828939980000,1789991828.93998
468,468,1789991828956647000,1789991828.956647
469,469,1789991828973313000,1789991828.973313
470,470,1789991828989980000,1789991828.98998
471,471,1789991829006647000,1789991829.006647
472,472,1789991829023313000,1789991829.023313
473,473,1789991829039980000,1789991829.03998
474,474,1789991829056647000,1789991829.056647
475,475,1789991829073313000,1789991829.073313
476,476,1789991829089980000,1789991829.08998
477,477,1789991829106647000,1789991829.106647
478,478,1789991829123313000,1789991829.123313
479,479,1789991829139980000,1789991829.13998
480,480,1789991829156647000,1789991829.156647
481,481,1789991829173313000,1789991829.173313
482,482,1789991829189980000,1789991829.18998
483,483,1789991829206647000,1789991829.206647
484,484,1789991829223313000,1789991829.223313
485,485,1789991829239980000,1789991829.23998
486,486,1789991829256647000,1789991829.256647
487,487,1789991829273313000,1789991829.273313
488,488,1789991829289980000,1789991829.28998
489,489,1789991829306647000,1789991829.306647
490,490,1789991829323313000,1789991829.323313
491,491,1789991829339980000,1789991829.33998
492,492,1789991829356647000,1789991829.356647
493,493,1789991829373313000,1789991829.373313
494,494,1789991829389980000,1789991829.38998
495,495,1789991829406647000,1789991829.406647
496,496,1789991829423313000,1789991829.423313
497,497,1789991829439980000,1789991829.43998
498,498,1789991829456647000,1789991829.456647
499,499,1789991829473313000,1789991829.473313
500,500,1789991829489980000,1789991829.48998
501,501,1789991829506647000,1789991829.506647
502,502,1789991829523313000,1789991829.523313
503,503,1789991829539980000,1789991829.53998
504,504,1789991829556647000,1789991829.556647
505,505,1789991829573313000,1789991829.573313
506,506,1789991829589980000,1789991829.58998
507,507,1789991829606647000,1789991829.606647
508,508,1789991829623313000,1789991829.623313
509,509,1789991829639980000,1789991829.63998
510,510,1789991829656647000,1789991829.656647
511,511,1789991829673313000,1789991829.673313
512,512,1789991829689980000,1789991829.68998
513,513,1789991829706647000,1789991829.706647
514,514,1789991829723313000,1789991829.723313
515,515,1789991829739980000,1789991829.73998
516,516,1789991829756647000,1789991829.756647
517,517,1789991829773313000,1789991829.773313
518,518,1789991829789980000,1789991829.78998
519,519,1789991829806647000,1789991829.806647
520,520,1789991829823313000,1789991829.823313
521,521,1789991829839980000,1789991829.83998
522,522,1789991829856647000,1789991829.856647
523,523,1789991829873313000,1789991829.873313
524,524,1789991829889980000,1789991829.88998
525,525,1789991829906647000,1789991829.906647
526,526,1789991829923313000,1789991829.923313
527,527,1789991829939980000,1789991829.93998
528,528,1789991829956647000,1789991829.956647
529,529,1789991829973313000,1789991829.973313
530,530,1789991829989980000,1789991829.98998
531,531,1789991830006647000,1789991830.006647
532,532,1789991830023313000,1789991830.023313
533,533,1789991830039980000,1789991830.03998
534,534,1789991830056647000,1789991830.056647
535,535,1789991830073313000,1789991830.073313
536,536,1789991830089980000,1789991830.08998
537,537,1789991830106647000,1789991830.106647
538,538,1789991830123313000,1789991830.123313
539,539,1789991830139980000,1789991830.13998
540,540,1789991830156647000,1789991830.156647
541,541,1789991830173313000,1789991830.173313
542,542,1789991830189980000,1789991830.18998
543,543,1789991830206647000,1789991830.206647
544,544,1789991830223313000,1789991830.223313
545,545,1789991830239980000,1789991830.23998
546,546,1789991830256647000,1789991830.256647
547,547,1789991830273313000,1789991830.273313
548,548,1789991830289980000,1789991830.28998
549,549,1789991830306647000,1789991830.306647
550,550,1789991830323313000,1789991830.323313
551,551,1789991830339980000,1789991830.33998
552,552,1789991830356647000,1789991830.356647
553,553,1789991830373313000,1789991830.373313
554,554,1789991830389980000,1789991830.38998
555,555,1789991830406647000,1789991830.406647
556,556,1789991830423313000,1789991830.423313
557,557,1789991830439980000,1789991830.43998
558,558,1789991830456647000,1789991830.456647
559,559,1789991830473313000,1789991830.473313
560,560,1789991830489980000,1789991830.48998
561,561,1789991830506647000,1789991830.506647
562,562,1789991830523313000,1789991830.523313
563,563,1789991830539980000,1789991830.53998
564,564,1789991830556647000,1789991830.556647
565,565,1789991830573313000,1789991830.573313
566,566,1789991830589980000,1789991830.58998
567,567,1789991830606647000,1789991830.606647
568,568,1789991830623313000,1789991830.623313
569,569,1789991830639980000,1789991830.63998
570,570,1789991830656647000,1789991830.656647
571,571,1789991830673313000,1789991830.673313
572,572,1789991830689980000,1789991830.68998
573,573,1789991830706647000,1789991830.706647
574,574,1789991830723313000,1789991830.723313
575,575,1789991830739980000,1789991830.73998
576,576,1789991830756647000,1789991830.756647
577,577,1789991830773313000,1789991830.773313
578,578,1789991830789980000,1789991830.78998
579,579,1789991830806647000,1789991830.806647
580,580,1789991830823313000,1789991830.823313
581,581,1789991830839980000,1789991830.83998
582,582,1789991830856647000,1789991830.856647
583,583,1789991830873313000,1789991830.873313
584,584,1789991830889980000,1789991830.88998
585,585,1789991830906647000,1789991830.906647
586,586,1789991830923313000,1789991830.923313
587,587,1789991830939980000,1789991830.93998
588,588,1789991830956647000,1789991830.956647
589,589,1789991830973313000,1789991830.973313
590,590,1789991830989980000,1789991830.98998
591,591,1789991831006647000,1789991831.006647
592,592,1789991831023313000,1789991831.023313
593,593,1789991831039980000,1789991831.03998
594,594,1789991831056647000,1789991831.056647
595,595,1789991831073313000,1789991831.073313
596,596,1789991831089980000,1789991831.08998
597,597,1789991831106647000,1789991831.106647
598,598,1789991831123313000,1789991831.123313
599,599,1789991831139980000,1789991831.13998
600,600,1789991831156647000,1789991831.156647
601,601,1789991831173313000,1789991831.173313
602,602,1789991831189980000,1789991831.18998
603,603,1789991831206647000,1789991831.206647
604,604,1789991831223313000,1789991831.223313
605,605,1789991831239980000,1789991831.23998
606,606,1789991831256647000,1789991831.256647
607,607,1789991831273313000,1789991831.273313
608,608,1789991831289980000,1789991831.28998
609,609,1789991831306647000,1789991831.306647
610,610,1789991831323313000,1789991831.323313
611,611,1789991831339980000,1789991831.33998
612,612,1789991831356647000,1789991831.356647
613,613,1789991831373313000,1789991831.373313
614,614,1789991831389980000,1789991831.38998
615,615,1789991831406647000,1789991831.406647
616,616,1789991831423313000,1789991831.423313
617,617,1789991831439980000,1789991831.43998
618,618,1789991831456647000,1789991831.456647
619,619,1789991831473313000,1789991831.473313
620,620,1789991831489980000,1789991831.48998
621,621,1789991831506647000,1789991831.506647
622,622,1789991831523313000,1789991831.523313
623,623,1789991831539980000,1789991831.53998
624,624,1789991831556647000,1789991831.556647
625,625,1789991831573313000,1789991831.573313
626,626,1789991831589980000,1789991831.58998
627,627,1789991831606647000,1789991831.606647
628,628,1789991831623313000,1789991831.623313
629,629,1789991831639980000,1789991831.63998
630,630,1789991831656647000,1789991831.656647
631,631,1789991831673313000,1789991831.673313
632,632,1789991831689980000,1789991831.68998
633,633,1789991831706647000,1789991831.706647
634,634,1789991831723313000,1789991831.723313
635,635,1789991831739980000,1789991831.73998
636,636,1789991831756647000,1789991831.756647
637,637,1789991831773313000,1789991831.773313
638,638,1789991831789980000,1789991831.78998
639,639,1789991831806647000,1789991831.806647
640,640,1789991831823313000,1789991831.823313
641,641,1789991831839980000,1789991831.83998
642,642,1789991831856647000,1789991831.856647
643,643,1789991831873313000,1789991831.873313
644,644,1789991831889980000,1789991831.88998
645,645,1789991831906647000,1789991831.906647
646,646,1789991831923313000,1789991831.923313
647,647,1789991831939980000,1789991831.93998
648,648,1789991831956647000,1789991831.956647
649,649,1789991831973313000,1789991831.973313
650,650,1789991831989980000,1789991831.98998
651,651,1789991832006647000,1789991832.006647
652,652,1789991832023313000,1789991832.023313
653,653,1789991832039980000,1789991832.03998
654,654,1789991832056647000,1789991832.056647
655,655,1789991832073313000,1789991832.073313
656,656,1789991832089980000,1789991832.08998
657,657,1789991832106647000,1789991832.106647
658,658,1789991832123313000,1789991832.123313
659,659,1789991832139980000,1789991832.13998
660,660,1789991832156647000,1789991832.156647
661,661,1789991832173313000,1789991832.173313
662,662,1789991832189980000,1789991832.18998
663,663,1789991832206647000,1789991832.206647
664,664,1789991832223313000,1789991832.223313
665,665,1789991832239980000,1789991832.23998
666,666,1789991832256647000,1789991832.256647
667,667,1789991832273313000,1789991832.273313
668,668,1789991832289980000,1789991832.28998
669,669,1789991832306647000,1789991832.306647
670,670,1789991832323313000,1789991832.323313
671,671,1789991832339980000,1789991832.33998
672,672,1789991832356647000,1789991832.356647
673,673,1789991832373313000,1789991832.373313
674,674,1789991832389980000,1789991832.38998
675,675,1789991832406647000,1789991832.406647
676,676,1789991832423313000,1789991832.423313
677,677,1789991832439980000,1789991832.43998
678,678,1789991832456647000,1789991832.456647
679,679,1789991832473313000,1789991832.473313
680,680,1789991832489980000,1789991832.48998
681,681,1789991832506647000,1789991832.506647
682,682,1789991832523313000,1789991832.523313
683,683,1789991832539980000,1789991832.53998
684,684,1789991832556647000,1789991832.556647
685,685,1789991832573313000,1789991832.573313
686,686,1789991832589980000,1789991832.58998
687,687,1789991832606647000,1789991832.606647
688,688,1789991832623313000,1789991832.623313
689,689,1789991832639980000,1789991832.63998
690,690,1789991832656647000,1789991832.656647
691,691,1789991832673313000,1789991832.673313
692,692,1789991832689980000,1789991832.68998
693,693,1789991832706647000,1789991832.706647
694,694,1789991832723313000,1789991832.723313
695,695,1789991832739980000,1789991832.73998
696,696,1789991832756647000,1789991832.756647
697,697,1789991832773313000,1789991832.773313
698,698,1789991832789980000,1789991832.78998
699,699,1789991832806647000,1789991832.806647
700,700,1789991832823313000,1789991832.823313
701,701,1789991832839980000,1789991832.83998
702,702,1789991832856647000,1789991832.856647
703,703,1789991832873313000,1789991832.873313
704,704,1789991832889980000,1789991832.88998
705,705,1789991832906647000,1789991832.906647
706,706,1789991832923313000,1789991832.923313
707,707,1789991832939980000,1789991832.93998
708,708,1789991832956647000,1789991832.956647
709,709,1789991832973313000,1789991832.973313
710,710,1789991832989980000,1789991832.98998
711,711,1789991833006647000,1789991833.006647
712,712,1789991833023313000,1789991833.023313
713,713,1789991833039980000,1789991833.03998
714,714,1789991833056647000,1789991833.056647
715,715,1789991833073313000,1789991833.073313
716,716,1789991833089980000,1789991833.08998
717,717,1789991833106647000,1789991833.106647
718,718,1789991833123313000,1789991833.123313
719,719,1789991833139980000,1789991833.13998
720,720,1789991833156647000,1789991833.156647
721,721,1789991833173313000,1789991833.173313
722,722,1789991833189980000,1789991833.18998
723,723,1789991833206647000,1789991833.206647
724,724,1789991833223313000,1789991833.223313
725,725,1789991833239980000,1789991833.23998
726,726,1789991833256647000,1789991833.256647
727,727,1789991833273313000,1789991833.273313
728,728,1789991833289980000,1789991833.28998
729,729,1789991833306647000,1789991833.306647
730,730,1789991833323313000,1789991833.323313
731,731,1789991833339980000,1789991833.33998
732,732,1789991833356647000,1789991833.356647
733,733,1789991833373313000,1789991833.373313
734,734,1789991833389980000,1789991833.38998
735,735,1789991833406647000,1789991833.406647
736,736,1789991833423313000,1789991833.423313
737,737,1789991833439980000,1789991833.43998
738,738,1789991833456647000,1789991833.456647
739,739,1789991833473313000,1789991833.473313
740,740,1789991833489980000,1789991833.48998
741,741,1789991833506647000,1789991833.506647
742,742,1789991833523313000,1789991833.523313
743,743,1789991833539980000,1789991833.53998
744,744,1789991833556647000,1789991833.556647
745,745,1789991833573313000,1789991833.573313
746,746,1789991833589980000,1789991833.58998
747,747,1789991833606647000,1789991833.606647
748,748,1789991833623313000,1789991833.623313
749,749,1789991833639980000,1789991833.63998
750,750,1789991833656647000,1789991833.656647
751,751,1789991833673313000,1789991833.673313
752,752,1789991833689980000,1789991833.68998
753,753,1789991833706647000,1789991833.706647
754,754,1789991833723313000,1789991833.723313
755,755,1789991833739980000,1789991833.73998
756,756,1789991833756647000,1789991833.756647
757,757,1789991833773313000,1789991833.773313
758,758,1789991833789980000,1789991833.78998
759,759,1789991833806647000,1789991833.806647
760,760,1789991833823313000,1789991833.823313
761,761,1789991833839980000,1789991833.83998
762,762,1789991833856647000,1789991833.856647
763,763,1789991833873313000,1789991833.873313
764,764,1789991833889980000,1789991833.88998
765,765,1789991833906647000,1789991833.906647
766,766,1789991833923313000,1789991833.923313
767,767,1789991833939980000,1789991833.93998
768,768,1789991833956647000,1789991833.956647
769,769,1789991833973313000,1789991833.973313
770,770,1789991833989980000,1789991833.98998
771,771,1789991834006647000,1789991834.006647
772,772,1789991834023313000,1789991834.023313
773,773,1789991834039980000,1789991834.03998
774,774,1789991834056647000,1789991834.056647
775,775,1789991834073313000,1789991834.073313
776,776,1789991834089980000,1789991834.08998
777,777,1789991834106647000,1789991834.106647
778,778,1789991834123313000,1789991834.123313
779,779,1789991834139980000,1789991834.13998
780,780,1789991834156647000,1789991834.156647
781,781,1789991834173313000,1789991834.173313
782,782,1789991834189980000,1789991834.18998
783,783,1789991834206647000,1789991834.206647
784,784,1789991834223313000,1789991834.223313
785,785,1789991834239980000,1789991834.23998
786,786,1789991834256647000,1789991834.256647
787,787,1789991834273313000,1789991834.273313
788,788,1789991834289980000,1789991834.28998
789,789,1789991834306647000,1789991834.306647
790,790,1789991834323313000,1789991834.323313
791,791,1789991834339980000,1789991834.33998
792,792,1789991834356647000,1789991834.356647
793,793,1789991834373313000,1789991834.373313
794,794,1789991834389980000,1789991834.38998
795,795,1789991834406647000,1789991834.406647
796,796,1789991834423313000,1789991834.423313
797,797,1789991834439980000,1789991834.43998
798,798,1789991834456647000,1789991834.456647
799,799,1789991834473313000,1789991834.473313
800,800,1789991834489980000,1789991834.48998
801,801,1789991834506647000,1789991834.506647
802,802,1789991834523313000,1789991834.523313
803,803,1789991834539980000,1789991834.53998
804,804,1789991834556647000,1789991834.556647
805,805,1789991834573313000,1789991834.573313
806,806,1789991834589980000,1789991834.58998
807,807,1789991834606647000,1789991834.606647
808,808,1789991834623313000,1789991834.623313
809,809,1789991834639980000,1789991834.63998
810,810,1789991834656647000,1789991834.656647
811,811,1789991834673313000,1789991834.673313
812,812,1789991834689980000,1789991834.68998
813,813,1789991834706647000,1789991834.706647
814,814,1789991834723313000,1789991834.723313
815,815,1789991834739980000,1789991834.73998
816,816,1789991834756647000,1789991834.756647
817,817,1789991834773313000,1789991834.773313
818,818,1789991834789980000,1789991834.78998
819,819,1789991834806647000,1789991834.806647
820,820,1789991834823313000,1789991834.823313
821,821,1789991834839980000,1789991834.83998
822,822,1789991834856647000,1789991834.856647
823,823,1789991834873313000,1789991834.873313
824,824,1789991834889980000,1789991834.88998
825,825,1789991834906647000,1789991834.906647
826,826,1789991834923313000,1789991834.923313
827,827,1789991834939980000,1789991834.93998
828,828,1789991834956647000,1789991834.956647
829,829,1789991834973313000,1789991834.973313
830,830,1789991834989980000,1789991834.98998
831,831,1789991835006647000,1789991835.006647
832,832,1789991835023313000,1789991835.023313
833,833,1789991835039980000,1789991835.03998
834,834,1789991835056647000,1789991835.056647
835,835,1789991835073313000,1789991835.073313
836,836,1789991835089980000,1789991835.08998
837,837,1789991835106647000,1789991835.106647
838,838,1789991835123313000,1789991835.123313
839,839,1789991835139980000,1789991835.13998
840,840,1789991835156647000,1789991835.156647
841,841,1789991835173313000,1789991835.173313
842,842,1789991835189980000,1789991835.18998
843,843,1789991835206647000,1789991835.206647
844,844,1789991835223313000,1789991835.223313
845,845,1789991835239980000,1789991835.23998
846,846,1789991835256647000,1789991835.256647
847,847,1789991835273313000,1789991835.273313
848,848,1789991835289980000,1789991835.28998
849,849,1789991835306647000,1789991835.306647
850,850,1789991835323313000,1789991835.323313
851,851,1789991835339980000,1789991835.33998
852,852,1789991835356647000,1789991835.356647
853,853,1789991835373313000,1789991835.373313
854,854,1789991835389980000,1789991835.38998
855,855,1789991835406647000,1789991835.406647
856,856,1789991835423313000,1789991835.423313
857,857,1789991835439980000,1789991835.43998
858,858,1789991835456647000,1789991835.456647
859,859,1789991835473313000,1789991835.473313
860,860,1789991835489980000,1789991835.48998
861,861,1789991835506647000,1789991835.506647
862,862,1789991835523313000,1789991835.523313
863,863,1789991835539980000,1789991835.53998
864,864,1789991835556647000,1789991835.556647
865,865,1789991835573313000,1789991835.573313
866,866,1789991835589980000,1789991835.58998
867,867,1789991835606647000,1789991835.606647
868,868,1789991835623313000,1789991835.623313
869,869,1789991835639980000,1789991835.63998
870,870,1789991835656647000,1789991835.656647
871,871,1789991835673313000,1789991835.673313
872,872,1789991835689980000,1789991835.68998
873,873,1789991835706647000,1789991835.706647
874,874,1789991835723313000,1789991835.723313
875,875,1789991835739980000,1789991835.73998
876,876,1789991835756647000,1789991835.756647
877,877,1789991835773313000,1789991835.773313
878,878,1789991835789980000,1789991835.78998
879,879,1789991835806647000,1789991835.806647
880,880,1789991835823313000,1789991835.823313
881,881,1789991835839980000,1789991835.83998
882,882,1789991835856647000,1789991835.856647
883,883,1789991835873313000,1789991835.873313
884,884,1789991835889980000,1789991835.88998
885,885,1789991835906647000,1789991835.906647
886,886,1789991835923313000,1789991835.923313
887,887,1789991835939980000,1789991835.93998
888,888,1789991835956647000,1789991835.956647
889,889,1789991835973313000,1789991835.973313
890,890,1789991835989980000,1789991835.98998
891,891,1789991836006647000,1789991836.006647
892,892,1789991836023313000,1789991836.023313
893,893,1789991836039980000,1789991836.03998
894,894,1789991836056647000,1789991836.056647
895,895,1789991836073313000,1789991836.073313
896,896,1789991836089980000,1789991836.08998
897,897,1789991836106647000,1789991836.106647
898,898,1789991836123313000,1789991836.123313
899,899,1789991836139980000,1789991836.13998
900,900,1789991836156647000,1789991836.156647
901,901,1789991836173313000,1789991836.173313
902,902,1789991836189980000,1789991836.18998
903,903,1789991836206647000,1789991836.206647
904,904,1789991836223313000,1789991836.223313
905,905,1789991836239980000,1789991836.23998
906,906,1789991836256647000,1789991836.256647
907,907,1789991836273313000,1789991836.273313
908,908,1789991836289980000,1789991836.28998
909,909,1789991836306647000,1789991836.306647
910,910,1789991836323313000,1789991836.323313
911,911,1789991836339980000,1789991836.33998
912,912,1789991836356647000,1789991836.356647
913,913,1789991836373313000,1789991836.373313
914,914,1789991836389980000,1789991836.38998
915,915,1789991836406647000,1789991836.406647
916,916,1789991836423313000,1789991836.423313
917,917,1789991836439980000,1789991836.43998
918,918,1789991836456647000,1789991836.456647
919,919,1789991836473313000,1789991836.473313
920,920,1789991836489980000,1789991836.48998
921,921,1789991836506647000,1789991836.506647
922,922,1789991836523313000,1789991836.523313
923,923,1789991836539980000,1789991836.53998
924,924,1789991836556647000,1789991836.556647
925,925,1789991836573313000,1789991836.573313
926,926,1789991836589980000,1789991836.58998
927,927,1789991836606647000,1789991836.606647
928,928,1789991836623313000,1789991836.623313
929,929,1789991836639980000,1789991836.63998
930,930,1789991836656647000,1789991836.656647
931,931,1789991836673313000,1789991836.673313
932,932,1789991836689980000,1789991836.68998
933,933,1789991836706647000,1789991836.706647
934,934,1789991836723313000,1789991836.723313
935,935,1789991836739980000,1789991836.73998
936,936,1789991836756647000,1789991836.756647
937,937,1789991836773313000,1789991836.773313
938,938,1789991836789980000,1789991836.78998
939,939,1789991836806647000,1789991836.806647
940,940,1789991836823313000,1789991836.823313
941,941,1789991836839980000,1789991836.83998
942,942,1789991836856647000,1789991836.856647
943,943,1789991836873313000,1789991836.873313
944,944,1789991836889980000,1789991836.88998
945,945,1789991836906647000,1789991836.906647
946,946,1789991836923313000,1789991836.923313
947,947,1789991836939980000,1789991836.93998
948,948,1789991836956647000,1789991836.956647
949,949,1789991836973313000,1789991836.973313
950,950,1789991836989980000,1789991836.98998
951,951,1789991837006647000,1789991837.006647
952,952,1789991837023313000,1789991837.023313
953,953,1789991837039980000,1789991837.03998
954,954,1789991837056647000,1789991837.056647
955,955,1789991837073313000,1789991837.073313
956,956,1789991837089980000,1789991837.08998
957,957,1789991837106647000,1789991837.106647
958,958,1789991837123313000,1789991837.123313
959,959,1789991837139980000,1789991837.13998
960,960,1789991837156647000,1789991837.156647
961,961,1789991837173313000,1789991837.173313
962,962,1789991837189980000,1789991837.18998
963,963,1789991837206647000,1789991837.206647
964,964,1789991837223313000,1789991837.223313
965,965,1789991837239980000,1789991837.23998
966,966,1789991837256647000,1789991837.256647
967,967,1789991837273313000,1789991837.273313
968,968,1789991837289980000,1789991837.28998
969,969,1789991837306647000,1789991837.306647
970,970,1789991837323313000,1789991837.323313
971,971,1789991837339980000,1789991837.33998
972,972,1789991837356647000,1789991837.356647
973,973,1789991837373313000,1789991837.373313
974,974,1789991837389980000,1789991837.38998
975,975,1789991837406647000,1789991837.406647
976,976,1789991837423313000,1789991837.423313
977,977,1789991837439980000,1789991837.43998
978,978,1789991837456647000,1789991837.456647
979,979,1789991837473313000,1789991837.473313
980,980,1789991837489980000,1789991837.48998
981,981,1789991837506647000,1789991837.506647
982,982,1789991837523313000,1789991837.523313
983,983,1789991837539980000,1789991837.53998
984,984,1789991837556647000,1789991837.556647
985,985,1789991837573313000,1789991837.573313
986,986,1789991837589980000,1789991837.58998
987,987,1789991837606647000,1789991837.606647
988,988,1789991837623313000,1789991837.623313
989,989,1789991837639980000,1789991837.63998
990,990,1789991837656647000,1789991837.656647
991,991,1789991837673313000,1789991837.673313
992,992,1789991837689980000,1789991837.68998
993,993,1789991837706647000,1789991837.706647
994,994,1789991837723313000,1789991837.723313
995,995,1789991837739980000,1789991837.73998
996,996,1789991837756647000,1789991837.756647
997,997,1789991837773313000,1789991837.773313
998,998,1789991837789980000,1789991837.78998
999,999,1789991837806647000,1789991837.806647
1000,1000,1789991837823313000,1789991837.823313
1001,1001,1789991837839980000,1789991837.83998
1002,1002,1789991837856647000,1789991837.856647
1003,1003,1789991837873313000,1789991837.873313
1004,1004,1789991837889980000,1789991837.88998
1005,1005,1789991837906647000,1789991837.906647
1006,1006,1789991837923313000,1789991837.923313
1007,1007,1789991837939980000,1789991837.93998
1008,1008,1789991837956647000,1789991837.956647
1009,1009,1789991837973313000,1789991837.973313
1010,1010,1789991837989980000,1789991837.98998
1011,1011,1789991838006647000,1789991838.006647
1012,1012,1789991838023313000,1789991838.023313
1013,1013,1789991838039980000,1789991838.03998
1014,1014,1789991838056647000,1789991838.056647
1015,1015,1789991838073313000,1789991838.073313
1016,1016,1789991838089980000,1789991838.08998
1017,1017,1789991838106647000,1789991838.106647
1018,1018,1789991838123313000,1789991838.123313
1019,1019,1789991838139980000,1789991838.13998
1020,1020,1789991838156647000,1789991838.156647
1021,1021,1789991838173313000,1789991838.173313
1022,1022,1789991838189980000,1789991838.18998
1023,1023,1789991838206647000,1789991838.206647
1024,1024,1789991838223313000,1789991838.223313
1025,1025,1789991838239980000,1789991838.23998
1026,1026,1789991838256647000,1789991838.256647
1027,1027,1789991838273313000,1789991838.273313
1028,1028,1789991838289980000,1789991838.28998
1029,1029,1789991838306647000,1789991838.306647
1030,1030,1789991838323313000,1789991838.323313
1031,1031,1789991838339980000,1789991838.33998
1032,1032,1789991838356647000,1789991838.356647
1033,1033,1789991838373313000,1789991838.373313
1034,1034,1789991838389980000,1789991838.38998
1035,1035,1789991838406647000,1789991838.406647
1036,1036,1789991838423313000,1789991838.423313
1037,1037,1789991838439980000,1789991838.43998
1038,1038,1789991838456647000,1789991838.456647
1039,1039,1789991838473313000,1789991838.473313
1040,1040,1789991838489980000,1789991838.48998
1041,1041,1789991838506647000,1789991838.506647
1042,1042,1789991838523313000,1789991838.523313
1043,1043,1789991838539980000,1789991838.53998
1044,1044,1789991838556647000,1789991838.556647
1045,1045,1789991838573313000,1789991838.573313
1046,1046,1789991838589980000,1789991838.58998
1047,1047,1789991838606647000,1789991838.606647
1048,1048,1789991838623313000,1789991838.623313
1049,1049,1789991838639980000,1789991838.63998
1050,1050,1789991838656647000,1789991838.656647
1051,1051,1789991838673313000,1789991838.673313
1052,1052,1789991838689980000,1789991838.68998
1053,1053,1789991838706647000,1789991838.706647
1054,1054,1789991838723313000,1789991838.723313
1055,1055,1789991838739980000,1789991838.73998
1056,1056,1789991838756647000,1789991838.756647
1057,1057,1789991838773313000,1789991838.773313
1058,1058,1789991838789980000,1789991838.78998
1059,1059,1789991838806647000,1789991838.806647
1060,1060,1789991838823313000,1789991838.823313
1061,1061,1789991838839980000,1789991838.83998
1062,1062,1789991838856647000,1789991838.856647
1063,1063,1789991838873313000,1789991838.873313
1064,1064,1789991838889980000,1789991838.88998
1065,1065,1789991838906647000,1789991838.906647
1066,1066,1789991838923313000,1789991838.923313
1067,1067,1789991838939980000,1789991838.93998
1068,1068,1789991838956647000,1789991838.956647
1069,1069,1789991838973313000,1789991838.973313
1070,1070,1789991838989980000,1789991838.98998
1071,1071,1789991839006647000,1789991839.006647
1072,1072,1789991839023313000,1789991839.023313
1073,1073,1789991839039980000,1789991839.03998
1074,1074,1789991839056647000,1789991839.056647
1075,1075,1789991839073313000,1789991839.073313
1076,1076,1789991839089980000,1789991839.08998
1077,1077,1789991839106647000,1789991839.106647
1078,1078,1789991839123313000,1789991839.123313
1079,1079,1789991839139980000,1789991839.13998
1080,1080,1789991839156647000,1789991839.156647
1081,1081,1789991839173313000,1789991839.173313
1082,1082,1789991839189980000,1789991839.18998
1083,1083,1789991839206647000,1789991839.206647
1084,1084,1789991839223313000,1789991839.223313
1085,1085,1789991839239980000,1789991839.23998
1086,1086,1789991839256647000,1789991839.256647
1087,1087,1789991839273313000,1789991839.273313
1088,1088,1789991839289980000,1789991839.28998
1089,1089,1789991839306647000,1789991839.306647
1090,1090,1789991839323313000,1789991839.323313
1091,1091,1789991839339980000,1789991839.33998
1092,1092,1789991839356647000,1789991839.356647
1093,1093,1789991839373313000,1789991839.373313
1094,1094,1789991839389980000,1789991839.38998
1095,1095,1789991839406647000,1789991839.406647
1096,1096,1789991839423313000,1789991839.423313
1097,1097,1789991839439980000,1789991839.43998
1098,1098,1789991839456647000,1789991839.456647
1099,1099,1789991839473313000,1789991839.473313
1100,1100,1789991839489980000,1789991839.48998
1101,1101,1789991839506647000,1789991839.506647
1102,1102,1789991839523313000,1789991839.523313
1103,1103,1789991839539980000,1789991839.53998
1104,1104,1789991839556647000,1789991839.556647
1105,1105,1789991839573313000,1789991839.573313
1106,1106,1789991839589980000,1789991839.58998
1107,1107,1789991839606647000,1789991839.606647
1108,1108,1789991839623313000,1789991839.623313
1109,1109,1789991839639980000,1789991839.63998
1110,1110,1789991839656647000,1789991839.656647
1111,1111,1789991839673313000,1789991839.673313
1112,1112,1789991839689980000,1789991839.68998
1113,1113,1789991839706647000,1789991839.706647
1114,1114,1789991839723313000,1789991839.723313
1115,1115,1789991839739980000,1789991839.73998
1116,1116,1789991839756647000,1789991839.756647
1117,1117,1789991839773313000,1789991839.773313
1118,1118,1789991839789980000,1789991839.78998
1119,1119,1789991839806647000,1789991839.806647
1120,1120,1789991839823313000,1789991839.823313
1121,1121,1789991839839980000,1789991839.83998
1122,1122,1789991839856647000,1789991839.856647
1123,1123,1789991839873313000,1789991839.873313
1124,1124,1789991839889980000,1789991839.88998
1125,1125,1789991839906647000,1789991839.906647
1126,1126,1789991839923313000,1789991839.923313
1127,1127,1789991839939980000,1789991839.93998
1128,1128,1789991839956647000,1789991839.956647
1129,1129,1789991839973313000,1789991839.973313
1130,1130,1789991839989980000,1789991839.98998
1131,1131,1789991840006647000,1789991840.006647
1132,1132,1789991840023313000,1789991840.023313
1133,1133,1789991840039980000,1789991840.03998
1134,1134,1789991840056647000,1789991840.056647
1135,1135,1789991840073313000,1789991840.073313
1136,1136,1789991840089980000,1789991840.08998
1137,1137,1789991840106647000,1789991840.106647
1138,1138,1789991840123313000,1789991840.123313
1139,1139,1789991840139980000,1789991840.13998
1140,1140,1789991840156647000,1789991840.156647
1141,1141,1789991840173313000,1789991840.173313
1142,1142,1789991840189980000,1789991840.18998
1143,1143,1789991840206647000,1789991840.206647
1144,1144,1789991840223313000,1789991840.223313
1145,1145,1789991840239980000,1789991840.23998
1146,1146,1789991840256647000,1789991840.256647
1147,1147,1789991840273313000,1789991840.273313
1148,1148,1789991840289980000,1789991840.28998
1149,1149,1789991840306647000,1789991840.306647
1150,1150,1789991840323313000,1789991840.323313
1151,1151,1789991840339980000,1789991840.33998
1152,1152,1789991840356647000,1789991840.356647
1153,1153,1789991840373313000,1789991840.373313
1154,1154,1789991840389980000,1789991840.38998
1155,1155,1789991840406647000,1789991840.406647
1156,1156,1789991840423313000,1789991840.423313
1157,1157,1789991840439980000,1789991840.43998
1158,1158,1789991840456647000,1789991840.456647
1159,1159,1789991840473313000,1789991840.473313
1160,1160,1789991840489980000,1789991840.48998
1161,1161,1789991840506647000,1789991840.506647
1162,1162,1789991840523313000,1789991840.523313
1163,1163,1789991840539980000,1789991840.53998
1164,1164,1789991840556647000,1789991840.556647
1165,1165,1789991840573313000,1789991840.573313
1166,1166,1789991840589980000,1789991840.58998
1167,1167,1789991840606647000,1789991840.606647
1168,1168,1789991840623313000,1789991840.623313
1169,1169,1789991840639980000,1789991840.63998
1170,1170,1789991840656647000,1789991840.656647
1171,1171,1789991840673313000,1789991840.673313
1172,1172,1789991840689980000,1789991840.68998
1173,1173,1789991840706647000,1789991840.706647
1174,1174,1789991840723313000,1789991840.723313
1175,1175,1789991840739980000,1789991840.73998
1176,1176,1789991840756647000,1789991840.756647
1177,1177,1789991840773313000,1789991840.773313
1178,1178,1789991840789980000,1789991840.78998
1179,1179,1789991840806647000,1789991840.806647
1180,1180,1789991840823313000,1789991840.823313
1181,1181,1789991840839980000,1789991840.83998
1182,1182,1789991840856647000,1789991840.856647
1183,1183,1789991840873313000,1789991840.873313
1184,1184,1789991840889980000,1789991840.88998
1185,1185,1789991840906647000,1789991840.906647
1186,1186,1789991840923313000,1789991840.923313
1187,1187,1789991840939980000,1789991840.93998
1188,1188,1789991840956647000,1789991840.956647
1189,1189,1789991840973313000,1789991840.973313
1190,1190,1789991840989980000,1789991840.98998
1191,1191,1789991841006647000,1789991841.006647
1192,1192,1789991841023313000,1789991841.023313
1193,1193,1789991841039980000,1789991841.03998
1194,1194,1789991841056647000,1789991841.056647
1195,1195,1789991841073313000,1789991841.073313
1196,1196,1789991841089980000,1789991841.08998
1197,1197,1789991841106647000,1789991841.106647
1198,1198,1789991841123313000,1789991841.123313
1199,1199,1789991841139980000,1789991841.13998
1200,1200,1789991841156647000,1789991841.156647
1201,1201,1789991841173313000,1789991841.173313
1202,1202,1789991841189980000,1789991841.18998
1203,1203,1789991841206647000,1789991841.206647
1204,1204,1789991841223313000,1789991841.223313
1205,1205,1789991841239980000,1789991841.23998
1206,1206,1789991841256647000,1789991841.256647
1207,1207,1789991841273313000,1789991841.273313
1208,1208,1789991841289980000,1789991841.28998
1209,1209,1789991841306647000,1789991841.306647
1210,1210,1789991841323313000,1789991841.323313
1211,1211,1789991841339980000,1789991841.33998
1212,1212,1789991841356647000,1789991841.356647
1213,1213,1789991841373313000,1789991841.373313
1214,1214,1789991841389980000,1789991841.38998
1215,1215,1789991841406647000,1789991841.406647
1216,1216,1789991841423313000,1789991841.423313
1217,1217,1789991841439980000,1789991841.43998
1218,1218,1789991841456647000,1789991841.456647
1219,1219,1789991841473313000,1789991841.473313
1220,1220,1789991841489980000,1789991841.48998
1221,1221,1789991841506647000,1789991841.506647
1222,1222,1789991841523313000,1789991841.523313
1223,1223,1789991841539980000,1789991841.53998
1224,1224,1789991841556647000,1789991841.556647
1225,1225,1789991841573313000,1789991841.573313
1226,1226,1789991841589980000,1789991841.58998
1227,1227,1789991841606647000,1789991841.606647
1228,1228,1789991841623313000,1789991841.623313
1229,1229,1789991841639980000,1789991841.63998
1230,1230,1789991841656647000,1789991841.656647
1231,1231,1789991841673313000,1789991841.673313
1232,1232,1789991841689980000,1789991841.68998
1233,1233,1789991841706647000,1789991841.706647
1234,1234,1789991841723313000,1789991841.723313
1235,1235,1789991841739980000,1789991841.73998
1236,1236,1789991841756647000,1789991841.756647
1237,1237,1789991841773313000,1789991841.773313
1238,1238,1789991841789980000,1789991841.78998
1239,1239,1789991841806647000,1789991841.806647
1240,1240,1789991841823313000,1789991841.823313
1241,1241,1789991841839980000,1789991841.83998
1242,1242,1789991841856647000,1789991841.856647
1243,1243,1789991841873313000,1789991841.873313
1244,1244,1789991841889980000,1789991841.88998
1245,1245,1789991841906647000,1789991841.906647
1246,1246,1789991841923313000,1789991841.923313
1247,1247,1789991841939980000,1789991841.93998
1248,1248,1789991841956647000,1789991841.956647
1249,1249,1789991841973313000,1789991841.973313
1250,1250,1789991841989980000,1789991841.98998
1251,1251,1789991842006647000,1789991842.006647
1252,1252,1789991842023313000,1789991842.023313
1253,1253,1789991842039980000,1789991842.03998
1254,1254,1789991842056647000,1789991842.056647
1255,1255,1789991842073313000,1789991842.073313
1256,1256,1789991842089980000,1789991842.08998
1257,1257,1789991842106647000,1789991842.106647
1258,1258,1789991842123313000,1789991842.123313
1259,1259,1789991842139980000,1789991842.13998
1260,1260,1789991842156647000,1789991842.156647
1261,1261,1789991842173313000,1789991842.173313
1262,1262,1789991842189980000,1789991842.18998
1263,1263,1789991842206647000,1789991842.206647
1264,1264,1789991842223313000,1789991842.223313
1265,1265,1789991842239980000,1789991842.23998
1266,1266,1789991842256647000,1789991842.256647
1267,1267,1789991842273313000,1789991842.273313
1268,1268,1789991842289980000,1789991842.28998
1269,1269,1789991842306647000,1789991842.306647
1270,1270,1789991842323313000,1789991842.323313
1271,1271,1789991842339980000,1789991842.33998
1272,1272,1789991842356647000,1789991842.356647
1273,1273,1789991842373313000,1789991842.373313
1274,1274,1789991842389980000,1789991842.38998
1275,1275,1789991842406647000,1789991842.406647
1276,1276,1789991842423313000,1789991842.423313
1277,1277,1789991842439980000,1789991842.43998
1278,1278,1789991842456647000,1789991842.456647
1279,1279,1789991842473313000,1789991842.473313
1280,1280,1789991842489980000,1789991842.48998
1281,1281,1789991842506647000,1789991842.506647
1282,1282,1789991842523313000,1789991842.523313
1283,1283,1789991842539980000,1789991842.53998
1284,1284,1789991842556647000,1789991842.556647
1285,1285,1789991842573313000,1789991842.573313
1286,1286,1789991842589980000,1789991842.58998
1287,1287,1789991842606647000,1789991842.606647
1288,1288,1789991842623313000,1789991842.623313
1289,1289,1789991842639980000,1789991842.63998
1290,1290,1789991842656647000,1789991842.656647
1291,1291,1789991842673313000,1789991842.673313
1292,1292,1789991842689980000,1789991842.68998
1293,1293,1789991842706647000,1789991842.706647
1294,1294,1789991842723313000,1789991842.723313
1295,1295,1789991842739980000,1789991842.73998
1296,1296,1789991842756647000,1789991842.756647
1297,1297,1789991842773313000,1789991842.773313
1298,1298,1789991842789980000,1789991842.78998
1299,1299,1789991842806647000,1789991842.806647
1300,1300,1789991842823313000,1789991842.823313
1301,1301,1789991842839980000,1789991842.83998
1302,1302,1789991842856647000,1789991842.856647
1303,1303,1789991842873313000,1789991842.873313
1304,1304,1789991842889980000,1789991842.88998
1305,1305,1789991842906647000,1789991842.906647
1306,1306,1789991842923313000,1789991842.923313
1307,1307,1789991842939980000,1789991842.93998
1308,1308,1789991842956647000,1789991842.956647
1309,1309,1789991842973313000,1789991842.973313
1310,1310,1789991842989980000,1789991842.98998
1311,1311,1789991843006647000,1789991843.006647
1312,1312,1789991843023313000,1789991843.023313
1313,1313,1789991843039980000,1789991843.03998
1314,1314,1789991843056647000,1789991843.056647
1315,1315,1789991843073313000,1789991843.073313
1316,1316,1789991843089980000,1789991843.08998
1317,1317,1789991843106647000,1789991843.106647
1318,1318,1789991843123313000,1789991843.123313
1319,1319,1789991843139980000,1789991843.13998
1320,1320,1789991843156647000,1789991843.156647
1321,1321,1789991843173313000,1789991843.173313
1322,1322,1789991843189980000,1789991843.18998
1323,1323,1789991843206647000,1789991843.206647
1324,1324,1789991843223313000,1789991843.223313
1325,1325,1789991843239980000,1789991843.23998
1326,1326,1789991843256647000,1789991843.256647
1327,1327,1789991843273313000,1789991843.273313
1328,1328,1789991843289980000,1789991843.28998
1329,1329,1789991843306647000,1789991843.306647
1330,1330,1789991843323313000,1789991843.323313
1331,1331,1789991843339980000,1789991843.33998
1332,1332,1789991843356647000,1789991843.356647
1333,1333,1789991843373313000,1789991843.373313
1334,1334,1789991843389980000,1789991843.38998
1335,1335,1789991843406647000,1789991843.406647
1336,1336,1789991843423313000,1789991843.423313
1337,1337,1789991843439980000,1789991843.43998
1338,1338,1789991843456647000,1789991843.456647
1339,1339,1789991843473313000,1789991843.473313
1340,1340,1789991843489980000,1789991843.48998
1341,1341,1789991843506647000,1789991843.506647
1342,1342,1789991843523313000,1789991843.523313
1343,1343,1789991843539980000,1789991843.53998
1344,1344,1789991843556647000,1789991843.556647
1345,1345,1789991843573313000,1789991843.573313
1346,1346,1789991843589980000,1789991843.58998
1347,1347,1789991843606647000,1789991843.606647
1348,1348,1789991843623313000,1789991843.623313
1349,1349,1789991843639980000,1789991843.63998
1350,1350,1789991843656647000,1789991843.656647
1351,1351,1789991843673313000,1789991843.673313
1352,1352,1789991843689980000,1789991843.68998
1353,1353,1789991843706647000,1789991843.706647
1354,1354,1789991843723313000,1789991843.723313
1355,1355,1789991843739980000,1789991843.73998
1356,1356,1789991843756647000,1789991843.756647
1357,1357,1789991843773313000,1789991843.773313
1358,1358,1789991843789980000,1789991843.78998
1359,1359,1789991843806647000,1789991843.806647
1360,1360,1789991843823313000,1789991843.823313
1361,1361,1789991843839980000,1789991843.83998
1362,1362,1789991843856647000,1789991843.856647
1363,1363,1789991843873313000,1789991843.873313
1364,1364,1789991843889980000,1789991843.88998
1365,1365,1789991843906647000,1789991843.906647
1366,1366,1789991843923313000,1789991843.923313
1367,1367,1789991843939980000,1789991843.93998
1368,1368,1789991843956647000,1789991843.956647
1369,1369,1789991843973313000,1789991843.973313
1370,1370,1789991843989980000,1789991843.98998
1371,1371,1789991844006647000,1789991844.006647
1372,1372,1789991844023313000,1789991844.023313
1373,1373,1789991844039980000,1789991844.03998
1374,1374,1789991844056647000,1789991844.056647
1375,1375,1789991844073313000,1789991844.073313
1376,1376,1789991844089980000,1789991844.08998
1377,1377,1789991844106647000,1789991844.106647
1378,1378,1789991844123313000,1789991844.123313
1379,1379,1789991844139980000,1789991844.13998
1380,1380,1789991844156647000,1789991844.156647
1381,1381,1789991844173313000,1789991844.173313
1382,1382,1789991844189980000,1789991844.18998
1383,1383,1789991844206647000,1789991844.206647
1384,1384,1789991844223313000,1789991844.223313
1385,1385,1789991844239980000,1789991844.23998
1386,1386,1789991844256647000,1789991844.256647
1387,1387,1789991844273313000,1789991844.273313
1388,1388,1789991844289980000,1789991844.28998
1389,1389,1789991844306647000,1789991844.306647
1390,1390,1789991844323313000,1789991844.323313
1391,1391,1789991844339980000,1789991844.33998
1392,1392,1789991844356647000,1789991844.356647
1393,1393,1789991844373313000,1789991844.373313
1394,1394,1789991844389980000,1789991844.38998
1395,1395,1789991844406647000,1789991844.406647
1396,1396,1789991844423313000,1789991844.423313
1397,1397,1789991844439980000,1789991844.43998
1398,1398,1789991844456647000,1789991844.456647
1399,1399,1789991844473313000,1789991844.473313
1400,1400,1789991844489980000,1789991844.48998
1401,1401,1789991844506647000,1789991844.506647
1402,1402,1789991844523313000,1789991844.523313
1403,1403,1789991844539980000,1789991844.53998
1404,1404,1789991844556647000,1789991844.556647
1405,1405,1789991844573313000,1789991844.573313
1406,1406,1789991844589980000,1789991844.58998
1407,1407,1789991844606647000,1789991844.606647
1408,1408,1789991844623313000,1789991844.623313
1409,1409,1789991844639980000,1789991844.63998
1410,1410,1789991844656647000,1789991844.656647
1411,1411,1789991844673313000,1789991844.673313
1412,1412,1789991844689980000,1789991844.68998
1413,1413,1789991844706647000,1789991844.706647
1414,1414,1789991844723313000,1789991844.723313
1415,1415,1789991844739980000,1789991844.73998
1416,1416,1789991844756647000,1789991844.756647
1417,1417,1789991844773313000,1789991844.773313
1418,1418,1789991844789980000,1789991844.78998
1419,1419,1789991844806647000,1789991844.806647
1420,1420,1789991844823313000,1789991844.823313
1421,1421,1789991844839980000,1789991844.83998
1422,1422,1789991844856647000,1789991844.856647
1423,1423,1789991844873313000,1789991844.873313
1424,1424,1789991844889980000,1789991844.88998
1425,1425,1789991844906647000,1789991844.906647
1426,1426,1789991844923313000,1789991844.923313
1427,1427,1789991844939980000,1789991844.93998
1428,1428,1789991844956647000,1789991844.956647
1429,1429,1789991844973313000,1789991844.973313
1430,1430,1789991844989980000,1789991844.98998
1431,1431,1789991845006647000,1789991845.006647
1432,1432,1789991845023313000,1789991845.023313
1433,1433,1789991845039980000,1789991845.03998
1434,1434,1789991845056647000,1789991845.056647
1435,1435,1789991845073313000,1789991845.073313
1436,1436,1789991845089980000,1789991845.08998
1437,1437,1789991845106647000,1789991845.106647
1438,1438,1789991845123313000,1789991845.123313
1439,1439,1789991845139980000,1789991845.13998
1440,1440,1789991845156647000,1789991845.156647
1441,1441,1789991845173313000,1789991845.173313
1442,1442,1789991845189980000,1789991845.18998
1443,1443,1789991845206647000,1789991845.206647
1444,1444,1789991845223313000,1789991845.223313
1445,1445,1789991845239980000,1789991845.23998
1446,1446,1789991845256647000,1789991845.256647
1447,1447,1789991845273313000,1789991845.273313
1448,1448,1789991845289980000,1789991845.28998
1449,1449,1789991845306647000,1789991845.306647
1450,1450,1789991845323313000,1789991845.323313
1451,1451,1789991845339980000,1789991845.33998
1452,1452,1789991845356647000,1789991845.356647
1453,1453,1789991845373313000,1789991845.373313
1454,1454,1789991845389980000,1789991845.38998
1455,1455,1789991845406647000,1789991845.406647
1456,1456,1789991845423313000,1789991845.423313
1457,1457,1789991845439980000,1789991845.43998
1458,1458,1789991845456647000,1789991845.456647
1459,1459,1789991845473313000,1789991845.473313
1460,1460,1789991845489980000,1789991845.48998
1461,1461,1789991845506647000,1789991845.506647
1462,1462,1789991845523313000,1789991845.523313
1463,1463,1789991845539980000,1789991845.53998
1464,1464,1789991845556647000,1789991845.556647
1465,1465,1789991845573313000,1789991845.573313
1466,1466,1789991845589980000,1789991845.58998
1467,1467,1789991845606647000,1789991845.606647
1468,1468,1789991845623313000,1789991845.623313
1469,1469,1789991845639980000,1789991845.63998
1470,1470,1789991845656647000,1789991845.656647
1471,1471,1789991845673313000,1789991845.673313
1472,1472,1789991845689980000,1789991845.68998
1473,1473,1789991845706647000,1789991845.706647
1474,1474,1789991845723313000,1789991845.723313
1475,1475,1789991845739980000,1789991845.73998
1476,1476,1789991845756647000,1789991845.756647
1477,1477,1789991845773313000,1789991845.773313
1478,1478,1789991845789980000,1789991845.78998
1479,1479,1789991845806647000,1789991845.806647
1480,1480,1789991845823313000,1789991845.823313
1481,1481,1789991845839980000,1789991845.83998
1482,1482,1789991845856647000,1789991845.856647
1483,1483,1789991845873313000,1789991845.873313
1484,1484,1789991845889980000,1789991845.88998
1485,1485,1789991845906647000,1789991845.906647
1486,1486,1789991845923313000,1789991845.923313
1487,1487,1789991845939980000,1789991845.93998
1488,1488,1789991845956647000,1789991845.956647
1489,1489,1789991845973313000,1789991845.973313
1490,1490,1789991846006647000,1789991846.006647
1491,1491,1789991846023313000,1789991846.023313
1492,1492,1789991846039980000,1789991846.03998
1493,1493,1789991846056647000,1789991846.056647
1494,1494,1789991846073313000,1789991846.073313
1495,1495,1789991846089980000,1789991846.08998
1496,1496,1789991846106647000,1789991846.106647
1497,1497,1789991846123313000,1789991846.123313
1498,1498,1789991846139980000,1789991846.13998
1499,1499,1789991846156647000,1789991846.156647
1500,1500,1789991846173313000,1789991846.173313
1501,1501,1789991846189980000,1789991846.18998
1502,1502,1789991846206647000,1789991846.206647
1503,1503,1789991846223313000,1789991846.223313
1504,1504,1789991846239980000,1789991846.23998
1505,1505,1789991846256647000,1789991846.256647
1506,1506,1789991846273313000,1789991846.273313
1507,1507,1789991846289980000,1789991846.28998
1508,1508,1789991846306647000,1789991846.306647
1509,1509,1789991846323313000,1789991846.323313
1510,1510,1789991846339980000,1789991846.33998
1511,1511,1789991846356647000,1789991846.356647
1512,1512,1789991846373313000,1789991846.373313
1513,1513,1789991846389980000,1789991846.38998
1514,1514,1789991846406647000,1789991846.406647
1515,1515,1789991846423313000,1789991846.423313
1516,1516,1789991846439980000,1789991846.43998
1517,1517,1789991846456647000,1789991846.456647
1518,1518,1789991846473313000,1789991846.473313
1519,1519,1789991846489980000,1789991846.48998
1520,1520,1789991846506647000,1789991846.506647
1521,1521,1789991846523313000,1789991846.523313
1522,1522,1789991846539980000,1789991846.53998
1523,1523,1789991846556647000,1789991846.556647
1524,1524,1789991846573313000,1789991846.573313
1525,1525,1789991846589980000,1789991846.58998
1526,1526,1789991846606647000,1789991846.606647
1527,1527,1789991846623313000,1789991846.623313
1528,1528,1789991846639980000,1789991846.63998
1529,1529,1789991846656647000,1789991846.656647
1530,1530,1789991846673313000,1789991846.673313
1531,1531,1789991846689980000,1789991846.68998
1532,1532,1789991846706647000,1789991846.706647
1533,1533,1789991846723313000,1789991846.723313
1534,1534,1789991846739980000,1789991846.73998
1535,1535,1789991846756647000,1789991846.756647
1536,1536,1789991846773313000,1789991846.773313
1537,1537,1789991846789980000,1789991846.78998
1538,1538,1789991846806647000,1789991846.806647
1539,1539,1789991846823313000,1789991846.823313
1540,1540,1789991846839980000,1789991846.83998
1541,1541,1789991846856647000,1789991846.856647
1542,1542,1789991846873313000,1789991846.873313
1543,1543,1789991846889980000,1789991846.88998
1544,1544,1789991846906647000,1789991846.906647
1545,1545,1789991846923313000,1789991846.923313
1546,1546,1789991846939980000,1789991846.93998
1547,1547,1789991846956647000,1789991846.956647
1548,1548,1789991846973313000,1789991846.973313
1549,1549,1789991846989980000,1789991846.98998
1550,1550,1789991847006647000,1789991847.006647
1551,1551,1789991847023313000,1789991847.023313
1552,1552,1789991847039980000,1789991847.03998
1553,1553,1789991847056647000,1789991847.056647
1554,1554,1789991847073313000,1789991847.073313
1555,1555,1789991847089980000,1789991847.08998
1556,1556,1789991847106647000,1789991847.106647
1557,1557,1789991847123313000,1789991847.123313
1558,1558,1789991847139980000,1789991847.13998
1559,1559,1789991847156647000,1789991847.156647
1560,1560,1789991847173313000,1789991847.173313
1561,1561,1789991847189980000,1789991847.18998
1562,1562,1789991847206647000,1789991847.206647
1563,1563,1789991847223313000,1789991847.223313
1564,1564,1789991847239980000,1789991847.23998
1565,1565,1789991847256647000,1789991847.256647
1566,1566,1789991847273313000,1789991847.273313
1567,1567,1789991847289980000,1789991847.28998
1568,1568,1789991847306647000,1789991847.306647
1569,1569,1789991847323313000,1789991847.323313
1570,1570,1789991847339980000,1789991847.33998
1571,1571,1789991847356647000,1789991847.356647
1572,1572,1789991847373313000,1789991847.373313
1573,1573,1789991847389980000,1789991847.38998
1574,1574,1789991847406647000,1789991847.406647
1575,1575,1789991847423313000,1789991847.423313
1576,1576,1789991847439980000,1789991847.43998
1577,1577,1789991847456647000,1789991847.456647
1578,1578,1789991847473313000,1789991847.473313
1579,1579,1789991847489980000,1789991847.48998
1580,1580,1789991847506647000,1789991847.506647
1581,1581,1789991847523313000,1789991847.523313
1582,1582,1789991847539980000,1789991847.53998
1583,1583,1789991847556647000,1789991847.556647
1584,1584,1789991847573313000,1789991847.573313
1585,1585,1789991847589980000,1789991847.58998
1586,1586,1789991847606647000,1789991847.606647
1587,1587,1789991847623313000,1789991847.623313
1588,1588,1789991847639980000,1789991847.63998
1589,1589,1789991847656647000,1789991847.656647
1590,1590,1789991847673313000,1789991847.673313
1591,1591,1789991847689980000,1789991847.68998
1592,1592,1789991847706647000,1789991847.706647
1593,1593,1789991847723313000,1789991847.723313
1594,1594,1789991847739980000,1789991847.73998
1595,1595,1789991847756647000,1789991847.756647
1596,1596,1789991847773313000,1789991847.773313
1597,1597,1789991847789980000,1789991847.78998
1598,1598,1789991847806647000,1789991847.806647
1599,1599,1789991847823313000,1789991847.823313
1600,1600,1789991847839980000,1789991847.83998
1601,1601,1789991847856647000,1789991847.856647
1602,1602,1789991847873313000,1789991847.873313
1603,1603,1789991847889980000,1789991847.88998
1604,1604,1789991847906647000,1789991847.906647
1605,1605,1789991847923313000,1789991847.923313
1606,1606,1789991847939980000,1789991847.93998
1607,1607,1789991847956647000,1789991847.956647
1608,1608,1789991847973313000,1789991847.973313
1609,1609,1789991847989980000,1789991847.98998
1610,1610,1789991848006647000,1789991848.006647
1611,1611,1789991848023313000,1789991848.023313
1612,1612,1789991848039980000,1789991848.03998
1613,1613,1789991848056647000,1789991848.056647
1614,1614,1789991848073313000,1789991848.073313
1615,1615,1789991848089980000,1789991848.08998
1616,1616,1789991848106647000,1789991848.106647
1617,1617,1789991848123313000,1789991848.123313
1618,1618,1789991848139980000,1789991848.13998
1619,1619,1789991848156647000,1789991848.156647
1620,1620,1789991848173313000,1789991848.173313
1621,1621,1789991848189980000,1789991848.18998
1622,1622,1789991848206647000,1789991848.206647
1623,1623,1789991848223313000,1789991848.223313
1624,1624,1789991848239980000,1789991848.23998
1625,1625,1789991848256647000,1789991848.256647
1626,1626,1789991848273313000,1789991848.273313
1627,1627,1789991848289980000,1789991848.28998
1628,1628,1789991848306647000,1789991848.306647
1629,1629,1789991848323313000,1789991848.323313
1630,1630,1789991848339980000,1789991848.33998
1631,1631,1789991848356647000,1789991848.356647
1632,1632,1789991848373313000,1789991848.373313
1633,1633,1789991848389980000,1789991848.38998
1634,1634,1789991848406647000,1789991848.406647
1635,1635,1789991848423313000,1789991848.423313
1636,1636,1789991848439980000,1789991848.43998
1637,1637,1789991848456647000,1789991848.456647
1638,1638,1789991848473313000,1789991848.473313
1639,1639,1789991848489980000,1789991848.48998
1640,1640,1789991848506647000,1789991848.506647
1641,1641,1789991848523313000,1789991848.523313
1642,1642,1789991848539980000,1789991848.53998
1643,1643,1789991848556647000,1789991848.556647
1644,1644,1789991848573313000,1789991848.573313
1645,1645,1789991848589980000,1789991848.58998
1646,1646,1789991848606647000,1789991848.606647
1647,1647,1789991848623313000,1789991848.623313
1648,1648,1789991848639980000,1789991848.63998
1649,1649,1789991848656647000,1789991848.656647
1650,1650,1789991848673313000,1789991848.673313
1651,1651,1789991848689980000,1789991848.68998
1652,1652,1789991848706647000,1789991848.706647
1653,1653,1789991848723313000,1789991848.723313
1654,1654,1789991848739980000,1789991848.73998
1655,1655,1789991848756647000,1789991848.756647
1656,1656,1789991848773313000,1789991848.773313
1657,1657,1789991848789980000,1789991848.78998
1658,1658,1789991848806647000,1789991848.806647
1659,1659,1789991848823313000,1789991848.823313
1660,1660,1789991848839980000,1789991848.83998
1661,1661,1789991848856647000,1789991848.856647
1662,1662,1789991848873313000,1789991848.873313
1663,1663,1789991848889980000,1789991848.88998
1664,1664,1789991848906647000,1789991848.906647
1665,1665,1789991848923313000,1789991848.923313
1666,1666,1789991848939980000,1789991848.93998
1667,1667,1789991848956647000,1789991848.956647
1668,1668,1789991848973313000,1789991848.973313
1669,1669,1789991848989980000,1789991848.98998
1670,1670,1789991849006647000,1789991849.006647
1671,1671,1789991849023313000,1789991849.023313
1672,1672,1789991849039980000,1789991849.03998
1673,1673,1789991849056647000,1789991849.056647
1674,1674,1789991849073313000,1789991849.073313
1675,1675,1789991849089980000,1789991849.08998
1676,1676,1789991849106647000,1789991849.106647
1677,1677,1789991849123313000,1789991849.123313
1678,1678,1789991849139980000,1789991849.13998
1679,1679,1789991849156647000,1789991849.156647
1680,1680,1789991849173313000,1789991849.173313
1681,1681,1789991849189980000,1789991849.18998
1682,1682,1789991849206647000,1789991849.206647
1683,1683,1789991849223313000,1789991849.223313
1684,1684,1789991849239980000,1789991849.23998
1685,1685,1789991849256647000,1789991849.256647
1686,1686,1789991849273313000,1789991849.273313
1687,1687,1789991849289980000,1789991849.28998
1688,1688,1789991849306647000,1789991849.306647
1689,1689,1789991849323313000,1789991849.323313
1690,1690,1789991849339980000,1789991849.33998
1691,1691,1789991849356647000,1789991849.356647
1692,1692,1789991849373313000,1789991849.373313
1693,1693,1789991849389980000,1789991849.38998
1694,1694,1789991849406647000,1789991849.406647
1695,1695,1789991849423313000,1789991849.423313
1696,1696,1789991849439980000,1789991849.43998
1697,1697,1789991849456647000,1789991849.456647
1698,1698,1789991849473313000,1789991849.473313
1699,1699,1789991849489980000,1789991849.48998
1700,1700,1789991849506647000,1789991849.506647
1701,1701,1789991849523313000,1789991849.523313
1702,1702,1789991849539980000,1789991849.53998
1703,1703,1789991849556647000,1789991849.556647
1704,1704,1789991849573313000,1789991849.573313
1705,1705,1789991849589980000,1789991849.58998
1706,1706,1789991849606647000,1789991849.606647
1707,1707,1789991849623313000,1789991849.623313
1708,1708,1789991849639980000,1789991849.63998
1709,1709,1789991849656647000,1789991849.656647
1710,1710,1789991849673313000,1789991849.673313
1711,1711,1789991849689980000,1789991849.68998
1712,1712,1789991849706647000,1789991849.706647
1713,1713,1789991849723313000,1789991849.723313
1714,1714,1789991849739980000,1789991849.73998
1715,1715,1789991849756647000,1789991849.756647
1716,1716,1789991849773313000,1789991849.773313
1717,1717,1789991849789980000,1789991849.78998
1718,1718,1789991849806647000,1789991849.806647
1719,1719,1789991849823313000,1789991849.823313
1720,1720,1789991849839980000,1789991849.83998
1721,1721,1789991849856647000,1789991849.856647
1722,1722,1789991849873313000,1789991849.873313
1723,1723,1789991849889980000,1789991849.88998
1724,1724,1789991849906647000,1789991849.906647
1725,1725,1789991849923313000,1789991849.923313
1726,1726,1789991849939980000,1789991849.93998
1727,1727,1789991849956647000,1789991849.956647
1728,1728,1789991849973313000,1789991849.973313
1729,1729,1789991849989980000,1789991849.98998
1730,1730,1789991850006647000,1789991850.006647
1731,1731,1789991850023313000,1789991850.023313
1732,1732,1789991850039980000,1789991850.03998
1733,1733,1789991850056647000,1789991850.056647
1734,1734,1789991850073313000,1789991850.073313
1735,1735,1789991850089980000,1789991850.08998
1736,1736,1789991850106647000,1789991850.106647
1737,1737,1789991850123313000,1789991850.123313
1738,1738,1789991850139980000,1789991850.13998
1739,1739,1789991850156647000,1789991850.156647
1740,1740,1789991850173313000,1789991850.173313
1741,1741,1789991850189980000,1789991850.18998
1742,1742,1789991850206647000,1789991850.206647
1743,1743,1789991850223313000,1789991850.223313
1744,1744,1789991850239980000,1789991850.23998
1745,1745,1789991850256647000,1789991850.256647
1746,1746,1789991850273313000,1789991850.273313
1747,1747,1789991850289980000,1789991850.28998
1748,1748,1789991850306647000,1789991850.306647
1749,1749,1789991850323313000,1789991850.323313
1750,1750,1789991850339980000,1789991850.33998
1751,1751,1789991850356647000,1789991850.356647
1752,1752,1789991850373313000,1789991850.373313
1753,1753,1789991850389980000,1789991850.38998
1754,1754,1789991850406647000,1789991850.406647
1755,1755,1789991850423313000,1789991850.423313
1756,1756,1789991850439980000,1789991850.43998
1757,1757,1789991850456647000,1789991850.456647
1758,1758,1789991850473313000,1789991850.473313
1759,1759,1789991850489980000,1789991850.48998
1760,1760,1789991850506647000,1789991850.506647
1761,1761,1789991850523313000,1789991850.523313
1762,1762,1789991850539980000,1789991850.53998
1763,1763,1789991850556647000,1789991850.556647
1764,1764,1789991850573313000,1789991850.573313
1765,1765,1789991850589980000,1789991850.58998
1766,1766,1789991850606647000,1789991850.606647
1767,1767,1789991850623313000,1789991850.623313
1768,1768,1789991850639980000,1789991850.63998
1769,1769,1789991850656647000,1789991850.656647
1770,1770,1789991850673313000,1789991850.673313
1771,1771,1789991850689980000,1789991850.68998
1772,1772,1789991850706647000,1789991850.706647
1773,1773,1789991850723313000,1789991850.723313
1774,1774,1789991850739980000,1789991850.73998
1775,1775,1789991850756647000,1789991850.756647
1776,1776,1789991850773313000,1789991850.773313
1777,1777,1789991850789980000,1789991850.78998
1778,1778,1789991850806647000,1789991850.806647
1779,1779,1789991850823313000,1789991850.823313
1780,1780,1789991850839980000,1789991850.83998
1781,1781,1789991850856647000,1789991850.856647
1782,1782,1789991850873313000,1789991850.873313
1783,1783,1789991850889980000,1789991850.88998
1784,1784,1789991850906647000,1789991850.906647
1785,1785,1789991850923313000,1789991850.923313
1786,1786,1789991850939980000,1789991850.93998
1787,1787,1789991850956647000,1789991850.956647
1788,1788,1789991850973313000,1789991850.973313
1789,1789,1789991850989980000,1789991850.98998
1790,1790,1789991851006647000,1789991851.006647
1791,1791,1789991851023313000,1789991851.023313
1792,1792,1789991851039980000,1789991851.03998
1793,1793,1789991851056647000,1789991851.056647
1794,1794,1789991851073313000,1789991851.073313
1795,1795,1789991851089980000,1789991851.08998
1796,1796,1789991851106647000,1789991851.106647
1797,1797,1789991851123313000,1789991851.123313
1798,1798,1789991851139980000,1789991851.13998
1799,1799,1789991851156647000,1789991851.156647
1800,1800,1789991851173313000,1789991851.173313
1801,1801,1789991851189980000,1789991851.18998
1802,1802,1789991851206647000,1789991851.206647
1803,1803,1789991851223313000,1789991851.223313
1804,1804,1789991851239980000,1789991851.23998
1805,1805,1789991851256647000,1789991851.256647
1806,1806,1789991851273313000,1789991851.273313
1807,1807,1789991851289980000,1789991851.28998
1808,1808,1789991851306647000,1789991851.306647
1809,1809,1789991851323313000,1789991851.323313
1810,1810,1789991851339980000,1789991851.33998
1811,1811,1789991851356647000,1789991851.356647
1812,1812,1789991851373313000,1789991851.373313
1813,1813,1789991851389980000,1789991851.38998
1814,1814,1789991851406647000,1789991851.406647
1815,1815,1789991851423313000,1789991851.423313
1816,1816,1789991851439980000,1789991851.43998
1817,1817,1789991851456647000,1789991851.456647
1818,1818,1789991851473313000,1789991851.473313
1819,1819,1789991851489980000,1789991851.48998
1820,1820,1789991851506647000,1789991851.506647
1821,1821,1789991851523313000,1789991851.523313
1822,1822,1789991851539980000,1789991851.53998
1823,1823,1789991851556647000,1789991851.556647
1824,1824,1789991851573313000,1789991851.573313
1825,1825,1789991851589980000,1789991851.58998
1826,1826,1789991851606647000,1789991851.606647
1827,1827,1789991851623313000,1789991851.623313
1828,1828,1789991851639980000,1789991851.63998
1829,1829,1789991851656647000,1789991851.656647
1830,1830,1789991851673313000,1789991851.673313
1831,1831,1789991851689980000,1789991851.68998
1832,1832,1789991851706647000,1789991851.706647
1833,1833,1789991851723313000,1789991851.723313
1834,1834,1789991851739980000,1789991851.73998
1835,1835,1789991851756647000,1789991851.756647
1836,1836,1789991851773313000,1789991851.773313
1837,1837,1789991851789980000,1789991851.78998
1838,1838,1789991851806647000,1789991851.806647
1839,1839,1789991851823313000,1789991851.823313
1840,1840,1789991851839980000,1789991851.83998
1841,1841,1789991851856647000,1789991851.856647
1842,1842,1789991851873313000,1789991851.873313
1843,1843,1789991851889980000,1789991851.88998
1844,1844,1789991851906647000,1789991851.906647
1845,1845,1789991851923313000,1789991851.923313
1846,1846,1789991851939980000,1789991851.93998
1847,1847,1789991851956647000,1789991851.956647
1848,1848,1789991851973313000,1789991851.973313
1849,1849,1789991851989980000,1789991851.98998
1850,1850,1789991852006647000,1789991852.006647
1851,1851,1789991852023313000,1789991852.023313
1852,1852,1789991852039980000,1789991852.03998
1853,1853,1789991852056647000,1789991852.056647
1854,1854,1789991852073313000,1789991852.073313
1855,1855,1789991852089980000,1789991852.08998
1856,1856,1789991852106647000,1789991852.106647
1857,1857,1789991852123313000,1789991852.123313
1858,1858,1789991852139980000,1789991852.13998
1859,1859,1789991852156647000,1789991852.156647
1860,1860,1789991852173313000,1789991852.173313
1861,1861,1789991852189980000,1789991852.18998
1862,1862,1789991852206647000,1789991852.206647
1863,1863,1789991852223313000,1789991852.223313
1864,1864,1789991852239980000,1789991852.23998
1865,1865,1789991852256647000,1789991852.256647
1866,1866,1789991852273313000,1789991852.273313
1867,1867,1789991852289980000,1789991852.28998
1868,1868,1789991852306647000,1789991852.306647
1869,1869,1789991852323313000,1789991852.323313
1870,1870,1789991852339980000,1789991852.33998
1871,1871,1789991852356647000,1789991852.356647
1872,1872,1789991852373313000,1789991852.373313
1873,1873,1789991852389980000,1789991852.38998
1874,1874,1789991852406647000,1789991852.406647
1875,1875,1789991852423313000,1789991852.423313
1876,1876,1789991852439980000,1789991852.43998
1877,1877,1789991852456647000,1789991852.456647
1878,1878,1789991852473313000,1789991852.473313
1879,1879,1789991852489980000,1789991852.48998
1880,1880,1789991852506647000,1789991852.506647
1881,1881,1789991852523313000,1789991852.523313
1882,1882,1789991852539980000,1789991852.53998
1883,1883,1789991852556647000,1789991852.556647
1884,1884,1789991852573313000,1789991852.573313
1885,1885,1789991852589980000,1789991852.58998
1886,1886,1789991852606647000,1789991852.606647
1887,1887,1789991852623313000,1789991852.623313
1888,1888,1789991852639980000,1789991852.63998
1889,1889,1789991852656647000,1789991852.656647
1890,1890,1789991852673313000,1789991852.673313
1891,1891,1789991852689980000,1789991852.68998
1892,1892,1789991852706647000,1789991852.706647
1893,1893,1789991852723313000,1789991852.723313
1894,1894,1789991852739980000,1789991852.73998
1895,1895,1789991852756647000,1789991852.756647
1896,1896,1789991852773313000,1789991852.773313
1897,1897,1789991852789980000,1789991852.78998
1898,1898,1789991852806647000,1789991852.806647
1899,1899,1789991852823313000,1789991852.823313
1900,1900,1789991852839980000,1789991852.83998
1901,1901,1789991852856647000,1789991852.856647
1902,1902,1789991852873313000,1789991852.873313
1903,1903,1789991852889980000,1789991852.88998
1904,1904,1789991852906647000,1789991852.906647
1905,1905,1789991852923313000,1789991852.923313
1906,1906,1789991852939980000,1789991852.93998
1907,1907,1789991852956647000,1789991852.956647
1908,1908,1789991852973313000,1789991852.973313
1909,1909,1789991852989980000,1789991852.98998
1910,1910,1789991853006647000,1789991853.006647
1911,1911,1789991853023313000,1789991853.023313
1912,1912,1789991853039980000,1789991853.03998
1913,1913,1789991853056647000,1789991853.056647
1914,1914,1789991853073313000,1789991853.073313
1915,1915,1789991853089980000,1789991853.08998
1916,1916,1789991853106647000,1789991853.106647
1917,1917,1789991853123313000,1789991853.123313
1918,1918,1789991853139980000,1789991853.13998
1919,1919,1789991853156647000,1789991853.156647
1920,1920,1789991853173313000,1789991853.173313
1921,1921,1789991853189980000,1789991853.18998
1922,1922,1789991853206647000,1789991853.206647
1923,1923,1789991853223313000,1789991853.223313
1924,1924,1789991853239980000,1789991853.23998
1925,1925,1789991853256647000,1789991853.256647
1926,1926,1789991853273313000,1789991853.273313
1927,1927,1789991853289980000,1789991853.28998
1928,1928,1789991853306647000,1789991853.306647
1929,1929,1789991853323313000,1789991853.323313
1930,1930,1789991853339980000,1789991853.33998
1931,1931,1789991853356647000,1789991853.356647
1932,1932,1789991853373313000,1789991853.373313
1933,1933,1789991853389980000,1789991853.38998
1934,1934,1789991853406647000,1789991853.406647
1935,1935,1789991853423313000,1789991853.423313
1936,1936,1789991853439980000,1789991853.43998
1937,1937,1789991853456647000,1789991853.456647
1938,1938,1789991853473313000,1789991853.473313
1939,1939,1789991853489980000,1789991853.48998
1940,1940,1789991853506647000,1789991853.506647
1941,1941,1789991853523313000,1789991853.523313
1942,1942,1789991853539980000,1789991853.53998
1943,1943,1789991853556647000,1789991853.556647
1944,1944,1789991853573313000,1789991853.573313
1945,1945,1789991853589980000,1789991853.58998
1946,1946,1789991853606647000,1789991853.606647
1947,1947,1789991853623313000,1789991853.623313
1948,1948,1789991853639980000,1789991853.63998
1949,1949,1789991853656647000,1789991853.656647
1950,1950,1789991853673313000,1789991853.673313
1951,1951,1789991853689980000,1789991853.68998
1952,1952,1789991853706647000,1789991853.706647
1953,1953,1789991853723313000,1789991853.723313
1954,1954,1789991853739980000,1789991853.73998
1955,1955,1789991853756647000,1789991853.756647
1956,1956,1789991853773313000,1789991853.773313
1957,1957,1789991853789980000,1789991853.78998
1958,1958,1789991853806647000,1789991853.806647
1959,1959,1789991853823313000,1789991853.823313
1960,1960,1789991853839980000,1789991853.83998
1961,1961,1789991853856647000,1789991853.856647
1962,1962,1789991853873313000,1789991853.873313
1963,1963,1789991853889980000,1789991853.88998
1964,1964,1789991853906647000,1789991853.906647
1965,1965,1789991853923313000,1789991853.923313
1966,1966,1789991853939980000,1789991853.93998
1967,1967,1789991853956647000,1789991853.956647
1968,1968,1789991853973313000,1789991853.973313
1969,1969,1789991853989980000,1789991853.98998
1970,1970,1789991854006647000,1789991854.006647
1971,1971,1789991854023313000,1789991854.023313
1972,1972,1789991854039980000,1789991854.03998
1973,1973,1789991854056647000,1789991854.056647
1974,1974,1789991854073313000,1789991854.073313
1975,1975,1789991854089980000,1789991854.08998
1976,1976,1789991854106647000,1789991854.106647
1977,1977,1789991854123313000,1789991854.123313
1978,1978,1789991854139980000,1789991854.13998
1979,1979,1789991854156647000,1789991854.156647
1980,1980,1789991854173313000,1789991854.173313
1981,1981,1789991854189980000,1789991854.18998
1982,1982,1789991854206647000,1789991854.206647
1983,1983,1789991854223313000,1789991854.223313
1984,1984,1789991854239980000,1789991854.23998
1985,1985,1789991854256647000,1789991854.256647
1986,1986,1789991854273313000,1789991854.273313
1987,1987,1789991854289980000,1789991854.28998
1988,1988,1789991854306647000,1789991854.306647
1989,1989,1789991854323313000,1789991854.323313
1990,1990,1789991854339980000,1789991854.33998
1991,1991,1789991854356647000,1789991854.356647
1992,1992,1789991854373313000,1789991854.373313
1993,1993,1789991854389980000,1789991854.38998
1994,1994,1789991854406647000,1789991854.406647
1995,1995,1789991854423313000,1789991854.423313
1996,1996,1789991854439980000,1789991854.43998
1997,1997,1789991854456647000,1789991854.456647
1998,1998,1789991854473313000,1789991854.473313
1999,1999,1789991854489980000,1789991854.48998
2000,2000,1789991854506647000,1789991854.506647
2001,2001,1789991854523313000,1789991854.523313
2002,2002,1789991854539980000,1789991854.53998
2003,2003,1789991854556647000,1789991854.556647
2004,2004,1789991854573313000,1789991854.573313
2005,2005,1789991854589980000,1789991854.58998
2006,2006,1789991854606647000,1789991854.606647
2007,2007,1789991854623313000,1789991854.623313
2008,2008,1789991854639980000,1789991854.63998
2009,2009,1789991854656647000,1789991854.656647
2010,2010,1789991854673313000,1789991854.673313
2011,2011,1789991854689980000,1789991854.68998
2012,2012,1789991854706647000,1789991854.706647
2013,2013,1789991854723313000,1789991854.723313
2014,2014,1789991854739980000,1789991854.73998
2015,2015,1789991854756647000,1789991854.756647
2016,2016,1789991854773313000,1789991854.773313
2017,2017,1789991854789980000,1789991854.78998
2018,2018,1789991854806647000,1789991854.806647
2019,2019,1789991854823313000,1789991854.823313
2020,2020,1789991854839980000,1789991854.83998
2021,2021,1789991854856647000,1789991854.856647
2022,2022,1789991854873313000,1789991854.873313
2023,2023,1789991854889980000,1789991854.88998
2024,2024,1789991854906647000,1789991854.906647
2025,2025,1789991854923313000,1789991854.923313
2026,2026,1789991854939980000,1789991854.93998
2027,2027,1789991854956647000,1789991854.956647
2028,2028,1789991854973313000,1789991854.973313
2029,2029,1789991854989980000,1789991854.98998
2030,2030,1789991855006647000,1789991855.006647
2031,2031,1789991855023313000,1789991855.023313
2032,2032,1789991855039980000,1789991855.03998
2033,2033,1789991855056647000,1789991855.056647
2034,2034,1789991855073313000,1789991855.073313
2035,2035,1789991855089980000,1789991855.08998
2036,2036,1789991855106647000,1789991855.106647
2037,2037,1789991855123313000,1789991855.123313
2038,2038,1789991855139980000,1789991855.13998
2039,2039,1789991855156647000,1789991855.156647
2040,2040,1789991855173313000,1789991855.173313
2041,2041,1789991855189980000,1789991855.18998
2042,2042,1789991855206647000,1789991855.206647
2043,2043,1789991855223313000,1789991855.223313
2044,2044,1789991855239980000,1789991855.23998
2045,2045,1789991855256647000,1789991855.256647
2046,2046,1789991855273313000,1789991855.273313
2047,2047,1789991855289980000,1789991855.28998
2048,2048,1789991855306647000,1789991855.306647
2049,2049,1789991855323313000,1789991855.323313
2050,2050,1789991855339980000,1789991855.33998
2051,2051,1789991855356647000,1789991855.356647
2052,2052,1789991855373313000,1789991855.373313
2053,2053,1789991855389980000,1789991855.38998
2054,2054,1789991855406647000,1789991855.406647
2055,2055,1789991855423313000,1789991855.423313
2056,2056,1789991855439980000,1789991855.43998
2057,2057,1789991855456647000,1789991855.456647
2058,2058,1789991855473313000,1789991855.473313
2059,2059,1789991855489980000,1789991855.48998
2060,2060,1789991855506647000,1789991855.506647
2061,2061,1789991855523313000,1789991855.523313
2062,2062,1789991855539980000,1789991855.53998
2063,2063,1789991855556647000,1789991855.556647
2064,2064,1789991855573313000,1789991855.573313
2065,2065,1789991855589980000,1789991855.58998
2066,2066,1789991855606647000,1789991855.606647
2067,2067,1789991855623313000,1789991855.623313
2068,2068,1789991855639980000,1789991855.63998
2069,2069,1789991855656647000,1789991855.656647
2070,2070,1789991855673313000,1789991855.673313
2071,2071,1789991855689980000,1789991855.68998
2072,2072,1789991855706647000,1789991855.706647
2073,2073,1789991855723313000,1789991855.723313
2074,2074,1789991855739980000,1789991855.73998
2075,2075,1789991855756647000,1789991855.756647
2076,2076,1789991855773313000,1789991855.773313
2077,2077,1789991855789980000,1789991855.78998
2078,2078,1789991855806647000,1789991855.806647
2079,2079,1789991855823313000,1789991855.823313
2080,2080,1789991855839980000,1789991855.83998
2081,2081,1789991855856647000,1789991855.856647
2082,2082,1789991855873313000,1789991855.873313
2083,2083,1789991855889980000,1789991855.88998
2084,2084,1789991855906647000,1789991855.906647
2085,2085,1789991855923313000,1789991855.923313
2086,2086,1789991855939980000,1789991855.93998
2087,2087,1789991855956647000,1789991855.956647
2088,2088,1789991855973313000,1789991855.973313
2089,2089,1789991855989980000,1789991855.98998
2090,2090,1789991856006647000,1789991856.006647
2091,2091,1789991856023313000,1789991856.023313
2092,2092,1789991856039980000,1789991856.03998
2093,2093,1789991856056647000,1789991856.056647
2094,2094,1789991856073313000,1789991856.073313
2095,2095,1789991856089980000,1789991856.08998
2096,2096,1789991856106647000,1789991856.106647
2097,2097,1789991856123313000,1789991856.123313
2098,2098,1789991856139980000,1789991856.13998
2099,2099,1789991856156647000,1789991856.156647
2100,2100,1789991856173313000,1789991856.173313
2101,2101,1789991856189980000,1789991856.18998
2102,2102,1789991856206647000,1789991856.206647
2103,2103,1789991856223313000,1789991856.223313
2104,2104,1789991856239980000,1789991856.23998
2105,2105,1789991856256647000,1789991856.256647
2106,2106,1789991856273313000,1789991856.273313
2107,2107,1789991856289980000,1789991856.28998
2108,2108,1789991856306647000,1789991856.306647
2109,2109,1789991856323313000,1789991856.323313
2110,2110,1789991856339980000,1789991856.33998
2111,2111,1789991856356647000,1789991856.356647
2112,2112,1789991856373313000,1789991856.373313
2113,2113,1789991856389980000,1789991856.38998
2114,2114,1789991856406647000,1789991856.406647
2115,2115,1789991856423313000,1789991856.423313
2116,2116,1789991856439980000,1789991856.43998
2117,2117,1789991856456647000,1789991856.456647
2118,2118,1789991856473313000,1789991856.473313
2119,2119,1789991856489980000,1789991856.48998
2120,2120,1789991856506647000,1789991856.506647
2121,2121,1789991856523313000,1789991856.523313
2122,2122,1789991856539980000,1789991856.53998
2123,2123,1789991856556647000,1789991856.556647
2124,2124,1789991856573313000,1789991856.573313
2125,2125,1789991856589980000,1789991856.58998
2126,2126,1789991856606647000,1789991856.606647
2127,2127,1789991856623313000,1789991856.623313
2128,2128,1789991856639980000,1789991856.63998
2129,2129,1789991856656647000,1789991856.656647
2130,2130,1789991856673313000,1789991856.673313
2131,2131,1789991856689980000,1789991856.68998
2132,2132,1789991856706647000,1789991856.706647
2133,2133,1789991856723313000,1789991856.723313
2134,2134,1789991856739980000,1789991856.73998
2135,2135,1789991856756647000,1789991856.756647
2136,2136,1789991856773313000,1789991856.773313
2137,2137,1789991856789980000,1789991856.78998
2138,2138,1789991856806647000,1789991856.806647
2139,2139,1789991856823313000,1789991856.823313
2140,2140,1789991856839980000,1789991856.83998
2141,2141,1789991856856647000,1789991856.856647
2142,2142,1789991856873313000,1789991856.873313
2143,2143,1789991856889980000,1789991856.88998
2144,2144,1789991856906647000,1789991856.906647
2145,2145,1789991856923313000,1789991856.923313
2146,2146,1789991856939980000,1789991856.93998
2147,2147,1789991856956647000,1789991856.956647
2148,2148,1789991856973313000,1789991856.973313
2149,2149,1789991856989980000,1789991856.98998
2150,2150,1789991857006647000,1789991857.006647
2151,2151,1789991857023313000,1789991857.023313
2152,2152,1789991857039980000,1789991857.03998
2153,2153,1789991857056647000,1789991857.056647
2154,2154,1789991857073313000,1789991857.073313
2155,2155,1789991857089980000,1789991857.08998
2156,2156,1789991857106647000,1789991857.106647
2157,2157,1789991857123313000,1789991857.123313
2158,2158,1789991857139980000,1789991857.13998
2159,2159,1789991857156647000,1789991857.156647
2160,2160,1789991857173313000,1789991857.173313
2161,2161,1789991857189980000,1789991857.18998
2162,2162,1789991857206647000,1789991857.206647
2163,2163,1789991857223313000,1789991857.223313
2164,2164,1789991857239980000,1789991857.23998
2165,2165,1789991857256647000,1789991857.256647
2166,2166,1789991857273313000,1789991857.273313
2167,2167,1789991857289980000,1789991857.28998
2168,2168,1789991857306647000,1789991857.306647
2169,2169,1789991857323313000,1789991857.323313
2170,2170,1789991857339980000,1789991857.33998
2171,2171,1789991857356647000,1789991857.356647
2172,2172,1789991857373313000,1789991857.373313
2173,2173,1789991857389980000,1789991857.38998
2174,2174,1789991857406647000,1789991857.406647
2175,2175,1789991857423313000,1789991857.423313
2176,2176,1789991857439980000,1789991857.43998
2177,2177,1789991857456647000,1789991857.456647
2178,2178,1789991857473313000,1789991857.473313
2179,2179,1789991857489980000,1789991857.48998
2180,2180,1789991857506647000,1789991857.506647
2181,2181,1789991857523313000,1789991857.523313
2182,2182,1789991857539980000,1789991857.53998
2183,2183,1789991857556647000,1789991857.556647
2184,2184,1789991857573313000,1789991857.573313
2185,2185,1789991857589980000,1789991857.58998
2186,2186,1789991857606647000,1789991857.606647
2187,2187,1789991857623313000,1789991857.623313
2188,2188,1789991857639980000,1789991857.63998
2189,2189,1789991857656647000,1789991857.656647
2190,2190,1789991857673313000,1789991857.673313
2191,2191,1789991857689980000,1789991857.68998
2192,2192,1789991857706647000,1789991857.706647
2193,2193,1789991857723313000,1789991857.723313
2194,2194,1789991857739980000,1789991857.73998
2195,2195,1789991857756647000,1789991857.756647
2196,2196,1789991857773313000,1789991857.773313
2197,2197,1789991857789980000,1789991857.78998
2198,2198,1789991857806647000,1789991857.806647
2199,2199,1789991857823313000,1789991857.823313
2200,2200,1789991857839980000,1789991857.83998
2201,2201,1789991857856647000,1789991857.856647
2202,2202,1789991857873313000,1789991857.873313
2203,2203,1789991857889980000,1789991857.88998
2204,2204,1789991857906647000,1789991857.906647
2205,2205,1789991857923313000,1789991857.923313
2206,2206,1789991857939980000,1789991857.93998
2207,2207,1789991857956647000,1789991857.956647
2208,2208,1789991857973313000,1789991857.973313
2209,2209,1789991857989980000,1789991857.98998
2210,2210,1789991858006647000,1789991858.006647
2211,2211,1789991858023313000,1789991858.023313
2212,2212,1789991858039980000,1789991858.03998
2213,2213,1789991858056647000,1789991858.056647
2214,2214,1789991858073313000,1789991858.073313
2215,2215,1789991858089980000,1789991858.08998
2216,2216,1789991858106647000,1789991858.106647
2217,2217,1789991858123313000,1789991858.123313
2218,2218,1789991858139980000,1789991858.13998
2219,2219,1789991858156647000,1789991858.156647
2220,2220,1789991858173313000,1789991858.173313
2221,2221,1789991858189980000,1789991858.18998
2222,2222,1789991858206647000,1789991858.206647
2223,2223,1789991858223313000,1789991858.223313
2224,2224,1789991858239980000,1789991858.23998
2225,2225,1789991858256647000,1789991858.256647
2226,2226,1789991858273313000,1789991858.273313
2227,2227,1789991858289980000,1789991858.28998
2228,2228,1789991858306647000,1789991858.306647
2229,2229,1789991858323313000,1789991858.323313
2230,2230,1789991858339980000,1789991858.33998
2231,2231,1789991858356647000,1789991858.356647
2232,2232,1789991858373313000,1789991858.373313
2233,2233,1789991858389980000,1789991858.38998
2234,2234,1789991858406647000,1789991858.406647
2235,2235,1789991858423313000,1789991858.423313
2236,2236,1789991858439980000,1789991858.43998
2237,2237,1789991858456647000,1789991858.456647
2238,2238,1789991858473313000,1789991858.473313
2239,2239,1789991858489980000,1789991858.48998
2240,2240,1789991858506647000,1789991858.506647
2241,2241,1789991858523313000,1789991858.523313
2242,2242,1789991858539980000,1789991858.53998
2243,2243,1789991858556647000,1789991858.556647
2244,2244,1789991858573313000,1789991858.573313
2245,2245,1789991858589980000,1789991858.58998
2246,2246,1789991858606647000,1789991858.606647
2247,2247,1789991858623313000,1789991858.623313
2248,2248,1789991858639980000,1789991858.63998
2249,2249,1789991858656647000,1789991858.656647
2250,2250,1789991858673313000,1789991858.673313
2251,2251,1789991858689980000,1789991858.68998
2252,2252,1789991858706647000,1789991858.706647
2253,2253,1789991858723313000,1789991858.723313
2254,2254,1789991858739980000,1789991858.73998
2255,2255,1789991858756647000,1789991858.756647
2256,2256,1789991858773313000,1789991858.773313
2257,2257,1789991858789980000,1789991858.78998
2258,2258,1789991858806647000,1789991858.806647
2259,2259,1789991858823313000,1789991858.823313
2260,2260,1789991858839980000,1789991858.83998
2261,2261,1789991858856647000,1789991858.856647
2262,2262,1789991858873313000,1789991858.873313
2263,2263,1789991858889980000,1789991858.88998
2264,2264,1789991858906647000,1789991858.906647
2265,2265,1789991858923313000,1789991858.923313
2266,2266,1789991858939980000,1789991858.93998
2267,2267,1789991858956647000,1789991858.956647
2268,2268,1789991858973313000,1789991858.973313
2269,2269,1789991858989980000,1789991858.98998
2270,2270,1789991859006647000,1789991859.006647
2271,2271,1789991859023313000,1789991859.023313
2272,2272,1789991859039980000,1789991859.03998
2273,2273,1789991859056647000,1789991859.056647
2274,2274,1789991859073313000,1789991859.073313
2275,2275,1789991859089980000,1789991859.08998
2276,2276,1789991859106647000,1789991859.106647
2277,2277,1789991859123313000,1789991859.123313
2278,2278,1789991859139980000,1789991859.13998
2279,2279,1789991859156647000,1789991859.156647
2280,2280,1789991859173313000,1789991859.173313
2281,2281,1789991859189980000,1789991859.18998
2282,2282,1789991859206647000,1789991859.206647
2283,2283,1789991859223313000,1789991859.223313
2284,2284,1789991859239980000,1789991859.23998
2285,2285,1789991859256647000,1789991859.256647
2286,2286,1789991859273313000,1789991859.273313
2287,2287,1789991859289980000,1789991859.28998
2288,2288,1789991859306647000,1789991859.306647
2289,2289,1789991859323313000,1789991859.323313
2290,2290,1789991859339980000,1789991859.33998
2291,2291,1789991859356647000,1789991859.356647
2292,2292,1789991859373313000,1789991859.373313
2293,2293,1789991859389980000,1789991859.38998
2294,2294,1789991859406647000,1789991859.406647
2295,2295,1789991859423313000,1789991859.423313
2296,2296,1789991859439980000,1789991859.43998
2297,2297,1789991859456647000,1789991859.456647
2298,2298,1789991859473313000,1789991859.473313
2299,2299,1789991859489980000,1789991859.48998
2300,2300,1789991859506647000,1789991859.506647
2301,2301,1789991859523313000,1789991859.523313
2302,2302,1789991859539980000,1789991859.53998
2303,2303,1789991859556647000,1789991859.556647
2304,2304,1789991859573313000,1789991859.573313
2305,2305,1789991859589980000,1789991859.58998
2306,2306,1789991859606647000,1789991859.606647
2307,2307,1789991859623313000,1789991859.623313
2308,2308,1789991859639980000,1789991859.63998
2309,2309,1789991859656647000,1789991859.656647
2310,2310,1789991859673313000,1789991859.673313
2311,2311,1789991859689980000,1789991859.68998
2312,2312,1789991859706647000,1789991859.706647
2313,2313,1789991859723313000,1789991859.723313
2314,2314,1789991859739980000,1789991859.73998
2315,2315,1789991859756647000,1789991859.756647
2316,2316,1789991859773313000,1789991859.773313
2317,2317,1789991859789980000,1789991859.78998
2318,2318,1789991859806647000,1789991859.806647
2319,2319,1789991859823313000,1789991859.823313
2320,2320,1789991859839980000,1789991859.83998
2321,2321,1789991859856647000,1789991859.856647
2322,2322,1789991859873313000,1789991859.873313
2323,2323,1789991859889980000,1789991859.88998
2324,2324,1789991859906647000,1789991859.906647
2325,2325,1789991859923313000,1789991859.923313
2326,2326,1789991859939980000,1789991859.93998
2327,2327,1789991859956647000,1789991859.956647
2328,2328,1789991859973313000,1789991859.973313
2329,2329,1789991860006647000,1789991860.006647
2330,2330,1789991860023313000,1789991860.023313
2331,2331,1789991860039980000,1789991860.03998
2332,2332,1789991860056647000,1789991860.056647
2333,2333,1789991860073313000,1789991860.073313
2334,2334,1789991860089980000,1789991860.08998
2335,2335,1789991860106647000,1789991860.106647
2336,2336,1789991860123313000,1789991860.123313
2337,2337,1789991860139980000,1789991860.13998
2338,2338,1789991860156647000,1789991860.156647
2339,2339,1789991860173313000,1789991860.173313
2340,2340,1789991860189980000,1789991860.18998
2341,2341,1789991860206647000,1789991860.206647
2342,2342,1789991860223313000,1789991860.223313
2343,2343,1789991860239980000,1789991860.23998
2344,2344,1789991860256647000,1789991860.256647
2345,2345,1789991860273313000,1789991860.273313
2346,2346,1789991860289980000,1789991860.28998
2347,2347,1789991860306647000,1789991860.306647
2348,2348,1789991860323313000,1789991860.323313
2349,2349,1789991860339980000,1789991860.33998
2350,2350,1789991860356647000,1789991860.356647
2351,2351,1789991860373313000,1789991860.373313
2352,2352,1789991860389980000,1789991860.38998
2353,2353,1789991860406647000,1789991860.406647
2354,2354,1789991860423313000,1789991860.423313
2355,2355,1789991860439980000,1789991860.43998
2356,2356,1789991860456647000,1789991860.456647
2357,2357,1789991860473313000,1789991860.473313
2358,2358,1789991860489980000,1789991860.48998
2359,2359,1789991860506647000,1789991860.506647
2360,2360,1789991860523313000,1789991860.523313
2361,2361,1789991860539980000,1789991860.53998
2362,2362,1789991860556647000,1789991860.556647
2363,2363,1789991860573313000,1789991860.573313
2364,2364,1789991860589980000,1789991860.58998
2365,2365,1789991860606647000,1789991860.606647
2366,2366,1789991860623313000,1789991860.623313
2367,2367,1789991860639980000,1789991860.63998
2368,2368,1789991860656647000,1789991860.656647
2369,2369,1789991860673313000,1789991860.673313
2370,2370,1789991860689980000,1789991860.68998
2371,2371,1789991860706647000,1789991860.706647
2372,2372,1789991860723313000,1789991860.723313
2373,2373,1789991860739980000,1789991860.73998
2374,2374,1789991860756647000,1789991860.756647
2375,2375,1789991860773313000,1789991860.773313
2376,2376,1789991860789980000,1789991860.78998
2377,2377,1789991860806647000,1789991860.806647
2378,2378,1789991860823313000,1789991860.823313
2379,2379,1789991860839980000,1789991860.83998
2380,2380,1789991860856647000,1789991860.856647
2381,2381,1789991860873313000,1789991860.873313
2382,2382,1789991860889980000,1789991860.88998
2383,2383,1789991860906647000,1789991860.906647
2384,2384,1789991860923313000,1789991860.923313
2385,2385,1789991860939980000,1789991860.93998
2386,2386,1789991860956647000,1789991860.956647
2387,2387,1789991860973313000,1789991860.973313
2388,2388,1789991860989980000,1789991860.98998
2389,2389,1789991861006647000,1789991861.006647
2390,2390,1789991861023313000,1789991861.023313
2391,2391,1789991861039980000,1789991861.03998
2392,2392,1789991861056647000,1789991861.056647
2393,2393,1789991861073313000,1789991861.073313
2394,2394,1789991861089980000,1789991861.08998
2395,2395,1789991861106647000,1789991861.106647
2396,2396,1789991861123313000,1789991861.123313
2397,2397,1789991861139980000,1789991861.13998
2398,2398,1789991861156647000,1789991861.156647
2399,2399,1789991861173313000,1789991861.173313
2400,2400,1789991861189980000,1789991861.18998
2401,2401,1789991861206647000,1789991861.206647
2402,2402,1789991861223313000,1789991861.223313
2403,2403,1789991861239980000,1789991861.23998
2404,2404,1789991861256647000,1789991861.256647
2405,2405,1789991861273313000,1789991861.273313
2406,2406,1789991861289980000,1789991861.28998
2407,2407,1789991861306647000,1789991861.306647
2408,2408,1789991861323313000,1789991861.323313
2409,2409,1789991861339980000,1789991861.33998
2410,2410,1789991861356647000,1789991861.356647
2411,2411,1789991861373313000,1789991861.373313
2412,2412,1789991861389980000,1789991861.38998
2413,2413,1789991861406647000,1789991861.406647
2414,2414,1789991861423313000,1789991861.423313
2415,2415,1789991861439980000,1789991861.43998
2416,2416,1789991861456647000,1789991861.456647
2417,2417,1789991861473313000,1789991861.473313
2418,2418,1789991861489980000,1789991861.48998
2419,2419,1789991861506647000,1789991861.506647
2420,2420,1789991861523313000,1789991861.523313
2421,2421,1789991861539980000,1789991861.53998
2422,2422,1789991861556647000,1789991861.556647
2423,2423,1789991861573313000,1789991861.573313
2424,2424,1789991861589980000,1789991861.58998
2425,2425,1789991861606647000,1789991861.606647
2426,2426,1789991861623313000,1789991861.623313
2427,2427,1789991861639980000,1789991861.63998
2428,2428,1789991861656647000,1789991861.656647
2429,2429,1789991861673313000,1789991861.673313
2430,2430,1789991861689980000,1789991861.68998
2431,2431,1789991861706647000,1789991861.706647
2432,2432,1789991861723313000,1789991861.723313
2433,2433,1789991861739980000,1789991861.73998
2434,2434,1789991861756647000,1789991861.756647
2435,2435,1789991861773313000,1789991861.773313
2436,2436,1789991861789980000,1789991861.78998
2437,2437,1789991861806647000,1789991861.806647
2438,2438,1789991861823313000,1789991861.823313
2439,2439,1789991861839980000,1789991861.83998
2440,2440,1789991861856647000,1789991861.856647
2441,2441,1789991861873313000,1789991861.873313
2442,2442,1789991861889980000,1789991861.88998
2443,2443,1789991861906647000,1789991861.906647
2444,2444,1789991861923313000,1789991861.923313
2445,2445,1789991861939980000,1789991861.93998
2446,2446,1789991861956647000,1789991861.956647
2447,2447,1789991861973313000,1789991861.973313
2448,2448,1789991861989980000,1789991861.98998
2449,2449,1789991862006647000,1789991862.006647
2450,2450,1789991862023313000,1789991862.023313
2451,2451,1789991862039980000,1789991862.03998
2452,2452,1789991862056647000,1789991862.056647
2453,2453,1789991862073313000,1789991862.073313
2454,2454,1789991862089980000,1789991862.08998
2455,2455,1789991862106647000,1789991862.106647
2456,2456,1789991862123313000,1789991862.123313
2457,2457,1789991862139980000,1789991862.13998
2458,2458,1789991862156647000,1789991862.156647
2459,2459,1789991862173313000,1789991862.173313
2460,2460,1789991862189980000,1789991862.18998
2461,2461,1789991862206647000,1789991862.206647
2462,2462,1789991862223313000,1789991862.223313
2463,2463,1789991862239980000,1789991862.23998
2464,2464,1789991862256647000,1789991862.256647
2465,2465,1789991862273313000,1789991862.273313
2466,2466,1789991862289980000,1789991862.28998
2467,2467,1789991862306647000,1789991862.306647
2468,2468,1789991862323313000,1789991862.323313
2469,2469,1789991862339980000,1789991862.33998
2470,2470,1789991862356647000,1789991862.356647
2471,2471,1789991862373313000,1789991862.373313
2472,2472,1789991862389980000,1789991862.38998
2473,2473,1789991862406647000,1789991862.406647
2474,2474,1789991862423313000,1789991862.423313
2475,2475,1789991862439980000,1789991862.43998
2476,2476,1789991862456647000,1789991862.456647
2477,2477,1789991862473313000,1789991862.473313
2478,2478,1789991862489980000,1789991862.48998
2479,2479,1789991862506647000,1789991862.506647
2480,2480,1789991862523313000,1789991862.523313
2481,2481,1789991862539980000,1789991862.53998
2482,2482,1789991862556647000,1789991862.556647
2483,2483,1789991862573313000,1789991862.573313
2484,2484,1789991862589980000,1789991862.58998
2485,2485,1789991862606647000,1789991862.606647
2486,2486,1789991862623313000,1789991862.623313
2487,2487,1789991862639980000,1789991862.63998
2488,2488,1789991862656647000,1789991862.656647
2489,2489,1789991862673313000,1789991862.673313
2490,2490,1789991862689980000,1789991862.68998
2491,2491,1789991862706647000,1789991862.706647
2492,2492,1789991862723313000,1789991862.723313
2493,2493,1789991862739980000,1789991862.73998
2494,2494,1789991862756647000,1789991862.756647
2495,2495,1789991862773313000,1789991862.773313
2496,2496,1789991862789980000,1789991862.78998
2497,2497,1789991862806647000,1789991862.806647
2498,2498,1789991862823313000,1789991862.823313
2499,2499,1789991862839980000,1789991862.83998
2500,2500,1789991862856647000,1789991862.856647
2501,2501,1789991862873313000,1789991862.873313
2502,2502,1789991862906647000,1789991862.906647
2503,2503,1789991862923313000,1789991862.923313
2504,2504,1789991862939980000,1789991862.93998
2505,2505,1789991862956647000,1789991862.956647
2506,2506,1789991862973313000,1789991862.973313
2507,2507,1789991862989980000,1789991862.98998
2508,2508,1789991863006647000,1789991863.006647
2509,2509,1789991863023313000,1789991863.023313
2510,2510,1789991863039980000,1789991863.03998
2511,2511,1789991863056647000,1789991863.056647
2512,2512,1789991863073313000,1789991863.073313
2513,2513,1789991863089980000,1789991863.08998
2514,2514,1789991863106647000,1789991863.106647
2515,2515,1789991863123313000,1789991863.123313
2516,2516,1789991863139980000,1789991863.13998
2517,2517,1789991863156647000,1789991863.156647
2518,2518,1789991863173313000,1789991863.173313
2519,2519,1789991863189980000,1789991863.18998
2520,2520,1789991863206647000,1789991863.206647
2521,2521,1789991863223313000,1789991863.223313
2522,2522,1789991863239980000,1789991863.23998
2523,2523,1789991863256647000,1789991863.256647
2524,2524,1789991863273313000,1789991863.273313
2525,2525,1789991863289980000,1789991863.28998
2526,2526,1789991863306647000,1789991863.306647
2527,2527,1789991863323313000,1789991863.323313
2528,2528,1789991863339980000,1789991863.33998
2529,2529,1789991863356647000,1789991863.356647
2530,2530,1789991863373313000,1789991863.373313
2531,2531,1789991863389980000,1789991863.38998
2532,2532,1789991863406647000,1789991863.406647
2533,2533,1789991863423313000,1789991863.423313
2534,2534,1789991863439980000,1789991863.43998
2535,2535,1789991863456647000,1789991863.456647
2536,2536,1789991863473313000,1789991863.473313
2537,2537,1789991863489980000,1789991863.48998
2538,2538,1789991863506647000,1789991863.506647
2539,2539,1789991863523313000,1789991863.523313
2540,2540,1789991863539980000,1789991863.53998
2541,2541,1789991863556647000,1789991863.556647
2542,2542,1789991863573313000,1789991863.573313
2543,2543,1789991863589980000,1789991863.58998
2544,2544,1789991863606647000,1789991863.606647
2545,2545,1789991863623313000,1789991863.623313
2546,2546,1789991863639980000,1789991863.63998
2547,2547,1789991863656647000,1789991863.656647
2548,2548,1789991863673313000,1789991863.673313
2549,2549,1789991863689980000,1789991863.68998
2550,2550,1789991863706647000,1789991863.706647
2551,2551,1789991863723313000,1789991863.723313
2552,2552,1789991863739980000,1789991863.73998
2553,2553,1789991863756647000,1789991863.756647
2554,2554,1789991863773313000,1789991863.773313
2555,2555,1789991863789980000,1789991863.78998
2556,2556,1789991863806647000,1789991863.806647
2557,2557,1789991863823313000,1789991863.823313
2558,2558,1789991863839980000,1789991863.83998
2559,2559,1789991863856647000,1789991863.856647
2560,2560,1789991863873313000,1789991863.873313
2561,2561,1789991863889980000,1789991863.88998
2562,2562,1789991863906647000,1789991863.906647
2563,2563,1789991863923313000,1789991863.923313
2564,2564,1789991863939980000,1789991863.93998
2565,2565,1789991863956647000,1789991863.956647
2566,2566,1789991863973313000,1789991863.973313
2567,2567,1789991863989980000,1789991863.98998
2568,2568,1789991864006647000,1789991864.006647
2569,2569,1789991864023313000,1789991864.023313
2570,2570,1789991864039980000,1789991864.03998
2571,2571,1789991864056647000,1789991864.056647
2572,2572,1789991864073313000,1789991864.073313
2573,2573,1789991864089980000,1789991864.08998
2574,2574,1789991864106647000,1789991864.106647
2575,2575,1789991864123313000,1789991864.123313
2576,2576,1789991864139980000,1789991864.13998
2577,2577,1789991864156647000,1789991864.156647
2578,2578,1789991864173313000,1789991864.173313
2579,2579,1789991864189980000,1789991864.18998
2580,2580,1789991864206647000,1789991864.206647
2581,2581,1789991864223313000,1789991864.223313
2582,2582,1789991864239980000,1789991864.23998
2583,2583,1789991864256647000,1789991864.256647
2584,2584,1789991864273313000,1789991864.273313
2585,2585,1789991864289980000,1789991864.28998
2586,2586,1789991864306647000,1789991864.306647
2587,2587,1789991864323313000,1789991864.323313
2588,2588,1789991864339980000,1789991864.33998
2589,2589,1789991864356647000,1789991864.356647
2590,2590,1789991864373313000,1789991864.373313
2591,2591,1789991864389980000,1789991864.38998
2592,2592,1789991864406647000,1789991864.406647
2593,2593,1789991864423313000,1789991864.423313
2594,2594,1789991864439980000,1789991864.43998
2595,2595,1789991864456647000,1789991864.456647
2596,2596,1789991864473313000,1789991864.473313
2597,2597,1789991864489980000,1789991864.48998
2598,2598,1789991864506647000,1789991864.506647
2599,2599,1789991864523313000,1789991864.523313
2600,2600,1789991864539980000,1789991864.53998
2601,2601,1789991864556647000,1789991864.556647
2602,2602,1789991864573313000,1789991864.573313
2603,2603,1789991864589980000,1789991864.58998
2604,2604,1789991864606647000,1789991864.606647
2605,2605,1789991864623313000,1789991864.623313
2606,2606,1789991864639980000,1789991864.63998
2607,2607,1789991864656647000,1789991864.656647
2608,2608,1789991864673313000,1789991864.673313
2609,2609,1789991864689980000,1789991864.68998
2610,2610,1789991864706647000,1789991864.706647
2611,2611,1789991864723313000,1789991864.723313
2612,2612,1789991864739980000,1789991864.73998
2613,2613,1789991864756647000,1789991864.756647
2614,2614,1789991864773313000,1789991864.773313
2615,2615,1789991864789980000,1789991864.78998
2616,2616,1789991864806647000,1789991864.806647
2617,2617,1789991864823313000,1789991864.823313
2618,2618,1789991864839980000,1789991864.83998
2619,2619,1789991864856647000,1789991864.856647
2620,2620,1789991864873313000,1789991864.873313
2621,2621,1789991864889980000,1789991864.88998
2622,2622,1789991864906647000,1789991864.906647
2623,2623,1789991864923313000,1789991864.923313
2624,2624,1789991864939980000,1789991864.93998
2625,2625,1789991864956647000,1789991864.956647
2626,2626,1789991864973313000,1789991864.973313
2627,2627,1789991864989980000,1789991864.98998
2628,2628,1789991865006647000,1789991865.006647
2629,2629,1789991865023313000,1789991865.023313
2630,2630,1789991865039980000,1789991865.03998
2631,2631,1789991865056647000,1789991865.056647
2632,2632,1789991865073313000,1789991865.073313
2633,2633,1789991865089980000,1789991865.08998
2634,2634,1789991865106647000,1789991865.106647
2635,2635,1789991865123313000,1789991865.123313
2636,2636,1789991865139980000,1789991865.13998
2637,2637,1789991865156647000,1789991865.156647
2638,2638,1789991865173313000,1789991865.173313
2639,2639,1789991865189980000,1789991865.18998
2640,2640,1789991865206647000,1789991865.206647
2641,2641,1789991865223313000,1789991865.223313
2642,2642,1789991865239980000,1789991865.23998
2643,2643,1789991865256647000,1789991865.256647
2644,2644,1789991865273313000,1789991865.273313
2645,2645,1789991865289980000,1789991865.28998
2646,2646,1789991865306647000,1789991865.306647
2647,2647,1789991865323313000,1789991865.323313
2648,2648,1789991865339980000,1789991865.33998
2649,2649,1789991865356647000,1789991865.356647
2650,2650,1789991865373313000,1789991865.373313
2651,2651,1789991865389980000,1789991865.38998
2652,2652,1789991865406647000,1789991865.406647
2653,2653,1789991865423313000,1789991865.423313
2654,2654,1789991865439980000,1789991865.43998
2655,2655,1789991865456647000,1789991865.456647
2656,2656,1789991865473313000,1789991865.473313
2657,2657,1789991865489980000,1789991865.48998
2658,2658,1789991865506647000,1789991865.506647
2659,2659,1789991865523313000,1789991865.523313
2660,2660,1789991865539980000,1789991865.53998
2661,2661,1789991865556647000,1789991865.556647
2662,2662,1789991865573313000,1789991865.573313
2663,2663,1789991865589980000,1789991865.58998
2664,2664,1789991865606647000,1789991865.606647
2665,2665,1789991865623313000,1789991865.623313
2666,2666,1789991865639980000,1789991865.63998
2667,2667,1789991865656647000,1789991865.656647
2668,2668,1789991865673313000,1789991865.673313
2669,2669,1789991865689980000,1789991865.68998
2670,2670,1789991865706647000,1789991865.706647
2671,2671,1789991865723313000,1789991865.723313
2672,2672,1789991865739980000,1789991865.73998
2673,2673,1789991865756647000,1789991865.756647
2674,2674,1789991865773313000,1789991865.773313
2675,2675,1789991865789980000,1789991865.78998
2676,2676,1789991865806647000,1789991865.806647
2677,2677,1789991865823313000,1789991865.823313
2678,2678,1789991865839980000,1789991865.83998
2679,2679,1789991865856647000,1789991865.856647
2680,2680,1789991865873313000,1789991865.873313
2681,2681,1789991865889980000,1789991865.88998
2682,2682,1789991865906647000,1789991865.906647
2683,2683,1789991865923313000,1789991865.923313
2684,2684,1789991865939980000,1789991865.93998
2685,2685,1789991865956647000,1789991865.956647
2686,2686,1789991865973313000,1789991865.973313
2687,2687,1789991865989980000,1789991865.98998
2688,2688,1789991866006647000,1789991866.006647
2689,2689,1789991866023313000,1789991866.023313
2690,2690,1789991866039980000,1789991866.03998
2691,2691,1789991866056647000,1789991866.056647
2692,2692,1789991866073313000,1789991866.073313
2693,2693,1789991866089980000,1789991866.08998
2694,2694,1789991866106647000,1789991866.106647
2695,2695,1789991866123313000,1789991866.123313
2696,2696,1789991866139980000,1789991866.13998
2697,2697,1789991866156647000,1789991866.156647
2698,2698,1789991866173313000,1789991866.173313
2699,2699,1789991866189980000,1789991866.18998
2700,2700,1789991866206647000,1789991866.206647
2701,2701,1789991866223313000,1789991866.223313
2702,2702,1789991866239980000,1789991866.23998
2703,2703,1789991866256647000,1789991866.256647
2704,2704,1789991866273313000,1789991866.273313
2705,2705,1789991866289980000,1789991866.28998
2706,2706,1789991866306647000,1789991866.306647
2707,2707,1789991866323313000,1789991866.323313
2708,2708,1789991866339980000,1789991866.33998
2709,2709,1789991866356647000,1789991866.356647
2710,2710,1789991866373313000,1789991866.373313
2711,2711,1789991866389980000,1789991866.38998
2712,2712,1789991866406647000,1789991866.406647
2713,2713,1789991866423313000,1789991866.423313
2714,2714,1789991866439980000,1789991866.43998
2715,2715,1789991866456647000,1789991866.456647
2716,2716,1789991866473313000,1789991866.473313
2717,2717,1789991866489980000,1789991866.48998
2718,2718,1789991866506647000,1789991866.506647
2719,2719,1789991866523313000,1789991866.523313
2720,2720,1789991866539980000,1789991866.53998
2721,2721,1789991866556647000,1789991866.556647
2722,2722,1789991866573313000,1789991866.573313
2723,2723,1789991866589980000,1789991866.58998
2724,2724,1789991866606647000,1789991866.606647
2725,2725,1789991866623313000,1789991866.623313
2726,2726,1789991866639980000,1789991866.63998
2727,2727,1789991866656647000,1789991866.656647
2728,2728,1789991866673313000,1789991866.673313
2729,2729,1789991866689980000,1789991866.68998
2730,2730,1789991866706647000,1789991866.706647
2731,2731,1789991866723313000,1789991866.723313
2732,2732,1789991866739980000,1789991866.73998
2733,2733,1789991866756647000,1789991866.756647
2734,2734,1789991866773313000,1789991866.773313
2735,2735,1789991866789980000,1789991866.78998
2736,2736,1789991866806647000,1789991866.806647
2737,2737,1789991866823313000,1789991866.823313
2738,2738,1789991866839980000,1789991866.83998
2739,2739,1789991866856647000,1789991866.856647
2740,2740,1789991866873313000,1789991866.873313
2741,2741,1789991866889980000,1789991866.88998
2742,2742,1789991866906647000,1789991866.906647
2743,2743,1789991866923313000,1789991866.923313
2744,2744,1789991866939980000,1789991866.93998
2745,2745,1789991866956647000,1789991866.956647
2746,2746,1789991866973313000,1789991866.973313
2747,2747,1789991866989980000,1789991866.98998
2748,2748,1789991867006647000,1789991867.006647
2749,2749,1789991867023313000,1789991867.023313
2750,2750,1789991867039980000,1789991867.03998
2751,2751,1789991867056647000,1789991867.056647
2752,2752,1789991867073313000,1789991867.073313
2753,2753,1789991867089980000,1789991867.08998
2754,2754,1789991867106647000,1789991867.106647
2755,2755,1789991867123313000,1789991867.123313
2756,2756,1789991867139980000,1789991867.13998
2757,2757,1789991867156647000,1789991867.156647
2758,2758,1789991867173313000,1789991867.173313
2759,2759,1789991867189980000,1789991867.18998
2760,2760,1789991867206647000,1789991867.206647
2761,2761,1789991867223313000,1789991867.223313
2762,2762,1789991867239980000,1789991867.23998
2763,2763,1789991867256647000,1789991867.256647
2764,2764,1789991867273313000,1789991867.273313
2765,2765,1789991867289980000,1789991867.28998
2766,2766,1789991867306647000,1789991867.306647
2767,2767,1789991867323313000,1789991867.323313
2768,2768,1789991867339980000,1789991867.33998
2769,2769,1789991867356647000,1789991867.356647
2770,2770,1789991867373313000,1789991867.373313
2771,2771,1789991867389980000,1789991867.38998
2772,2772,1789991867406647000,1789991867.406647
2773,2773,1789991867423313000,1789991867.423313
2774,2774,1789991867439980000,1789991867.43998
2775,2775,1789991867456647000,1789991867.456647
2776,2776,1789991867473313000,1789991867.473313
2777,2777,1789991867489980000,1789991867.48998
2778,2778,1789991867506647000,1789991867.506647
2779,2779,1789991867523313000,1789991867.523313
2780,2780,1789991867539980000,1789991867.53998
2781,2781,1789991867556647000,1789991867.556647
2782,2782,1789991867573313000,1789991867.573313
2783,2783,1789991867589980000,1789991867.58998
2784,2784,1789991867606647000,1789991867.606647
2785,2785,1789991867623313000,1789991867.623313
2786,2786,1789991867639980000,1789991867.63998
2787,2787,1789991867656647000,1789991867.656647
2788,2788,1789991867673313000,1789991867.673313
2789,2789,1789991867689980000,1789991867.68998
2790,2790,1789991867706647000,1789991867.706647
2791,2791,1789991867723313000,1789991867.723313
2792,2792,1789991867739980000,1789991867.73998
2793,2793,1789991867756647000,1789991867.756647
2794,2794,1789991867773313000,1789991867.773313
2795,2795,1789991867789980000,1789991867.78998
2796,2796,1789991867806647000,1789991867.806647
2797,2797,1789991867823313000,1789991867.823313
2798,2798,1789991867839980000,1789991867.83998
2799,2799,1789991867856647000,1789991867.856647
2800,2800,1789991867873313000,1789991867.873313
2801,2801,1789991867889980000,1789991867.88998
2802,2802,1789991867906647000,1789991867.906647
2803,2803,1789991867923313000,1789991867.923313
2804,2804,1789991867939980000,1789991867.93998
2805,2805,1789991867956647000,1789991867.956647
2806,2806,1789991867973313000,1789991867.973313
2807,2807,1789991867989980000,1789991867.98998
2808,2808,1789991868006647000,1789991868.006647
2809,2809,1789991868023313000,1789991868.023313
2810,2810,1789991868039980000,1789991868.03998
2811,2811,1789991868056647000,1789991868.056647
2812,2812,1789991868073313000,1789991868.073313
2813,2813,1789991868089980000,1789991868.08998
2814,2814,1789991868106647000,1789991868.106647
2815,2815,1789991868123313000,1789991868.123313
2816,2816,1789991868139980000,1789991868.13998
2817,2817,1789991868156647000,1789991868.156647
2818,2818,1789991868173313000,1789991868.173313
2819,2819,1789991868189980000,1789991868.18998
2820,2820,1789991868206647000,1789991868.206647
2821,2821,1789991868223313000,1789991868.223313
2822,2822,1789991868239980000,1789991868.23998
2823,2823,1789991868256647000,1789991868.256647
2824,2824,1789991868273313000,1789991868.273313
2825,2825,1789991868289980000,1789991868.28998
2826,2826,1789991868306647000,1789991868.306647
2827,2827,1789991868323313000,1789991868.323313
2828,2828,1789991868339980000,1789991868.33998
2829,2829,1789991868356647000,1789991868.356647
2830,2830,1789991868373313000,1789991868.373313
2831,2831,1789991868389980000,1789991868.38998
2832,2832,1789991868406647000,1789991868.406647
2833,2833,1789991868423313000,1789991868.423313
2834,2834,1789991868439980000,1789991868.43998
2835,2835,1789991868456647000,1789991868.456647
2836,2836,1789991868473313000,1789991868.473313
2837,2837,1789991868489980000,1789991868.48998
2838,2838,1789991868506647000,1789991868.506647
2839,2839,1789991868523313000,1789991868.523313
2840,2840,1789991868539980000,1789991868.53998
2841,2841,1789991868556647000,1789991868.556647
2842,2842,1789991868573313000,1789991868.573313
2843,2843,1789991868589980000,1789991868.58998
2844,2844,1789991868606647000,1789991868.606647
2845,2845,1789991868623313000,1789991868.623313
2846,2846,1789991868639980000,1789991868.63998
2847,2847,1789991868656647000,1789991868.656647
2848,2848,1789991868673313000,1789991868.673313
2849,2849,1789991868689980000,1789991868.68998
2850,2850,1789991868706647000,1789991868.706647
2851,2851,1789991868723313000,1789991868.723313
2852,2852,1789991868739980000,1789991868.73998
2853,2853,1789991868756647000,1789991868.756647
2854,2854,1789991868773313000,1789991868.773313
2855,2855,1789991868789980000,1789991868.78998
2856,2856,1789991868806647000,1789991868.806647
2857,2857,1789991868823313000,1789991868.823313
2858,2858,1789991868839980000,1789991868.83998
2859,2859,1789991868856647000,1789991868.856647
2860,2860,1789991868873313000,1789991868.873313
2861,2861,1789991868889980000,1789991868.88998
2862,2862,1789991868906647000,1789991868.906647
2863,2863,1789991868923313000,1789991868.923313
2864,2864,1789991868939980000,1789991868.93998
2865,2865,1789991868956647000,1789991868.956647
2866,2866,1789991868973313000,1789991868.973313
2867,2867,1789991868989980000,1789991868.98998
2868,2868,1789991869006647000,1789991869.006647
2869,2869,1789991869023313000,1789991869.023313
2870,2870,1789991869039980000,1789991869.03998
2871,2871,1789991869056647000,1789991869.056647
2872,2872,1789991869073313000,1789991869.073313
2873,2873,1789991869089980000,1789991869.08998
2874,2874,1789991869106647000,1789991869.106647
2875,2875,1789991869123313000,1789991869.123313
2876,2876,1789991869139980000,1789991869.13998
2877,2877,1789991869156647000,1789991869.156647
2878,2878,1789991869173313000,1789991869.173313
2879,2879,1789991869189980000,1789991869.18998
2880,2880,1789991869206647000,1789991869.206647
2881,2881,1789991869223313000,1789991869.223313
2882,2882,1789991869239980000,1789991869.23998
2883,2883,1789991869256647000,1789991869.256647
2884,2884,1789991869273313000,1789991869.273313
2885,2885,1789991869289980000,1789991869.28998
2886,2886,1789991869306647000,1789991869.306647
2887,2887,1789991869323313000,1789991869.323313
2888,2888,1789991869339980000,1789991869.33998
2889,2889,1789991869356647000,1789991869.356647
2890,2890,1789991869373313000,1789991869.373313
2891,2891,1789991869389980000,1789991869.38998
2892,2892,1789991869406647000,1789991869.406647
2893,2893,1789991869423313000,1789991869.423313
2894,2894,1789991869439980000,1789991869.43998
2895,2895,1789991869456647000,1789991869.456647
2896,2896,1789991869473313000,1789991869.473313
2897,2897,1789991869489980000,1789991869.48998
2898,2898,1789991869506647000,1789991869.506647
2899,2899,1789991869523313000,1789991869.523313
2900,2900,1789991869539980000,1789991869.53998
2901,2901,1789991869556647000,1789991869.556647
2902,2902,1789991869573313000,1789991869.573313
2903,2903,1789991869589980000,1789991869.58998
2904,2904,1789991869606647000,1789991869.606647
2905,2905,1789991869623313000,1789991869.623313
2906,2906,1789991869639980000,1789991869.63998
2907,2907,1789991869656647000,1789991869.656647
2908,2908,1789991869673313000,1789991869.673313
2909,2909,1789991869689980000,1789991869.68998
2910,2910,1789991869706647000,1789991869.706647
2911,2911,1789991869723313000,1789991869.723313
2912,2912,1789991869739980000,1789991869.73998
2913,2913,1789991869756647000,1789991869.756647
2914,2914,1789991869773313000,1789991869.773313
2915,2915,1789991869789980000,1789991869.78998
2916,2916,1789991869806647000,1789991869.806647
2917,2917,1789991869823313000,1789991869.823313
2918,2918,1789991869839980000,1789991869.83998
2919,2919,1789991869856647000,1789991869.856647
2920,2920,1789991869873313000,1789991869.873313
2921,2921,1789991869889980000,1789991869.88998
2922,2922,1789991869906647000,1789991869.906647
2923,2923,1789991869923313000,1789991869.923313
2924,2924,1789991869939980000,1789991869.93998
2925,2925,1789991869956647000,1789991869.956647
2926,2926,1789991869973313000,1789991869.973313
2927,2927,1789991869989980000,1789991869.98998
2928,2928,1789991870006647000,1789991870.006647
2929,2929,1789991870023313000,1789991870.023313
2930,2930,1789991870039980000,1789991870.03998
2931,2931,1789991870056647000,1789991870.056647
2932,2932,1789991870073313000,1789991870.073313
2933,2933,1789991870089980000,1789991870.08998
2934,2934,1789991870106647000,1789991870.106647
2935,2935,1789991870123313000,1789991870.123313
2936,2936,1789991870139980000,1789991870.13998
2937,2937,1789991870156647000,1789991870.156647
2938,2938,1789991870173313000,1789991870.173313
2939,2939,1789991870189980000,1789991870.18998
2940,2940,1789991870206647000,1789991870.206647
2941,2941,1789991870223313000,1789991870.223313
2942,2942,1789991870239980000,1789991870.23998
2943,2943,1789991870256647000,1789991870.256647
2944,2944,1789991870273313000,1789991870.273313
2945,2945,1789991870289980000,1789991870.28998
2946,2946,1789991870306647000,1789991870.306647
2947,2947,1789991870323313000,1789991870.323313
2948,2948,1789991870339980000,1789991870.33998
2949,2949,1789991870356647000,1789991870.356647
2950,2950,1789991870373313000,1789991870.373313
2951,2951,1789991870389980000,1789991870.38998
2952,2952,1789991870406647000,1789991870.406647
2953,2953,1789991870423313000,1789991870.423313
2954,2954,1789991870439980000,1789991870.43998
2955,2955,1789991870456647000,1789991870.456647
2956,2956,1789991870473313000,1789991870.473313
2957,2957,1789991870489980000,1789991870.48998
2958,2958,1789991870506647000,1789991870.506647
2959,2959,1789991870523313000,1789991870.523313
2960,2960,1789991870539980000,1789991870.53998
2961,2961,1789991870556647000,1789991870.556647
2962,2962,1789991870573313000,1789991870.573313
2963,2963,1789991870589980000,1789991870.58998
2964,2964,1789991870606647000,1789991870.606647
2965,2965,1789991870623313000,1789991870.623313
2966,2966,1789991870639980000,1789991870.63998
2967,2967,1789991870656647000,1789991870.656647
2968,2968,1789991870673313000,1789991870.673313
2969,2969,1789991870689980000,1789991870.68998
2970,2970,1789991870706647000,1789991870.706647
2971,2971,1789991870723313000,1789991870.723313
2972,2972,1789991870739980000,1789991870.73998
2973,2973,1789991870756647000,1789991870.756647
2974,2974,1789991870773313000,1789991870.773313
2975,2975,1789991870789980000,1789991870.78998
2976,2976,1789991870806647000,1789991870.806647
2977,2977,1789991870823313000,1789991870.823313
2978,2978,1789991870839980000,1789991870.83998
2979,2979,1789991870856647000,1789991870.856647
2980,2980,1789991870873313000,1789991870.873313
2981,2981,1789991870889980000,1789991870.88998
2982,2982,1789991870906647000,1789991870.906647
2983,2983,1789991870923313000,1789991870.923313
2984,2984,1789991870939980000,1789991870.93998
2985,2985,1789991870956647000,1789991870.956647
2986,2986,1789991870973313000,1789991870.973313
2987,2987,1789991870989980000,1789991870.98998
2988,2988,1789991871006647000,1789991871.006647
2989,2989,1789991871023313000,1789991871.023313
2990,2990,1789991871039980000,1789991871.03998
2991,2991,1789991871056647000,1789991871.056647
2992,2992,1789991871073313000,1789991871.073313
2993,2993,1789991871089980000,1789991871.08998
2994,2994,1789991871106647000,1789991871.106647
2995,2995,1789991871123313000,1789991871.123313
2996,2996,1789991871139980000,1789991871.13998
2997,2997,1789991871156647000,1789991871.156647
2998,2998,1789991871173313000,1789991871.173313
2999,2999,1789991871189980000,1789991871.18998
3000,3000,1789991871206647000,1789991871.206647
3001,3001,1789991871223313000,1789991871.223313
3002,3002,1789991871239980000,1789991871.23998
3003,3003,1789991871256647000,1789991871.256647
3004,3004,1789991871273313000,1789991871.273313
3005,3005,1789991871289980000,1789991871.28998
3006,3006,1789991871306647000,1789991871.306647
3007,3007,1789991871323313000,1789991871.323313
3008,3008,1789991871339980000,1789991871.33998
3009,3009,1789991871356647000,1789991871.356647
3010,3010,1789991871373313000,1789991871.373313
3011,3011,1789991871389980000,1789991871.38998
3012,3012,1789991871406647000,1789991871.406647
3013,3013,1789991871423313000,1789991871.423313
3014,3014,1789991871439980000,1789991871.43998
3015,3015,1789991871456647000,1789991871.456647
3016,3016,1789991871473313000,1789991871.473313
3017,3017,1789991871489980000,1789991871.48998
3018,3018,1789991871506647000,1789991871.506647
3019,3019,1789991871523313000,1789991871.523313
3020,3020,1789991871539980000,1789991871.53998
3021,3021,1789991871556647000,1789991871.556647
3022,3022,1789991871573313000,1789991871.573313
3023,3023,1789991871589980000,1789991871.58998
3024,3024,1789991871606647000,1789991871.606647
3025,3025,1789991871623313000,1789991871.623313
3026,3026,1789991871639980000,1789991871.63998
3027,3027,1789991871656647000,1789991871.656647
3028,3028,1789991871673313000,1789991871.673313
3029,3029,1789991871689980000,1789991871.68998
3030,3030,1789991871706647000,1789991871.706647
3031,3031,1789991871723313000,1789991871.723313
3032,3032,1789991871739980000,1789991871.73998
3033,3033,1789991871756647000,1789991871.756647
3034,3034,1789991871773313000,1789991871.773313
3035,3035,1789991871789980000,1789991871.78998
3036,3036,1789991871806647000,1789991871.806647
3037,3037,1789991871823313000,1789991871.823313
3038,3038,1789991871839980000,1789991871.83998
3039,3039,1789991871856647000,1789991871.856647
3040,3040,1789991871873313000,1789991871.873313
3041,3041,1789991871889980000,1789991871.88998
3042,3042,1789991871906647000,1789991871.906647
3043,3043,1789991871923313000,1789991871.923313
3044,3044,1789991871939980000,1789991871.93998
3045,3045,1789991871956647000,1789991871.956647
3046,3046,1789991871973313000,1789991871.973313
3047,3047,1789991871989980000,1789991871.98998
3048,3048,1789991872006647000,1789991872.006647
3049,3049,1789991872023313000,1789991872.023313
3050,3050,1789991872039980000,1789991872.03998
3051,3051,1789991872056647000,1789991872.056647
3052,3052,1789991872073313000,1789991872.073313
3053,3053,1789991872089980000,1789991872.08998
3054,3054,1789991872106647000,1789991872.106647
3055,3055,1789991872123313000,1789991872.123313
3056,3056,1789991872139980000,1789991872.13998
3057,3057,1789991872156647000,1789991872.156647
3058,3058,1789991872173313000,1789991872.173313
3059,3059,1789991872189980000,1789991872.18998
3060,3060,1789991872206647000,1789991872.206647
3061,3061,1789991872223313000,1789991872.223313
3062,3062,1789991872239980000,1789991872.23998
3063,3063,1789991872256647000,1789991872.256647
3064,3064,1789991872273313000,1789991872.273313
3065,3065,1789991872289980000,1789991872.28998
3066,3066,1789991872306647000,1789991872.306647
3067,3067,1789991872323313000,1789991872.323313
3068,3068,1789991872339980000,1789991872.33998
3069,3069,1789991872356647000,1789991872.356647
3070,3070,1789991872373313000,1789991872.373313
3071,3071,1789991872389980000,1789991872.38998
3072,3072,1789991872406647000,1789991872.406647
3073,3073,1789991872423313000,1789991872.423313
3074,3074,1789991872439980000,1789991872.43998
3075,3075,1789991872456647000,1789991872.456647
3076,3076,1789991872473313000,1789991872.473313
3077,3077,1789991872489980000,1789991872.48998
3078,3078,1789991872506647000,1789991872.506647
3079,3079,1789991872523313000,1789991872.523313
3080,3080,1789991872539980000,1789991872.53998
3081,3081,1789991872556647000,1789991872.556647
3082,3082,1789991872573313000,1789991872.573313
3083,3083,1789991872589980000,1789991872.58998
3084,3084,1789991872606647000,1789991872.606647
3085,3085,1789991872623313000,1789991872.623313
3086,3086,1789991872639980000,1789991872.63998
3087,3087,1789991872656647000,1789991872.656647
3088,3088,1789991872673313000,1789991872.673313
3089,3089,1789991872689980000,1789991872.68998
3090,3090,1789991872706647000,1789991872.706647
3091,3091,1789991872723313000,1789991872.723313
3092,3092,1789991872739980000,1789991872.73998
3093,3093,1789991872756647000,1789991872.756647
3094,3094,1789991872773313000,1789991872.773313
3095,3095,1789991872789980000,1789991872.78998
3096,3096,1789991872806647000,1789991872.806647
3097,3097,1789991872823313000,1789991872.823313
3098,3098,1789991872839980000,1789991872.83998
3099,3099,1789991872856647000,1789991872.856647
3100,3100,1789991872873313000,1789991872.873313
3101,3101,1789991872889980000,1789991872.88998
3102,3102,1789991872906647000,1789991872.906647
3103,3103,1789991872923313000,1789991872.923313
3104,3104,1789991872939980000,1789991872.93998
3105,3105,1789991872956647000,1789991872.956647
3106,3106,1789991872973313000,1789991872.973313
3107,3107,1789991872989980000,1789991872.98998
3108,3108,1789991873006647000,1789991873.006647
3109,3109,1789991873023313000,1789991873.023313
3110,3110,1789991873039980000,1789991873.03998
3111,3111,1789991873056647000,1789991873.056647
3112,3112,1789991873073313000,1789991873.073313
3113,3113,1789991873089980000,1789991873.08998
3114,3114,1789991873106647000,1789991873.106647
3115,3115,1789991873123313000,1789991873.123313
3116,3116,1789991873139980000,1789991873.13998
3117,3117,1789991873156647000,1789991873.156647
3118,3118,1789991873173313000,1789991873.173313
3119,3119,1789991873189980000,1789991873.18998
3120,3120,1789991873206647000,1789991873.206647
3121,3121,1789991873223313000,1789991873.223313
3122,3122,1789991873239980000,1789991873.23998
3123,3123,1789991873256647000,1789991873.256647
3124,3124,1789991873273313000,1789991873.273313
3125,3125,1789991873289980000,1789991873.28998
3126,3126,1789991873306647000,1789991873.306647
3127,3127,1789991873323313000,1789991873.323313
3128,3128,1789991873339980000,1789991873.33998
3129,3129,1789991873356647000,1789991873.356647
3130,3130,1789991873373313000,1789991873.373313
3131,3131,1789991873389980000,1789991873.38998
3132,3132,1789991873406647000,1789991873.406647
3133,3133,1789991873423313000,1789991873.423313
3134,3134,1789991873439980000,1789991873.43998
3135,3135,1789991873456647000,1789991873.456647
3136,3136,1789991873473313000,1789991873.473313
3137,3137,1789991873489980000,1789991873.48998
3138,3138,1789991873506647000,1789991873.506647
3139,3139,1789991873523313000,1789991873.523313
3140,3140,1789991873539980000,1789991873.53998
3141,3141,1789991873556647000,1789991873.556647
3142,3142,1789991873573313000,1789991873.573313
3143,3143,1789991873589980000,1789991873.58998
3144,3144,1789991873606647000,1789991873.606647
3145,3145,1789991873623313000,1789991873.623313
3146,3146,1789991873639980000,1789991873.63998
3147,3147,1789991873656647000,1789991873.656647
3148,3148,1789991873673313000,1789991873.673313
3149,3149,1789991873689980000,1789991873.68998
3150,3150,1789991873706647000,1789991873.706647
3151,3151,1789991873723313000,1789991873.723313
3152,3152,1789991873739980000,1789991873.73998
3153,3153,1789991873756647000,1789991873.756647
3154,3154,1789991873773313000,1789991873.773313
3155,3155,1789991873789980000,1789991873.78998
3156,3156,1789991873806647000,1789991873.806647
3157,3157,1789991873823313000,1789991873.823313
3158,3158,1789991873839980000,1789991873.83998
3159,3159,1789991873856647000,1789991873.856647
3160,3160,1789991873873313000,1789991873.873313
3161,3161,1789991873889980000,1789991873.88998
3162,3162,1789991873906647000,1789991873.906647
3163,3163,1789991873923313000,1789991873.923313
3164,3164,1789991873939980000,1789991873.93998
3165,3165,1789991873956647000,1789991873.956647
3166,3166,1789991873973313000,1789991873.973313
3167,3167,1789991873989980000,1789991873.98998
3168,3168,1789991874006647000,1789991874.006647
3169,3169,1789991874023313000,1789991874.023313
3170,3170,1789991874039980000,1789991874.03998
3171,3171,1789991874056647000,1789991874.056647
3172,3172,1789991874073313000,1789991874.073313
3173,3173,1789991874089980000,1789991874.08998
3174,3174,1789991874106647000,1789991874.106647
3175,3175,1789991874123313000,1789991874.123313
3176,3176,1789991874139980000,1789991874.13998
3177,3177,1789991874156647000,1789991874.156647
3178,3178,1789991874173313000,1789991874.173313
3179,3179,1789991874189980000,1789991874.18998
3180,3180,1789991874206647000,1789991874.206647
3181,3181,1789991874223313000,1789991874.223313
3182,3182,1789991874239980000,1789991874.23998
3183,3183,1789991874256647000,1789991874.256647
3184,3184,1789991874273313000,1789991874.273313
3185,3185,1789991874289980000,1789991874.28998
3186,3186,1789991874306647000,1789991874.306647
3187,3187,1789991874323313000,1789991874.323313
3188,3188,1789991874339980000,1789991874.33998
3189,3189,1789991874356647000,1789991874.356647
3190,3190,1789991874373313000,1789991874.373313
3191,3191,1789991874389980000,1789991874.38998
3192,3192,1789991874406647000,1789991874.406647
3193,3193,1789991874423313000,1789991874.423313
3194,3194,1789991874439980000,1789991874.43998
3195,3195,1789991874456647000,1789991874.456647
3196,3196,1789991874473313000,1789991874.473313
3197,3197,1789991874489980000,1789991874.48998
3198,3198,1789991874506647000,1789991874.506647
3199,3199,1789991874523313000,1789991874.523313
3200,3200,1789991874539980000,1789991874.53998
3201,3201,1789991874556647000,1789991874.556647
3202,3202,1789991874573313000,1789991874.573313
3203,3203,1789991874589980000,1789991874.58998
3204,3204,1789991874606647000,1789991874.606647
3205,3205,1789991874623313000,1789991874.623313
3206,3206,1789991874639980000,1789991874.63998
3207,3207,1789991874656647000,1789991874.656647
3208,3208,1789991874673313000,1789991874.673313
3209,3209,1789991874689980000,1789991874.68998
3210,3210,1789991874706647000,1789991874.706647
3211,3211,1789991874723313000,1789991874.723313
3212,3212,1789991874739980000,1789991874.73998
3213,3213,1789991874756647000,1789991874.756647
3214,3214,1789991874773313000,1789991874.773313
3215,3215,1789991874789980000,1789991874.78998
3216,3216,1789991874806647000,1789991874.806647
3217,3217,1789991874823313000,1789991874.823313
3218,3218,1789991874839980000,1789991874.83998
3219,3219,1789991874856647000,1789991874.856647
3220,3220,1789991874873313000,1789991874.873313
3221,3221,1789991874889980000,1789991874.88998
3222,3222,1789991874906647000,1789991874.906647
3223,3223,1789991874923313000,1789991874.923313
3224,3224,1789991874939980000,1789991874.93998
3225,3225,1789991874956647000,1789991874.956647
3226,3226,1789991874973313000,1789991874.973313
3227,3227,1789991874989980000,1789991874.98998
3228,3228,1789991875006647000,1789991875.006647
3229,3229,1789991875023313000,1789991875.023313
3230,3230,1789991875039980000,1789991875.03998
3231,3231,1789991875056647000,1789991875.056647
3232,3232,1789991875073313000,1789991875.073313
3233,3233,1789991875089980000,1789991875.08998
3234,3234,1789991875106647000,1789991875.106647
3235,3235,1789991875123313000,1789991875.123313
3236,3236,1789991875139980000,1789991875.13998
3237,3237,1789991875156647000,1789991875.156647
3238,3238,1789991875173313000,1789991875.173313
3239,3239,1789991875189980000,1789991875.18998
3240,3240,1789991875206647000,1789991875.206647
3241,3241,1789991875223313000,1789991875.223313
3242,3242,1789991875239980000,1789991875.23998
3243,3243,1789991875256647000,1789991875.256647
3244,3244,1789991875273313000,1789991875.273313
3245,3245,1789991875289980000,1789991875.28998
3246,3246,1789991875306647000,1789991875.306647
3247,3247,1789991875323313000,1789991875.323313
3248,3248,1789991875339980000,1789991875.33998
3249,3249,1789991875356647000,1789991875.356647
3250,3250,1789991875373313000,1789991875.373313
3251,3251,1789991875389980000,1789991875.38998
3252,3252,1789991875406647000,1789991875.406647
3253,3253,1789991875423313000,1789991875.423313
3254,3254,1789991875439980000,1789991875.43998
3255,3255,1789991875456647000,1789991875.456647
3256,3256,1789991875473313000,1789991875.473313
3257,3257,1789991875489980000,1789991875.48998
3258,3258,1789991875506647000,1789991875.506647
3259,3259,1789991875523313000,1789991875.523313
3260,3260,1789991875539980000,1789991875.53998
3261,3261,1789991875556647000,1789991875.556647
3262,3262,1789991875573313000,1789991875.573313
3263,3263,1789991875589980000,1789991875.58998
3264,3264,1789991875606647000,1789991875.606647
3265,3265,1789991875623313000,1789991875.623313
3266,3266,1789991875639980000,1789991875.63998
3267,3267,1789991875656647000,1789991875.656647
3268,3268,1789991875673313000,1789991875.673313
3269,3269,1789991875689980000,1789991875.68998
3270,3270,1789991875706647000,1789991875.706647
3271,3271,1789991875723313000,1789991875.723313
3272,3272,1789991875739980000,1789991875.73998
3273,3273,1789991875756647000,1789991875.756647
3274,3274,1789991875773313000,1789991875.773313
3275,3275,1789991875789980000,1789991875.78998
3276,3276,1789991875806647000,1789991875.806647
3277,3277,1789991875823313000,1789991875.823313
3278,3278,1789991875839980000,1789991875.83998
3279,3279,1789991875856647000,1789991875.856647
3280,3280,1789991875873313000,1789991875.873313
3281,3281,1789991875889980000,1789991875.88998
3282,3282,1789991875906647000,1789991875.906647
3283,3283,1789991875923313000,1789991875.923313
3284,3284,1789991875939980000,1789991875.93998
3285,3285,1789991875956647000,1789991875.956647
3286,3286,1789991875973313000,1789991875.973313
3287,3287,1789991875989980000,1789991875.98998
3288,3288,1789991876006647000,1789991876.006647
3289,3289,1789991876023313000,1789991876.023313
3290,3290,1789991876039980000,1789991876.03998
3291,3291,1789991876056647000,1789991876.056647
3292,3292,1789991876073313000,1789991876.073313
3293,3293,1789991876089980000,1789991876.08998
3294,3294,1789991876106647000,1789991876.106647
3295,3295,1789991876123313000,1789991876.123313
3296,3296,1789991876139980000,1789991876.13998
3297,3297,1789991876156647000,1789991876.156647
3298,3298,1789991876173313000,1789991876.173313
3299,3299,1789991876189980000,1789991876.18998
3300,3300,1789991876206647000,1789991876.206647
3301,3301,1789991876223313000,1789991876.223313
3302,3302,1789991876239980000,1789991876.23998
3303,3303,1789991876256647000,1789991876.256647
3304,3304,1789991876273313000,1789991876.273313
3305,3305,1789991876289980000,1789991876.28998
3306,3306,1789991876306647000,1789991876.306647
3307,3307,1789991876323313000,1789991876.323313
3308,3308,1789991876339980000,1789991876.33998
3309,3309,1789991876356647000,1789991876.356647
3310,3310,1789991876373313000,1789991876.373313
3311,3311,1789991876389980000,1789991876.38998
3312,3312,1789991876406647000,1789991876.406647
3313,3313,1789991876423313000,1789991876.423313
3314,3314,1789991876439980000,1789991876.43998
3315,3315,1789991876456647000,1789991876.456647
3316,3316,1789991876473313000,1789991876.473313
3317,3317,1789991876489980000,1789991876.48998
3318,3318,1789991876506647000,1789991876.506647
3319,3319,1789991876523313000,1789991876.523313
3320,3320,1789991876539980000,1789991876.53998
3321,3321,1789991876556647000,1789991876.556647
3322,3322,1789991876573313000,1789991876.573313
3323,3323,1789991876589980000,1789991876.58998
3324,3324,1789991876606647000,1789991876.606647
3325,3325,1789991876623313000,1789991876.623313
3326,3326,1789991876639980000,1789991876.63998
3327,3327,1789991876656647000,1789991876.656647
3328,3328,1789991876673313000,1789991876.673313
3329,3329,1789991876689980000,1789991876.68998
3330,3330,1789991876706647000,1789991876.706647
3331,3331,1789991876723313000,1789991876.723313
3332,3332,1789991876739980000,1789991876.73998
3333,3333,1789991876756647000,1789991876.756647
3334,3334,1789991876773313000,1789991876.773313
3335,3335,1789991876789980000,1789991876.78998
3336,3336,1789991876806647000,1789991876.806647
3337,3337,1789991876823313000,1789991876.823313
3338,3338,1789991876839980000,1789991876.83998
3339,3339,1789991876856647000,1789991876.856647
3340,3340,1789991876873313000,1789991876.873313
3341,3341,1789991876889980000,1789991876.88998
3342,3342,1789991876906647000,1789991876.906647
3343,3343,1789991876923313000,1789991876.923313
3344,3344,1789991876939980000,1789991876.93998
3345,3345,1789991876956647000,1789991876.956647
3346,3346,1789991876973313000,1789991876.973313
3347,3347,1789991876989980000,1789991876.98998
3348,3348,1789991877006647000,1789991877.006647
3349,3349,1789991877023313000,1789991877.023313
3350,3350,1789991877039980000,1789991877.03998
3351,3351,1789991877056647000,1789991877.056647
3352,3352,1789991877073313000,1789991877.073313
3353,3353,1789991877089980000,1789991877.08998
3354,3354,1789991877106647000,1789991877.106647
3355,3355,1789991877123313000,1789991877.123313
3356,3356,1789991877139980000,1789991877.13998
3357,3357,1789991877156647000,1789991877.156647
3358,3358,1789991877173313000,1789991877.173313
3359,3359,1789991877189980000,1789991877.18998
3360,3360,1789991877206647000,1789991877.206647
3361,3361,1789991877223313000,1789991877.223313
3362,3362,1789991877239980000,1789991877.23998
3363,3363,1789991877256647000,1789991877.256647
3364,3364,1789991877273313000,1789991877.273313
3365,3365,1789991877289980000,1789991877.28998
3366,3366,1789991877306647000,1789991877.306647
3367,3367,1789991877323313000,1789991877.323313
3368,3368,1789991877339980000,1789991877.33998
3369,3369,1789991877356647000,1789991877.356647
3370,3370,1789991877373313000,1789991877.373313
3371,3371,1789991877389980000,1789991877.38998
3372,3372,1789991877406647000,1789991877.406647
3373,3373,1789991877423313000,1789991877.423313
3374,3374,1789991877439980000,1789991877.43998
3375,3375,1789991877456647000,1789991877.456647
3376,3376,1789991877473313000,1789991877.473313
3377,3377,1789991877489980000,1789991877.48998
3378,3378,1789991877506647000,1789991877.506647
3379,3379,1789991877523313000,1789991877.523313
3380,3380,1789991877539980000,1789991877.53998
3381,3381,1789991877556647000,1789991877.556647
3382,3382,1789991877573313000,1789991877.573313
3383,3383,1789991877589980000,1789991877.58998
3384,3384,1789991877606647000,1789991877.606647
3385,3385,1789991877623313000,1789991877.623313
3386,3386,1789991877639980000,1789991877.63998
3387,3387,1789991877656647000,1789991877.656647
3388,3388,1789991877673313000,1789991877.673313
3389,3389,1789991877689980000,1789991877.68998
3390,3390,1789991877706647000,1789991877.706647
3391,3391,1789991877723313000,1789991877.723313
3392,3392,1789991877739980000,1789991877.73998
3393,3393,1789991877756647000,1789991877.756647
3394,3394,1789991877773313000,1789991877.773313
3395,3395,1789991877789980000,1789991877.78998
3396,3396,1789991877806647000,1789991877.806647
3397,3397,1789991877823313000,1789991877.823313
3398,3398,1789991877839980000,1789991877.83998
3399,3399,1789991877856647000,1789991877.856647
3400,3400,1789991877873313000,1789991877.873313
3401,3401,1789991877889980000,1789991877.88998
3402,3402,1789991877906647000,1789991877.906647
3403,3403,1789991877923313000,1789991877.923313
3404,3404,1789991877939980000,1789991877.93998
3405,3405,1789991877956647000,1789991877.956647
3406,3406,1789991877973313000,1789991877.973313
3407,3407,1789991877989980000,1789991877.98998
3408,3408,1789991878006647000,1789991878.006647
3409,3409,1789991878023313000,1789991878.023313
3410,3410,1789991878039980000,1789991878.03998
3411,3411,1789991878056647000,1789991878.056647
3412,3412,1789991878073313000,1789991878.073313
3413,3413,1789991878089980000,1789991878.08998
3414,3414,1789991878106647000,1789991878.106647
3415,3415,1789991878123313000,1789991878.123313
3416,3416,1789991878139980000,1789991878.13998
3417,3417,1789991878156647000,1789991878.156647
3418,3418,1789991878173313000,1789991878.173313
3419,3419,1789991878189980000,1789991878.18998
3420,3420,1789991878206647000,1789991878.206647
3421,3421,1789991878223313000,1789991878.223313
3422,3422,1789991878239980000,1789991878.23998
3423,3423,1789991878256647000,1789991878.256647
3424,3424,1789991878273313000,1789991878.273313
3425,3425,1789991878289980000,1789991878.28998
3426,3426,1789991878306647000,1789991878.306647
3427,3427,1789991878323313000,1789991878.323313
3428,3428,1789991878339980000,1789991878.33998
3429,3429,1789991878356647000,1789991878.356647
3430,3430,1789991878373313000,1789991878.373313
3431,3431,1789991878389980000,1789991878.38998
3432,3432,1789991878406647000,1789991878.406647
3433,3433,1789991878423313000,1789991878.423313
3434,3434,1789991878439980000,1789991878.43998
3435,3435,1789991878456647000,1789991878.456647
3436,3436,1789991878473313000,1789991878.473313
3437,3437,1789991878489980000,1789991878.48998
3438,3438,1789991878506647000,1789991878.506647
3439,3439,1789991878523313000,1789991878.523313
3440,3440,1789991878539980000,1789991878.53998
3441,3441,1789991878556647000,1789991878.556647
3442,3442,1789991878573313000,1789991878.573313
3443,3443,1789991878589980000,1789991878.58998
3444,3444,1789991878606647000,1789991878.606647
3445,3445,1789991878623313000,1789991878.623313
3446,3446,1789991878639980000,1789991878.63998
3447,3447,1789991878656647000,1789991878.656647
3448,3448,1789991878673313000,1789991878.673313
3449,3449,1789991878689980000,1789991878.68998
3450,3450,1789991878706647000,1789991878.706647
3451,3451,1789991878723313000,1789991878.723313
3452,3452,1789991878739980000,1789991878.73998
3453,3453,1789991878756647000,1789991878.756647
3454,3454,1789991878773313000,1789991878.773313
3455,3455,1789991878789980000,1789991878.78998
3456,3456,1789991878806647000,1789991878.806647
3457,3457,1789991878823313000,1789991878.823313
3458,3458,1789991878839980000,1789991878.83998
3459,3459,1789991878856647000,1789991878.856647
3460,3460,1789991878873313000,1789991878.873313
3461,3461,1789991878889980000,1789991878.88998
3462,3462,1789991878906647000,1789991878.906647
3463,3463,1789991878923313000,1789991878.923313
3464,3464,1789991878939980000,1789991878.93998
3465,3465,1789991878956647000,1789991878.956647
3466,3466,1789991878973313000,1789991878.973313
3467,3467,1789991878989980000,1789991878.98998
3468,3468,1789991879006647000,1789991879.006647
3469,3469,1789991879023313000,1789991879.023313
3470,3470,1789991879039980000,1789991879.03998
3471,3471,1789991879056647000,1789991879.056647
3472,3472,1789991879073313000,1789991879.073313
3473,3473,1789991879089980000,1789991879.08998
3474,3474,1789991879106647000,1789991879.106647
3475,3475,1789991879123313000,1789991879.123313
3476,3476,1789991879139980000,1789991879.13998
3477,3477,1789991879156647000,1789991879.156647
3478,3478,1789991879173313000,1789991879.173313
3479,3479,1789991879189980000,1789991879.18998
3480,3480,1789991879206647000,1789991879.206647
3481,3481,1789991879223313000,1789991879.223313
3482,3482,1789991879239980000,1789991879.23998
3483,3483,1789991879256647000,1789991879.256647
3484,3484,1789991879273313000,1789991879.273313
3485,3485,1789991879289980000,1789991879.28998
3486,3486,1789991879306647000,1789991879.306647
3487,3487,1789991879323313000,1789991879.323313
3488,3488,1789991879339980000,1789991879.33998
3489,3489,1789991879356647000,1789991879.356647
3490,3490,1789991879373313000,1789991879.373313
3491,3491,1789991879389980000,1789991879.38998
3492,3492,1789991879406647000,1789991879.406647
3493,3493,1789991879423313000,1789991879.423313
3494,3494,1789991879439980000,1789991879.43998
3495,3495,1789991879456647000,1789991879.456647
3496,3496,1789991879473313000,1789991879.473313
3497,3497,1789991879489980000,1789991879.48998
3498,3498,1789991879506647000,1789991879.506647
3499,3499,1789991879523313000,1789991879.523313
3500,3500,1789991879539980000,1789991879.53998
3501,3501,1789991879556647000,1789991879.556647
3502,3502,1789991879573313000,1789991879.573313
3503,3503,1789991879589980000,1789991879.58998
3504,3504,1789991879606647000,1789991879.606647
3505,3505,1789991879623313000,1789991879.623313
3506,3506,1789991879639980000,1789991879.63998
3507,3507,1789991879656647000,1789991879.656647
3508,3508,1789991879673313000,1789991879.673313
3509,3509,1789991879689980000,1789991879.68998
3510,3510,1789991879706647000,1789991879.706647
3511,3511,1789991879723313000,1789991879.723313
3512,3512,1789991879739980000,1789991879.73998
3513,3513,1789991879756647000,1789991879.756647
3514,3514,1789991879773313000,1789991879.773313
3515,3515,1789991879789980000,1789991879.78998
3516,3516,1789991879806647000,1789991879.806647
3517,3517,1789991879823313000,1789991879.823313
3518,3518,1789991879839980000,1789991879.83998
3519,3519,1789991879856647000,1789991879.856647
3520,3520,1789991879873313000,1789991879.873313
3521,3521,1789991879889980000,1789991879.88998
3522,3522,1789991879906647000,1789991879.906647
3523,3523,1789991879923313000,1789991879.923313
3524,3524,1789991879939980000,1789991879.93998
3525,3525,1789991879956647000,1789991879.956647
3526,3526,1789991879973313000,1789991879.973313
3527,3527,1789991879989980000,1789991879.98998
3528,3528,1789991880006647000,1789991880.006647
3529,3529,1789991880023313000,1789991880.023313
3530,3530,1789991880039980000,1789991880.03998
3531,3531,1789991880056647000,1789991880.056647
3532,3532,1789991880073313000,1789991880.073313
3533,3533,1789991880089980000,1789991880.08998
3534,3534,1789991880106647000,1789991880.106647
3535,3535,1789991880123313000,1789991880.123313
3536,3536,1789991880139980000,1789991880.13998
3537,3537,1789991880156647000,1789991880.156647
3538,3538,1789991880173313000,1789991880.173313
3539,3539,1789991880189980000,1789991880.18998
3540,3540,1789991880206647000,1789991880.206647
3541,3541,1789991880223313000,1789991880.223313
3542,3542,1789991880239980000,1789991880.23998
3543,3543,1789991880256647000,1789991880.256647
3544,3544,1789991880273313000,1789991880.273313
3545,3545,1789991880289980000,1789991880.28998
3546,3546,1789991880306647000,1789991880.306647
3547,3547,1789991880323313000,1789991880.323313
3548,3548,1789991880339980000,1789991880.33998
3549,3549,1789991880356647000,1789991880.356647
3550,3550,1789991880373313000,1789991880.373313
3551,3551,1789991880389980000,1789991880.38998
3552,3552,1789991880406647000,1789991880.406647
3553,3553,1789991880423313000,1789991880.423313
3554,3554,1789991880439980000,1789991880.43998
3555,3555,1789991880456647000,1789991880.456647
3556,3556,1789991880473313000,1789991880.473313
3557,3557,1789991880489980000,1789991880.48998
3558,3558,1789991880506647000,1789991880.506647
3559,3559,1789991880523313000,1789991880.523313
3560,3560,1789991880539980000,1789991880.53998
3561,3561,1789991880556647000,1789991880.556647
3562,3562,1789991880573313000,1789991880.573313
3563,3563,1789991880589980000,1789991880.58998
3564,3564,1789991880606647000,1789991880.606647
3565,3565,1789991880623313000,1789991880.623313
3566,3566,1789991880639980000,1789991880.63998
3567,3567,1789991880656647000,1789991880.656647
3568,3568,1789991880673313000,1789991880.673313
3569,3569,1789991880689980000,1789991880.68998
3570,3570,1789991880706647000,1789991880.706647
3571,3571,1789991880723313000,1789991880.723313
3572,3572,1789991880739980000,1789991880.73998
3573,3573,1789991880756647000,1789991880.756647
3574,3574,1789991880773313000,1789991880.773313
3575,3575,1789991880789980000,1789991880.78998
3576,3576,1789991880806647000,1789991880.806647
3577,3577,1789991880823313000,1789991880.823313
3578,3578,1789991880839980000,1789991880.83998
3579,3579,1789991880856647000,1789991880.856647
3580,3580,1789991880873313000,1789991880.873313
3581,3581,1789991880889980000,1789991880.88998
3582,3582,1789991880906647000,1789991880.906647
3583,3583,1789991880923313000,1789991880.923313
3584,3584,1789991880939980000,1789991880.93998
3585,3585,1789991880956647000,1789991880.956647
3586,3586,1789991880973313000,1789991880.973313
3587,3587,1789991880989980000,1789991880.98998
3588,3588,1789991881006647000,1789991881.006647
3589,3589,1789991881023313000,1789991881.023313
3590,3590,1789991881039980000,1789991881.03998
3591,3591,1789991881056647000,1789991881.056647
3592,3592,1789991881073313000,1789991881.073313
3593,3593,1789991881089980000,1789991881.08998
3594,3594,1789991881106647000,1789991881.106647
3595,3595,1789991881123313000,1789991881.123313
3596,3596,1789991881139980000,1789991881.13998
3597,3597,1789991881156647000,1789991881.156647
3598,3598,1789991881173313000,1789991881.173313
3599,3599,1789991881189980000,1789991881.18998
3600,3600,1789991881206647000,1789991881.206647
3601,3601,1789991881223313000,1789991881.223313
3602,3602,1789991881239980000,1789991881.23998
3603,3603,1789991881256647000,1789991881.256647
3604,3604,1789991881273313000,1789991881.273313
3605,3605,1789991881289980000,1789991881.28998
3606,3606,1789991881306647000,1789991881.306647
3607,3607,1789991881323313000,1789991881.323313
3608,3608,1789991881339980000,1789991881.33998
